time,micro_id,macro_dominant,macro_weights_sum_sq,closure_coherence,integration,differentiation,path_coherence,dominant_subsystem,env_x,env_y,goal_prox,hazard_prox,perc_range,perc_focus,perc_mode,n_visible,heading_x,heading_y,speed,conflict_angle,clarity,curvature,inner_outer_ratio,force_mag_0,force_mag_1,force_mag_2,force_mag_3,force_mag_4,force_mag_5,force_mag_6,force_mag_7,clarity_decomp_0,clarity_decomp_1,clarity_decomp_2,clarity_decomp_3,clarity_decomp_4,clarity_decomp_5,clarity_decomp_6,clarity_decomp_7,clarity_rate,clarity_persistence,clarity_grad_mag,u_dim0,u_dim1,u_dim2,u_dim3,resultant_dir_0,resultant_dir_1,resultant_dir_2,resultant_dir_3
0,405,22,0.11085221222412958,0.7977820064735528,0.9437296501465705,0.792159848481324,0.0,Emotion,9.496682282390061,11.234535576682198,0.1353352832366127,0.0301973834223185,4.858102677611412,0.6351089213386275,internal,1,-0.3775276789688256,0.9259983000051412,1.3331942150167493,1.0146009400022928,0.27471813313296384,0.0,0.6240550879001568,0.8758540058950117,0.8300416176976126,0.8792555076170359,0.8779637951377608,0.6774298715992029,0.6821791023595212,0.999998587960841,0.9999962960328482,0.030201218852655923,0.1384939093001864,0.018996730657171144,0.04253332730123572,0.0758307344644778,-0.03607175310465131,0.019083023654947073,-0.01434905799305888,0.0,0.0,1.1149648479569652,-0.32027876911128045,0.7855784151637654,-0.36591366085982036,-0.3826163045163631,0.27848842621416303,0.8206097395703734,0.237566472442567,0.43886902711195946
1,371,4,0.10075667672050662,0.8042731200826766,0.8139579423045737,0.8159264400975471,0.0,Planning,9.263446866404303,12.660253192070085,0.09683614861064997,0.01616427590180891,4.195481965158923,0.5678314131614541,internal,0,-0.16144553695434155,0.9868816233964053,1.4446693317494397,1.3277619420182794,0.2640040857962299,0.3141850898792284,0.3297495672349679,0.9473233386785203,0.6187621039513235,0.9306488006323013,0.9239073333350986,0.6233297135261415,0.5805454212792209,0.999930252990003,0.9990280355430226,0.046299326951317464,0.11759316567157586,0.03182474655185488,0.0530702638013101,0.017805336925615922,-0.010740055785194005,0.011772688504146468,-0.003621386824396771,-0.010714047336733923,0.0,2.568347448894917,-0.15332472836729222,0.9372408782084771,-0.207321131745875,-0.23471044335045993,0.4759641485345194,0.6143659791951489,0.3704547637559216,0.5087001483466858
2,307,4,0.10269467285488909,0.8043068055276422,0.8455763596439348,0.8225990555714555,0.0,Emotion,9.26550657603468,14.1584535843069,0.06612277681830264,0.010396376517440097,3.24392679047525,0.46429731034532196,internal,0,0.0013747878418535764,0.9999990549787484,1.4982018080693629,1.641321892981908,0.2199935675607372,0.30886570203170727,0.05724905396760017,0.9881758584386323,0.34868254709211804,0.9782729411938016,0.9720653304590459,0.6366579277631867,0.5873575483335894,0.9998124388091056,0.998342718024278,0.05280087938795285,0.059126614088584106,0.04010255337222586,0.07731625661614909,-0.01474411305875698,0.00402791373571618,0.02347329703520193,-0.02210983361633586,-0.04401051823549271,-0.10984406618662552,3.0955798910532124,0.0013725404487594313,0.9983643365866504,-0.04832795468091012,-0.030514854759226478,0.45282330734143417,0.3447187791146842,0.4300899978968535,0.700815674313247
3,235,4,0.10248356605054752,0.7835850152268935,0.8422892458003203,0.8208114443548213,0.941485065745255,Planning,9.490713904654363,15.621274587098451,0.053937139358327994,0.016888432082311285,2.2899677280854607,0.3213603983314585,internal,0,0.15216143066331175,0.9883556541136871,1.4800552783839183,1.4898105578042942,0.17649842142906846,0.287404034366076,0.19306414826587948,0.9999990580658957,0.05717194676826467,0.99883152170406,0.9995343133781852,0.7092275158769193,0.672471272802702,0.9999206702196015,0.9997457661842117,0.06803616371760964,0.007156417357985927,0.05737213768616096,0.07260037297846762,-0.058164967825353416,0.0227543838410292,0.015547431666482939,-0.008803517993314415,-0.043495146131668744,0.3541867055521294,2.851071017923486,0.14940250577668948,0.9704352192237071,0.11162987331900702,0.15320942510404065,0.5648420828184837,0.04322982445522595,0.49139105874561095,0.6615281030611738
4,222,17,0.10178117550870648,0.7823194038128978,0.8310756709914522,0.8127233737532651,0.9486559424222966,Planning,9.90945052780189,16.966717520375074,0.08812171641712951,0.03258578440796774,2.669779239914042,0.40724659757282844,internal,0,0.2971664402152632,0.954825694464591,1.4090979548168385,0.7505926042048539,0.10415094041133433,0.26204066857805386,0.4339121833376879,0.9887764615024092,0.2413616921870348,0.9937498534005218,0.9881937419301074,0.8142190337888091,0.7944977542745512,0.9995676917644893,0.9999963768346726,0.05902506873786124,-0.042125234647818706,0.062049062249943616,0.06622360743139113,-0.08450929391562094,0.050076059925727896,0.0023066630547786014,-0.008894992424928496,-0.07234748101773414,0.4681539082022877,2.8705125457759166,0.27260913369220213,0.8759205959007147,0.26410302765815763,0.2978203161076951,0.5011149187129312,-0.23825589724036111,0.5738183374137416,0.6023707175164247
5,188,17,0.10589669023470294,0.7818609740169185,0.8907362274014763,0.7988379417584897,0.9526990859983154,Planning,10.445280681844592,18.188790507272227,0.11043862743419797,0.05464824003314559,3.584618165948946,0.5084742212753866,internal,0,0.40155667639780557,0.9158341747501826,1.3343823812105566,0.7010855867509669,0.07860014503013692,0.18006165394240867,0.6212192423676792,0.9621248665018928,0.4824552770281706,0.9644944734869133,0.9546219448240171,0.9044377458643003,0.9015761908190045,0.9997157457089673,0.9998410864403654,0.019848523388141134,-0.06713087431263906,-0.0034198584777930738,0.13252194587911717,-0.05099222301173922,0.018135404534373987,0.07882456526841795,-0.049187338237742,-0.025550795381197408,0.6751213809865437,0.6188467288866519,0.34109771225779856,0.7779448336337095,0.3793912194334461,0.3667648689994587,0.15038205479381392,-0.35076095212934477,-0.03352610161518725,0.9237034115817663
6,209,20,0.11160117112384799,0.7788906824808409,0.9500401159275144,0.7854638216745159,0.9549998642198421,Planning,11.063545671170301,19.313450669532333,0.10441873039433362,0.08928823606473499,4.276347316600677,0.5567354082996211,internal,0,0.4817404105558062,0.8763139716092192,1.283398643290871,2.103291243940053,0.06309638802254267,0.1121947100325888,0.741957188044691,0.9400278444629045,0.6283325741347658,0.9252363480419951,0.9303136719287302,0.9510953129757614,0.9594673036198397,0.999960143023593,0.999835285697505,0.04867257205770191,-0.09652906883978482,0.06830607475154303,0.06351648692495537,-0.08923986850959019,0.07481093601488334,-0.0007706851321368518,-0.00567005924502915,-0.015503757007594252,0.7589990158950681,1.203692905566252,0.3868807500939876,0.7037587032876537,0.44154518921233193,0.4001059842559304,0.39921024923636594,-0.6280923369483122,0.47727306786213336,0.4672703841085092
7,175,20,0.12036668024971811,0.7776764955553115,0.9947454686398466,0.7662980130155271,0.959570098403279,Planning,11.769784689989066,0.3042796602828375,0.07913348946678889,0.14683463025893023,4.649271135273992,0.5800741889791512,internal,1,0.5804237947379899,0.8143145697468221,1.2167644145904966,2.0800067818724,0.04487209679849528,0.1314911111508738,0.9021140649319648,0.9221297534583917,0.7104390738420402,0.8972390105118448,0.9164688746274781,0.9745738455272634,0.9826606921163523,0.999570605874902,0.9999562723384116,0.07361313856148326,-0.10830855637377153,0.019099560951394604,0.07112575665410119,-0.09346384787259022,0.053807039069984214,0.029076548867668937,-7.75430597751457e-05,-0.01822429122404739,0.7906490230695766,1.0231903477232358,0.4309722735668808,0.6046392389561593,0.49284490662852165,0.45362778590155634,0.5189011157201957,-0.6650973611129019,0.13423995666974856,0.5199680436125804
8,141,20,0.12982537263948277,0.7723273882925192,0.9951001183918208,0.7484831562380913,0.9622028011127522,Planning,12.562762139719391,1.1628107113659434,0.05193910788320838,0.1994129273790088,4.95706943977113,0.6175394501310894,internal,1,0.678505176044924,0.7345956207875505,1.1687124545647112,1.9418078342746894,0.0333160233781029,0.11197170737273168,1.0235518849356817,0.9023651676023112,0.7964994559966331,0.8701171720823159,0.8911912408358793,0.9924313035493414,0.996870610212144,0.9996154304058955,0.9998716737038278,0.07633870288604792,-0.11018689603505931,0.016869504342982598,0.0448000997681965,-0.10744754820155253,0.08187624954903515,0.013638990133513692,0.01742692093493889,-0.011556073420392374,0.8147709395879514,0.7785592114162606,0.4741594357385045,0.5133570934255324,0.5148498696882557,0.4965550481190843,0.5513661127540523,-0.7541481699188799,0.14176700042131968,0.3273500650771762
9,141,20,0.1345029921219541,0.7681945536335428,0.9824079359779784,0.742149346126911,0.9646116199481031,Attention,13.426075143382855,1.9551758691825452,0.03158787911036846,0.206670968234612,5.089099218129535,0.647588533683359,exploration,1,0.736731083693061,0.6761858548656932,1.1718156363593035,1.9001504251980172,0.04707569187576896,0.06351862665414536,1.0154928981820315,0.8804389956173927,0.8581750924835625,0.8572803545986407,0.868005229970589,0.9996158121001093,0.9999994429045909,0.9999163213732082,0.9998746012715964,0.010740873720424888,-0.06510328126703785,0.12180735907685904,-0.04557921074958973,-0.046662291112061306,0.11862357683075365,-0.0779497955420145,0.031198460918434753,0.013759668497666057,0.8453473163075369,0.383638170705559,0.5169277910783993,0.4744461962457497,0.49441884745477727,0.5130657355166047,0.07333091660695974,-0.4979882542075451,0.7824961777757431,-0.3665105825310605
10,141,20,0.13359425123062374,0.74954322622497,0.985393113867514,0.7453304850296739,0.946177909910027,Memory,14.313058902140838,2.7529274608057817,0.02244817566785022,0.16680581537378097,4.966513084728664,0.6591460148616233,threat-lock,1,0.7435165950835553,0.668717483572365,1.1929575810722888,1.8988075537117235,0.03985626043098902,0.03978865557357186,0.9614344061302399,0.8560290027018804,0.8802845008099208,0.8692237907424785,0.8583493145417713,0.9995487266922964,0.9999002683257227,0.9999130696112176,0.9999962711246825,-0.05893536090672622,0.018470621485529186,-0.05999153605242509,0.12358893369830423,0.04014007221688699,-0.04394893759719117,0.1034285832143732,-0.08289611562776211,-0.00721943144477994,0.8447575078679171,0.34412788072529954,0.5359792006586913,0.4820587256311733,0.46066376072862447,0.5178171115910896,-0.44308139811912356,0.12550940664238308,-0.4507288385119433,0.7647024111500855
11,141,20,0.13359652154883078,0.7219405733218611,0.9853859452801331,0.7455026313883869,0.9162241646523137,Planning,15.19984064965889,3.556466432504495,0.02659809793480048,0.11531763371689512,4.763982564371747,0.6624719781137627,threat-lock,1,0.7410314354654552,0.6714703356455942,1.1966857343387176,1.9276331001997873,0.021975191634602258,0.018413803492738044,0.9520440682404998,0.8442311832170738,0.8761389047379889,0.887574726604675,0.8554913404477299,0.9992728812278109,0.9998855573183523,0.9991830398930581,0.9999175312279767,0.0029355728844089805,0.11565702182452418,-0.01878798678851447,-0.0783734494671762,0.05997541676050868,-0.0728036879280049,-0.03724331095693622,0.05061561530579217,-0.017881068796386762,0.8360287255334571,0.3311855470265675,0.5366992484835184,0.48631894312770485,0.4712349027819438,0.5033740643234517,0.020015209879347733,0.7771207554830261,-0.14975453937701927,-0.6109470522941848
12,141,20,0.13366603621268267,0.6824992968734006,0.9851657375697087,0.7435449859658854,0.8650923285336023,Motor Control,16.055196736941195,4.3602821006988215,0.03773580297404108,0.07318493738533569,4.827409416691663,0.6523618450264161,threat-lock,0,0.728720795312534,0.6848109246201232,1.1737775191600772,1.9503982069475323,0.027183541938987248,0.033178721125217386,1.010415110832755,0.8437736135460769,0.8737813690078747,0.882007744840756,0.8640686004589242,0.9993652547446038,0.9999431163126973,0.9997417352183391,0.9997223194663823,0.059211742171969374,-0.061561402489788856,-0.07292760592378725,0.08375141894112018,-0.053097722933627196,-0.012665505261344205,0.09896339135550931,-0.014490773921064109,0.00520835030438499,0.8462503275152222,0.4178373989030686,0.5126070628702645,0.48171936213297956,0.49087032100184186,0.5140299244228875,0.36871399369138996,-0.43184318142116773,-0.5887610952050512,0.575258055388309
13,141,20,0.1313623172731693,0.677173870992031,0.9916940764482512,0.7459434158206185,0.8375981828147792,Motor Control,16.866424845839283,5.191492570310193,0.049724365271030045,0.05065018805206015,4.945221926011051,0.6598209470960212,threat-lock,0,0.6984522351422074,0.7156566741286319,1.161465406053029,1.9366701192456393,0.013010802398777247,0.03623349215148603,1.0425066158484393,0.8586233131242399,0.8763255396856474,0.8712326458189572,0.8577722492092595,0.9997614590301237,0.9999790647683843,0.9998658991981506,0.9999994938661122,0.11006143601428103,-0.017971905625473735,-0.00512539666761529,-0.08294418218852358,-0.06964791007163673,0.00774829697845421,-0.04647974130540588,0.11737020526469723,-0.01417273954021,0.8406057427467685,0.5780971535280484,0.4834974680374605,0.49540709087265344,0.4891353520036783,0.5306115341146586,0.7776965423859579,-0.13424783513328312,-0.038542741640472736,-0.6129274539370778
14,141,20,0.13254333127552825,0.6945026734150127,0.9885495966716976,0.7426219185958872,0.8253713235150355,Memory,17.667709899367207,6.004465024422492,0.06086945937720139,0.08457143508532373,4.93481211202207,0.6714280738802609,threat-lock,0,0.7019688528206549,0.7122076450513949,1.1414823468423068,1.9238600642609336,0.0202690035469211,0.026021983153811167,1.095817475771428,0.8753457566734183,0.8686609289042133,0.872207889574134,0.8476151215225846,0.9999645395915514,0.9999901662743421,0.9995698390515523,0.9994449121220438,0.08415554596674327,-0.08360405973361583,-0.04425516997417647,0.05756827563869586,-0.09118313890815238,0.023959701825594173,0.05980957961129111,0.013818269120541354,0.007258201148143852,0.848748013006805,0.3339477584842864,0.4731795567269646,0.4800812691743099,0.5057240707247026,0.5383922606929635,0.5727662030634438,-0.6352994842484315,-0.34341598884741054,0.38781297109034113
15,141,20,0.13534420271012051,0.7121816245427964,0.979444844267119,0.7366963280146799,0.7941331631810283,Memory,18.477256840986534,6.774793550030393,0.06641421326786122,0.13470550345985255,5.034344424348216,0.6768745824850744,vigilant,1,0.7244366441820883,0.6893413875331978,1.1174848043935302,1.954684590156056,0.020461614201776133,0.03608236972124045,1.1621094121854572,0.8809660053701683,0.8772240137949967,0.8626952875579538,0.8426943501820952,0.9999880915201794,0.9998355981648923,0.9997331617343834,0.9989362600177231,0.03373006916498589,-0.11037602499451717,0.014821375354673098,0.06990458090829842,-0.07805939601243968,0.07698591237702904,0.028926983373386977,-0.015471885969640449,0.0001926106548550341,0.8500904106298192,0.22497770688443267,0.47252025813317355,0.4496290641769282,0.5186207138279173,0.5528027184182275,0.2317798111026901,-0.8509260546574264,0.10065649902764848,0.4605119302187998
16,141,20,0.1379766477154427,0.7282905994280509,0.969039317615503,0.7329426214395329,0.789721264071856,Social,19.320408666784882,7.507093513112533,0.06335663761154683,0.19589756343628562,5.111724282967504,0.6869619028927592,vigilant,1,0.7549935891015316,0.6557321712525532,1.1167668679170188,1.6032032214396017,0.03822406004935682,0.031284437194661514,1.1641345762173754,0.8813198064201408,0.893215371903227,0.8550044150818717,0.833312155436276,0.9998689897253482,0.9988093291973303,0.9997078549603431,0.9983873813409498,-0.011652825738750951,-0.0781652072257778,0.10605069291909919,-0.014186846948813307,-0.04147151681903948,0.1443263167354028,-0.06674300448486616,6.645161210251886e-05,0.017762445847580688,0.8555081372650513,0.3276937332337627,0.4919585365070303,0.427279176891926,0.5116302295516179,0.5600390982443231,-0.09839870657143601,-0.6430644037435964,0.752952256097386,-0.0992409553602631
17,141,20,0.13774575792074584,0.7270567740014141,0.970016027026776,0.7342276353852547,0.7737319565614853,Memory,0.1749288721154798,8.246142639267644,0.05298519181551823,0.24402079222343767,5.069781377309707,0.6920273687710261,vigilant,1,0.7563611472996391,0.6541542745068426,1.129778027839488,1.9850796948654683,0.06214554088246269,0.01838654805957154,1.1278192456078748,0.8706186269071111,0.9041197383883284,0.8592057396071642,0.8284661744242209,0.998953597610048,0.9982196401025443,0.9994139736328049,0.9988405871361155,-0.07220636693745151,0.09991141717474694,-0.04964103775867838,0.035324953005806535,0.11948164777472918,-0.07234432068999806,0.05061904330917685,-0.04899979499586881,0.02392148083310587,0.8566766207775792,0.32667380967737214,0.5017961331006755,0.43398856032034056,0.511570474847855,0.54603131739964,-0.5339072796035517,0.7298980098291877,-0.355227878776239,0.2366538953278812
18,141,20,0.13763649478574239,0.7256825305309333,0.9704741525974773,0.7344730206818125,0.7624067658816509,Memory,1.030017090687681,8.982801538932979,0.04037333529389476,0.2473401840971377,5.06942284908713,0.6822219221797479,vigilant,1,0.757622924653893,0.6526925034339538,1.1286461783912276,1.8901680411069897,0.03767136406558344,0.02132160409307695,1.130946561253671,0.8649859165150976,0.9009183790690127,0.8592413188564106,0.837764760810632,0.9988498718480386,0.9984941277788948,0.9997030684925575,0.9995106923967605,-0.003315148548224411,0.08891995670461171,-0.09837196571561316,0.03233660145853118,0.04804809836126937,-0.10036313991746892,0.09011138514893705,-0.019694423426459388,-0.024474176816879252,0.8448323442106273,0.30565201186594815,0.5018536806460401,0.4323471802652305,0.49648126231413375,0.5610036854697762,-0.025231979335029922,0.6264416744387669,-0.7460779258797017,0.22428086021823876
19,141,20,0.1379754695248222,0.7001310377478516,0.9690443310736624,0.7369814985421563,0.766399545034914,Memory,1.9413928789139412,9.708405936236474,0.03554938700314205,0.2022804569355109,4.978887573884803,0.6927025798288433,threat-lock,1,0.7823306594782753,0.622863339136513,1.1649495992321752,1.9688316345630277,0.00863848519644186,0.05495848383966925,1.0333698457795542,0.8649525294402735,0.9017072207642599,0.868047436054812,0.8278132993586985,0.9987914813183465,0.9989711756195683,0.9989586720247403,0.9991249363466465,-0.09920039917572925,0.01671875531132709,0.10114498902700271,-0.005808532886264534,0.056881720677935454,0.04329627274018664,-0.05480207737627482,-0.04959224312174142,-0.02903287886914158,0.8302700989059322,0.8015714002608206,0.5440395676681363,0.4331446014989909,0.46325718876314986,0.5493627763729494,-0.7286663839085172,0.12024033177606973,0.6732353145763125,-0.03663024410783949
20,141,20,0.1344909939564413,0.679271443862441,0.9824488349105295,0.7445492128858365,0.7800416198746836,Motor Control,2.8611081365067323,10.475149620986993,0.04344970019040853,0.13861121300616158,4.779543132578899,0.6845539434610646,threat-lock,1,0.7680921716370396,0.6403392974586962,1.1974022019162054,1.8876666938910898,0.044166950002761676,0.0475564911340547,0.9502440001327456,0.8390595586084677,0.9013244423847705,0.8862238841102021,0.835583947847356,0.9969208359324236,0.9997732823170771,0.998144735906095,0.9999929158370368,0.03627469414431523,0.10718453358542174,-0.05662893829139497,-0.0550081973525774,0.0420303550512161,-0.08587528092392217,0.00562254674642755,0.050567237043275585,0.03552846480631981,0.7547758901786438,0.538082194908909,0.5567985353981594,0.4641890597882185,0.43216150770937367,0.5364143165566796,0.2236581266482538,0.7459529902989145,-0.4771016566711573,-0.40731460549547965
21,141,20,0.13413219247829344,0.6907998974260893,0.9836537378342469,0.7443909159762863,0.7882641185387518,Attention,3.7549388576955476,11.260856206308246,0.047461183604376504,0.0869747565733075,4.592969046256242,0.6754900215896757,threat-lock,0,0.7510736502816334,0.6602184273803803,1.1900706686403542,1.8978265996977803,0.028368137236955335,0.03159997510864007,0.9687336974834238,0.8306475695373754,0.8857361415589643,0.9017962228349132,0.843954782697849,0.9978535676279691,0.9997435260823954,0.9972791363580427,0.9998961155074841,-0.07674166855021936,-0.0391973395476595,0.12051897162706222,0.02594224944750427,0.015984708958235876,0.08388716536574445,-0.05269865730467866,-0.049327292759034,-0.01579881276580634,0.666566999197963,0.30907686115142385,0.5394556918874197,0.4741992857900911,0.4546080450808763,0.5267391187250778,-0.5296737652156807,-0.30690810152945125,0.765331487993055,0.19879847369677783
22,141,20,0.13687127269910387,0.6575074285849933,0.9736073525205602,0.7391931954166946,0.7315425922740755,Motor Control,4.658291556555548,12.013518841714053,0.04547503588914486,0.05256416794465702,4.727648270485258,0.6687173831075545,threat-lock,0,0.7682761867207225,0.6401185053705801,1.175817647968281,1.9039224244371669,0.020455569312451974,0.03379147012834548,1.0051487197487836,0.8420139848424936,0.8804175332528961,0.8906915971393246,0.8500269967806612,0.998934833054213,0.9999040412159051,0.9986984299854692,0.9999595713737062,-0.08796024095995114,-0.032315090206223064,0.014040401668158963,0.10390887633552341,0.027180002275587464,0.027948410569696106,0.059170084656891074,-0.09151687502723083,-0.007912567924503362,0.5100448867243904,0.36370328991935474,0.5418565674288279,0.45146839387052257,0.4791287269209571,0.5224972657444608,-0.6047665168548749,-0.24378774420175872,0.10134944461709684,0.7513676103905772
23,141,20,0.13572462103830796,0.6679238007236789,0.9780445128279049,0.7397947245781208,0.7306186082620154,Motor Control,5.528409883513746,12.789080323781455,0.03968881422444475,0.030867791077355305,4.874772361525743,0.6657480860211225,threat-lock,0,0.7465042228389255,0.6653806769689455,1.1655906294128822,1.9304193291735097,0.012132978002356168,0.037087780540473826,1.031693682606637,0.8404709718142589,0.892287109208535,0.877744643075691,0.8526409571618052,0.9979554042935491,0.9998087081937819,0.9995296818510943,0.9999062999678514,-0.007798750802140793,-0.09917411490542341,0.09167857623119885,0.013283864911459836,-0.04869912299639915,0.11976074929274264,-0.04611568989338794,-0.010802533835693838,-0.008322591310095806,0.5159727602651726,0.36034870628760357,0.5195605798387521,0.46309928298165876,0.5040316777718339,0.5114175454391258,-0.052358538218058435,-0.7454909814930223,0.6575624245308564,0.095464327543539
24,141,20,0.13477904456937018,0.6074629360676583,0.9814562226911547,0.7404482652385708,0.6357948649234364,Attention,6.374809393442273,13.576714571152047,0.044405193886894,0.018056991040716876,5.024190066631004,0.657992281807388,vigilant,0,0.7320634238797404,0.6812364812731856,1.1561833064174087,1.9254969493795664,0.024081237017646865,0.019034428111331093,1.0564448025974502,0.8544336126809498,0.8863064085364971,0.863685164120468,0.8593323507155524,0.9992027126397977,0.9995810469949981,0.9999863621464319,0.999983422609955,-0.08490749788725147,-0.01257268181316896,-0.0036107118199891802,0.1123005244010759,0.04049904759020823,0.0055799223346883805,0.06774751663001552,-0.10095488241793153,0.011948259015290697,0.4287720326775879,0.35121341676003603,0.50324921852421,0.4683087771466532,0.5087794427281931,0.5182379491703314,-0.6407922398204929,-0.09542849664209482,-0.024315069085596313,0.761372106679663
25,141,20,0.13268810740357265,0.6350196805109861,0.988134283174174,0.743259904114492,0.6120917480783108,Attention,7.190803812279647,14.389949858493395,0.06599931766530548,0.01465128169188129,5.052676656369158,0.662766564419232,vigilant,0,0.7083032642614303,0.7059082701290604,1.1520410253766602,1.9221541187850182,0.01578239883603568,0.028656864599205936,1.0674505741275582,0.8641413188766089,0.8835648730349924,0.8608969006102256,0.8552364717834244,0.9996947447926106,0.9995904474320048,0.9999776339134028,0.9999438329099102,-0.046235395915144736,0.11789408626592886,0.003924471402568229,-0.06362319027571998,0.08933191235775578,-0.058437896035129666,-0.03751398458585469,0.010442395621631923,-0.008298838181611184,0.29742448072145994,0.2820916023550664,0.4842482846661832,0.4826108902633845,0.4999972326973465,0.5315948407319842,-0.3189996040148026,0.826635030533763,0.026109081869864145,-0.462852130573855
26,141,20,0.13087312375805088,0.644851906485558,0.99286502782641,0.7458722344941553,0.6207066339435435,Attention,7.981986656517349,15.229907669591885,0.09248753350630773,0.022232038157716724,4.99998339618408,0.6721163885123889,threat-lock,1,0.685656142788949,0.7279255826358765,1.1539061562542365,1.9415896000898147,0.030697462717354577,0.030391777877737225,1.0624867094131596,0.8749306224542177,0.8758348725308386,0.8660269985948805,0.8469987719327037,0.9999993297346543,0.9999244259169597,0.9997503666282203,0.9994394187703114,-0.08615960324688157,-0.04070049055818511,0.0864766325790079,0.056120631540997376,0.028201329274880314,0.072588691596387,-0.014986686147948623,-0.07084304232090269,0.014915063881318896,0.2378726828930197,0.30936550213050307,0.46992762465647503,0.49889779822194474,0.5141400481759626,0.5156830474006057,-0.6665951991872539,-0.320765778092401,0.5623158089147767,0.3695417257493427
27,141,20,0.12713198340118814,0.6476542009446447,0.9990005700635748,0.753269168314076,0.5531407847966638,Attention,8.750413946618686,16.12375111931429,0.11887728379412961,0.03269707819864614,5.084840289055776,0.6609781331804239,vigilant,1,0.6519036471321447,0.7583018098724335,1.1787436586400497,1.9231080683870945,0.009641520861097186,0.044663424961933554,0.9976198465303122,0.8827049468357173,0.866660822901035,0.8577062466689946,0.8567794286193154,0.999790160240338,0.9999419167660921,0.999999404788159,0.9994764732717913,0.010774348230648104,-0.11370074439401388,0.08554029431427414,0.019341115573708108,-0.064916785872909,0.11159594386469057,-0.03475003047842684,-0.004242620376873998,-0.021055941856257393,0.19818517566805685,0.6669598166622639,0.46151439204407113,0.5368388416122092,0.4998882704365462,0.49891905270623216,0.08071643152419772,-0.8062207009122581,0.5694359494839528,0.1386929649904992
28,141,20,0.12585993424751912,0.6427236961327003,0.9998340271898895,0.7549070603266511,0.5451661635886864,Memory,9.496792791525184,17.033545950288055,0.1367196036439821,0.046620845963945,4.999329622619277,0.6492433368943624,internal,1,0.6342559312874585,0.7731231555364764,1.1767786599826435,1.9095104116113057,0.02983552099564117,0.02004652671153751,1.002672816193308,0.8871327193134205,0.843684806294825,0.8660898983837422,0.86664858729965,0.998580549375909,0.999658605540533,0.9999997651542155,0.9996501616397526,-0.08691018375073603,-0.008775965516019082,-0.008012521541964265,0.11575804838584919,0.05166831647551313,0.0004977768926505175,0.06068797318294726,-0.09507792313259956,0.020194000134543984,0.15715034248931353,0.358372615304582,0.44788770217410506,0.5459505170537973,0.5091489317909308,0.4920386005453818,-0.6672146700020901,-0.06241696584314983,-0.055691361066192595,0.7401534832800101
29,141,20,0.12581957087834064,0.6132423069963426,0.9998491442476117,0.7540936100201334,0.506296723404519,Planning,10.230797274656219,17.93937305467109,0.13453947356500048,0.062077465238675425,5.054893590745585,0.6444270203817672,exploration,1,0.6295690917491328,0.7769445016950516,1.1658839240213457,1.9479724757826957,0.019184050627994657,0.017027938872222433,1.0309272734953046,0.8940898177639958,0.8378174186346536,0.8606784301187408,0.8705733804404145,0.997593024270306,0.9996613534830316,0.9999268064610559,0.9995125557325492,0.007114293051582784,0.09473402260271802,-0.10750138884215098,0.01340614816443453,0.04600919101250054,-0.09815823868583827,0.06681214851163637,-0.0032321251868883383,-0.010651470367646514,0.07790211233594994,0.3501044061175457,0.4383425876648912,0.5409539124591046,0.5098978826008684,0.5052017119469977,0.05108985672649984,0.6067250636146346,-0.7875336525445868,0.0952117105784017
30,141,20,0.12460631719752897,0.594812526771968,0.9999645112750866,0.7560357260254719,0.4553400672636263,Attention,10.951715983677936,18.85849847615148,0.11294452672512326,0.0794248833615969,5.059387295605211,0.6536411983628984,vigilant,1,0.6171590295117423,0.7868384410361026,1.1681247045709808,1.9619382746713832,0.007265659967906141,0.020747289423828932,1.0250820918473376,0.8988079728153707,0.8410522330644737,0.8602349354213578,0.8630012891887232,0.9973642553784953,0.9997588516712805,0.9999944864799877,0.9988818392109322,0.026906985402063092,-0.005082606586383989,-0.11629214109189336,0.07898788408259313,-0.01813949450038559,-0.05179033439916585,0.1212086530919338,-0.028533286030855087,-0.011918390660088516,0.12744598282046493,0.3151958100999612,0.4309591792882001,0.5494454955144975,0.4961720381881015,0.5159429442941429,0.18764490277924364,-0.035135874495344235,-0.7506856722106429,0.6324759934749072
31,141,20,0.12579619129020622,0.5817588479963587,0.999857574668083,0.7520860996905449,0.4215915348587385,Memory,11.656884113878952,19.755447810221753,0.08400586327891828,0.11946600743548903,4.977032229128609,0.6611600610059,threat-lock,2,0.6180503340777141,0.7861385275804932,1.1409558272520068,1.9780319912549957,0.009182167496707621,0.03646039663175182,1.0972441977683534,0.9023714213520015,0.8355295574790844,0.8682242242627609,0.8566229467562152,0.9964840672550538,0.999290232787185,0.9999022730407028,0.9981928069118144,-0.1064131771561812,0.039214625741692946,-0.00751298241831984,0.07414921961659293,0.09648635354659445,-0.022633555822585975,0.03583136485931135,-0.09993968087039705,0.0019165075288014796,0.19742544575328938,0.4272198773231676,0.4163163605181198,0.5295399300346171,0.5219497890523134,0.5232939405082592,-0.8415727266108902,0.2727584263357383,-0.052759686939939224,0.4632219793161405
32,141,20,0.13017631722033177,0.572338110659664,0.9943938247937706,0.7460925819814097,0.3434133676375311,Planning,12.427721589512437,0.5992836585945831,0.05763921422547556,0.16177251569224071,5.13169873431388,0.6663057583557814,vigilant,1,0.6744500269337657,0.738320500303928,1.142912661947577,1.9642074189189345,0.01690746863732954,0.05396946375378094,1.0919476741393932,0.9092198218795351,0.8482850092338262,0.8529762084957352,0.8521522436459077,0.9967899535633267,0.9999855973359608,0.9999995483141048,0.9971348447302839,0.021323703696044905,0.01936763659867563,-0.11652922392867664,0.08636935087257964,-0.004048757116911345,-0.0681314684989314,0.10589327206646655,-0.02733704505191782,0.007725301140621921,0.2359611422497121,0.34097891333377567,0.45550678623634433,0.49864331659205263,0.5061296294573713,0.5363778413551048,0.17907382204538724,0.12071415074886115,-0.8107711712336119,0.5440687162147031
33,141,20,0.13298110157310158,0.581548561355061,0.9872744595829621,0.7426487513420874,0.2435377393662532,Memory,13.24549661454503,1.406223911029881,0.036448803219642195,0.18138429861452784,5.036777776744228,0.6754644889485732,vigilant,1,0.7118064514057473,0.7023756656783872,1.1488727355836243,1.9529949413276024,0.010499511031080083,0.03776951191899023,1.0759144782147887,0.8902323087503927,0.8668072668392609,0.8624574152166471,0.8439779650852364,0.9995347016766494,0.9999859886814819,0.9997712352480169,0.9983636292236361,0.09484473281307092,-0.018782788096973094,0.006937672796895129,-0.09240987822126874,-0.06439268477590128,0.012936251792204718,-0.049521734274319475,0.12088793899737191,-0.006407957606249459,0.24706207717117665,0.2915354644464134,0.484593131336631,0.4781727146944936,0.49417405722557595,0.540659165416726,0.792066246053241,-0.13177802382977197,0.046706715835752255,-0.5942087991560585
34,141,20,0.13708108170483801,0.6322686981489493,0.972761591435065,0.7357211718324551,0.2678506263697792,Memory,14.100449344941534,2.1519284209270433,0.021987073326015835,0.16400541909124494,4.965044343353456,0.6784614157917082,threat-lock,1,0.7536150433920404,0.6573160323415314,1.134468768760695,1.928275841519586,0.02716448852654398,0.04621698417103857,1.1149209037683747,0.8747396711964914,0.8782658198682831,0.8693629830406046,0.8412417375551978,0.9999896945092276,0.9999359872092017,0.9994596376725879,0.9992138409168639,-0.07338641376656956,-0.03187107506470394,-0.019396195536083342,0.12472329470462236,0.022259095716349014,0.006673609124133354,0.07927450414800447,-0.08111233079920838,0.016664977495463897,0.230075855860247,0.33606774256838284,0.5031879209451723,0.43888917905504504,0.4946157289894268,0.5563573180614207,-0.5434618190180353,-0.215864044606449,-0.13359297442091114,0.8001280414415728
35,141,20,0.13674127937007224,0.6676427029289439,0.9741262269766189,0.7377748595281989,0.34445854458039205,Planning,14.975081394111587,2.911464632608353,0.01975483129199496,0.12324070247928667,4.967694373936561,0.6894501226429945,threat-lock,1,0.7550385345054895,0.6556804186582079,1.1583939218981607,1.8524839952872714,0.030378550162452913,0.04576525835959217,1.050598616552483,0.8641770137831487,0.8985411980850417,0.869111774021962,0.8309431559674438,0.9989658832284174,0.9992233362893164,0.9990465394821775,0.9992930038666731,-0.10597373412405076,0.061501212541195796,0.06944058958891683,-0.003433731182155461,0.0883129159686562,0.004485907021951882,-0.03690485501576875,-0.04704975463629283,0.003214061635908934,0.24904639416035132,0.35916096909927353,0.5205605776071435,0.4520582220163874,0.5064089730192799,0.5178899313514953,-0.7860153898315426,0.4092832052095086,0.4627329783690133,-0.023350709007256772
36,99,20,0.13683650168471567,0.7061165499797007,0.9737465301080217,0.7386090431224688,0.22357408394787248,Motor Control,15.530361814147515,3.947750416956256,0.02794147912121282,0.08308138956646523,5.03845383811568,0.6625229519460467,vigilant,1,0.47230555696551996,0.8814348874758078,1.1756804717765896,1.9369795016901599,0.029615922134585512,0.3788091756935116,1.0055023859842886,0.8538247358925141,0.8919884303175988,0.8622934227493639,0.8554472594151037,0.9988261678552155,0.9992612260581175,0.999967046355313,0.9999982169105188,0.06148532236274311,-0.029738340960155065,0.07136083287083717,-0.09575517974270342,-0.04832131868561149,0.06504582626904906,-0.08744640091284274,0.09298518093326888,-0.0007626280278674007,0.10937596570175843,3.8974485936484955,0.33305290659065395,0.6215562085068905,0.2648563912783863,0.6577193269764088,0.41132817236338487,-0.22796943121669364,0.5141906732278914,-0.7172496250374638
37,120,20,0.11643268262612863,0.6593257110503192,0.980933421938156,0.7669538097889038,0.09449341745552364,Memory,16.168324770228242,4.9308627835302925,0.0440968388578894,0.06047703287563178,3.5891383476703176,0.7604035288834861,threat-lock,0,0.5443523186763235,0.8388566940495321,1.1719670040756531,1.753768976867048,0.036730514744870095,0.13126180941626947,1.0151006534364264,0.9429081393185507,0.7833695628120746,0.9642878670791727,0.7532630870222887,0.9789703374257184,0.967668651410341,0.9606400758525794,0.9732912496693542,-0.00010877436434762896,0.028232778224591002,0.10156055043950869,-0.07919213863713301,0.020480119799761293,0.04147838227596486,-0.11114785580831575,0.0354274528148406,0.007114592610284583,-0.06843540565604277,0.5593191970189657,0.3820200260092696,0.5886997172311127,0.37101637781536134,0.6081448594316713,-0.0008398642227314736,0.19627143136091074,0.831403235054692,-0.5198514024220948
38,120,20,0.12224675416890199,0.6732921487331521,0.9981981112209624,0.7577947996061655,-0.0256134682463052,Attention,16.85176336207918,5.859167229310265,0.06350038630492247,0.06754524436757275,4.226098266892168,0.7257014016021699,threat-lock,0,0.5928755881629351,0.8052940686236636,1.152752121180462,1.8818681279522707,0.0304772036086832,0.08982359193135551,1.065556439075882,0.9241540438742699,0.8083518021263011,0.9286263213154021,0.7938260656782562,0.9892632370562789,0.9880824770213036,0.9858423002899027,0.9871341242929119,0.08000578127318794,-0.04547657121465405,0.0914740467008235,-0.06088698479641667,-0.0772841463714336,0.0592012664099864,-0.08855143415846571,0.07199524576565541,-0.006253311136186896,0.08632269198892298,0.6236809434106609,0.4057166878052394,0.5510789257550066,0.4433480543712497,0.5789200890544702,0.5786228824938822,-0.3368679943971634,0.6168842729500914,-0.4137261267942125
39,141,20,0.13010759676590133,0.7284632619599122,0.994535534416522,0.7452892161406638,0.04037046448322984,Memory,17.622589661440006,6.687458461945848,0.08095079349199712,0.11665403065226931,4.660088326227498,0.7052440623381291,threat-lock,1,0.6812568841859558,0.7320444370045053,1.1314767120216307,1.8914234040221367,0.044220997267909984,0.08216960087596252,1.1231367828260101,0.9139988872773951,0.8344531212207889,0.896349540499791,0.8153842798253966,0.9947034280014428,0.997094293213732,0.9953944502166631,0.9924718084650379,0.030634515787352056,0.0033826484862353105,-0.10846868373884264,0.07557752988865112,-0.015476044529534801,-0.05283683576183288,0.12891467776371576,-0.017506810627833956,0.013743793659226785,0.29634366999456513,0.44981607170982035,0.45302140516949435,0.4867940525761648,0.46055489109944614,0.5879560605350282,0.2101095134773457,0.024510898149268236,-0.8508213168594917,0.4809951091182836
40,141,20,0.13359743159109644,0.7334728841569116,0.9853830713842366,0.74082773374694,0.17246039375335553,Planning,18.436209012502005,7.480435777043236,0.08591573582874183,0.18881528816384355,4.763329346596677,0.7115692423745197,threat-lock,1,0.716132794514853,0.6979640539600498,1.1361291610911184,1.8579106593218815,0.02531995607653324,0.050869310382449344,1.1103789075147534,0.8914996367659637,0.8735167689502505,0.8876312229987873,0.8088928630953217,0.9997148113998146,0.9998278617820242,0.9959339691219085,0.9954377525534308,0.027164645993793386,0.12473331969722415,-0.04076657066795662,-0.0689120887184615,0.047323103425119396,-0.09099065257120002,-0.014401020747193334,0.04116921966520775,-0.018901041191376745,0.31494861215926934,0.45034900040447107,0.47924203023277906,0.467083357739425,0.48796999303079136,0.5603976082065363,0.17631956923190661,0.771090198316658,-0.33422424595990463,-0.5124699688551368
41,141,20,0.1364396541914048,0.7013125174292217,0.9753148112575434,0.7358360693513594,0.27132354367128075,Attention,19.270140239259785,8.23761358484416,0.07801222293532736,0.2784483213194043,4.927819958184748,0.6922783257445754,threat-lock,1,0.7403559632876369,0.6722150307932984,1.1263922600887981,1.8810046369334086,0.06035590366997188,0.03840909922169638,1.1371918515278212,0.8776827854442062,0.8842132845415253,0.8728604018624267,0.8282237103800824,0.9999630409870763,0.9998909311663648,0.9986876990468649,0.9983520851964066,0.0472603161390838,0.000746293719883528,0.08309181547828733,-0.10521659601677753,-0.025270614529182264,0.043134917554671325,-0.08209881421131489,0.0987085855353206,0.03503594759343864,0.22201022026296377,0.3888325694695627,0.4888989467661144,0.4439016322578228,0.5139991444383406,0.5474796984796518,0.3349342498729518,0.005585281272943231,0.5468737805638535,-0.7672789069347231
42,107,20,0.14217452603991668,0.6912052770704549,0.9494389493047426,0.724563146827195,0.26146050625770684,Motor Control,0.13283983162616764,8.902939090706985,0.06213125756691317,0.33749886395750445,5.083994866630044,0.6832357889357563,vigilant,1,0.791864642415227,0.6106966416254512,1.0894533562391504,1.946218286125585,0.02166189331492345,0.06787379451973607,1.243187229358664,0.8723404238430967,0.8960755196622902,0.857790693720203,0.8368189611607856,0.9994936822327963,0.9987708292415816,0.9997197238423048,0.9991417055303131,-0.016050600994273724,0.07553356093641855,-0.10291257329296533,0.050203283240545946,0.05179675344371038,-0.10086517310783656,0.09148344405355355,-0.027526800964229367,-0.03869401035504843,0.17340715145683092,0.7181675177708358,0.49632157763662993,0.38276986292058635,0.5304568776792155,0.5707605492112097,-0.10205191283779796,0.5490080113247314,-0.7514291126931781,0.35146820508340865
43,162,20,0.14286719368317105,0.6876247501887635,0.945907645699617,0.7262240317526375,0.23822140310759207,Attention,1.0437722429297374,9.56345930338899,0.044374292096502545,0.3014281682851814,5.1827412660752925,0.6995323844478467,vigilant,1,0.8095706512996872,0.5870224531942543,1.1252043411420067,1.9366502633069793,0.03066234132357456,0.04783166986839171,1.1404929711526426,0.8681387484992454,0.9238437254804786,0.8477119176320547,0.8211165501614853,0.9967712896716024,0.9945321878238726,0.9995938210164553,0.9986137490041135,0.05149674997474356,-0.0006938706450744181,0.08440757484468585,-0.10625154501364968,-0.025310292110365125,0.041808933009717775,-0.10296503397134384,0.08816982523486044,0.009000448008651109,0.16860926716203598,0.356385287749569,0.5337310461669953,0.3870102103675487,0.519852664551165,0.5432379355208655,0.3570370746859171,-0.005799993498702499,0.5112546298230655,-0.7817349876138449
44,141,20,0.14067905479764953,0.6487233241504068,0.956795041812281,0.7305172068371081,0.2544030991359238,Memory,1.9446823548924819,10.260972576495021,0.031104377212504048,0.2149265969498014,5.11911598730699,0.6802665548646059,vigilant,1,0.7907090599851585,0.6121921123776317,1.139369911835403,1.9755042630051511,0.014575773586659417,0.02764243695708137,1.1015487713372656,0.8456542819973424,0.9220754275415339,0.8542559345737282,0.8395787869576169,0.9946036888911575,0.9955784454309845,0.9998632729255377,0.9999774045079732,-0.10578600057100881,0.07741912161287533,-0.013546308342547024,0.057992210199199666,0.08665264174863105,-0.05467503174412566,0.03914687200470125,-0.0726277313210664,-0.016086567736915143,0.14166583150686546,0.3070674399987998,0.5314786254260737,0.41148766195907155,0.5156755557492358,0.5313069508057415,-0.7196782103390119,0.5662327730713071,-0.09149172828701597,0.39124542670588436
45,141,20,0.14126969213061755,0.5824898680327606,0.9539352926833875,0.731815887255104,0.3586112744813843,Motor Control,2.8881171718736365,10.937228215395162,0.036671432145544566,0.13853215347065684,5.094053334495415,0.671914865564019,vigilant,1,0.8127651766065191,0.58259142432392,1.1607717015143428,1.9752231164917176,0.055282321019736534,0.05460629838306631,1.044331118296035,0.8470717000739277,0.9114153283049407,0.8567839376905863,0.8471793897281007,0.996394040628084,0.9972825283164443,0.9999389130051146,0.9999999926319559,0.09460101304575945,-0.06790811849193444,0.04949763212077098,-0.07791743827026128,-0.060535027274874996,0.07890063257494252,-0.05382824594646082,0.0924718732617951,0.04070654743307712,0.04277839212903487,0.3643399649559833,0.5621170421259517,0.40292642651870275,0.4735793342731811,0.5453414709291069,0.5860859784899829,-0.5214682640927553,0.34381427089610256,-0.5161064061699963
46,141,20,0.13777801971486697,0.5420558919074768,0.9698802543465643,0.7374935493512226,0.45600776603305726,Motor Control,3.7960598200210196,11.679010886571648,0.04025087045644979,0.0830279302073182,4.841476005639087,0.6817390296503748,threat-lock,0,0.7744083517097525,0.6326861028995219,1.1724339570238511,2.028830292565711,0.02043475598587724,0.05547706073803252,1.0138911195113893,0.8270576912359102,0.9152323702569132,0.8807511621701768,0.8382139787293706,0.9936443899594524,0.9987512619581532,0.9987117190760271,0.9999296425762643,0.11848886786235648,-0.029904498844163727,-0.003966917145149768,-0.08504168157234522,-0.07055138462115558,0.018148055568020974,-0.04451449981529661,0.1177768145536107,-0.034847565033859294,0.01264715623534006,0.5020158750583715,0.5437993704213474,0.44428020910606997,0.4891983888602977,0.5172835362387116,0.7714317313235856,-0.2461803628978053,-0.03150164943234871,-0.5859146344934915
47,141,20,0.13586429326763053,0.5816305060930348,0.9775212092299632,0.7426668794684232,0.25253728065901715,Planning,4.722594613784973,12.444960727950026,0.03837957159206569,0.04893926238084174,4.935190333161787,0.6620984753670981,threat-lock,0,0.7707364312660153,0.6371541050007656,1.2021422060483418,1.8752221075268538,0.025848913480687272,0.03973204508664512,0.9383710312433545,0.8392152517771133,0.8958878790614317,0.8721725354254494,0.855814078982713,0.9975209111424765,0.9994954619925035,0.9998027866736914,0.9998242121802056,-0.007148256717829579,0.003143422979821749,-0.09492701047990881,0.10087296965522133,0.0039291902167083404,-0.059881488028487376,0.13236161905039862,-0.05250153319523701,0.0054141574948100325,0.02744274482134781,0.39102140399684754,0.5620365647795887,0.4646256357982463,0.4643897282713036,0.5025734560112879,-0.05051821778024272,0.020231329622599204,-0.7073951735300094,0.7047202788627965
48,141,20,0.13493004870574263,0.5818896687043561,0.9809270118130619,0.74274016037741,0.20614709334709302,Planning,5.612365073104739,13.237382231794411,0.03546627742444485,0.027967859810089053,4.786338369627821,0.6518014192079015,threat-lock,0,0.7467778397995511,0.6650735733618618,1.1914794626988345,1.9353607166657403,0.015069165706168201,0.05159904537984336,0.9651686106651309,0.8271123826502861,0.8855072073347529,0.8856309479479617,0.8645345084272629,0.9976249572673153,0.9999999860869092,0.9996354342725953,0.9991156436131144,-0.06725105106928851,0.0863286399359071,0.07460762137385189,-0.07855824227850249,0.06191104057089863,-0.0020653736777529012,-0.06544866731669267,0.005545198167747151,-0.010779747774519071,0.03788701527060936,0.12943295745779598,0.5373266576363137,0.47853824954512747,0.5014053770930801,0.48049332413555573,-0.4273767256096618,0.545482433994297,0.5161961388242791,-0.503328515855924
49,141,20,0.13394677643024558,0.6038544943748043,0.9842624535595922,0.7420609875954859,0.07805498691272067,Memory,6.45948884644007,14.042345619363036,0.05569748410883389,0.015985336190053503,5.008432262558481,0.636345326894889,exploration,0,0.7249157603714094,0.6888375282787236,1.1685823645237199,1.8740130122582694,0.028562778559335984,0.04453966803862188,1.0238904687646633,0.8433742094819372,0.8780667054059965,0.8652124841877021,0.8769983813234331,0.9991356071637587,0.999869265071001,0.9998906655310759,0.9991921667373584,-0.05641147716660607,0.01775277945332015,-0.05882481187128176,0.12347302447988907,0.03822884645853708,-0.04141113720764895,0.09821858784130129,-0.09246303342817484,0.013493612853167783,-0.010757130809470753,0.39035579498846223,0.5065067901697892,0.4812985238701237,0.5332365985695707,0.4769290433378469,-0.41535798814807556,0.1234423641510491,-0.43112513089916893,0.791435939240541
50,141,20,0.1302302772891643,0.6316389644714623,0.99428139877427,0.7484084003786522,0.07607231106084768,Motor Control,7.266902290357386,14.899781757913857,0.08295548901172847,0.01853684379725825,5.199419591417424,0.6338503303364929,exploration,1,0.6855514029477062,0.7280242261878596,1.1777577005103226,1.9501029438407618,0.02567564895058815,0.04086452857415461,1.0001536293919981,0.8622359690833686,0.8765567444767476,0.8459661484122011,0.8789417973175562,0.9998411232034458,0.9993253815306018,0.9992070504055749,0.999781265296277,0.1115675316324084,-0.08567053169367785,-0.03110262062768541,0.017092753248150024,-0.09364961398508816,0.03532017498850261,0.027897772577415866,0.0442201828105627,-0.0028871296087478356,-0.13269372750853212,0.5867017073956514,0.48472080248930316,0.5147513164324332,0.5252166744304267,0.4735232314957661,0.7173088046538241,-0.6519071279150406,-0.20895231576955695,0.12970776797942515
51,141,20,0.1283966634565826,0.6381272872876964,0.9975147659323239,0.7507570550242453,0.03430700368035183,Planning,8.043336740737221,15.778584257462336,0.11698123119470057,0.028649579941335827,5.151300046582561,0.6314662620470362,exploration,1,0.6621107849099698,0.749405970423177,1.1726654633565752,1.8994703558833426,0.02013823842931727,0.02384978950500423,1.0132917343171952,0.8746689310448933,0.8573395342172765,0.8509685301956813,0.880781326294722,0.9997745166321942,0.9999726186950778,0.9993317236794093,0.9999686531090204,0.10079986194798422,-0.0893612708398331,0.020088361675046382,-0.03448775683672293,-0.09393757778710883,0.060829723088187765,-0.026733215682654517,0.0829401128644183,-0.00553741052127088,-0.21520804485174647,0.482562971205361,0.465081942196225,0.5264001012538254,0.5251783493815545,0.48040545561482334,0.7360626341539677,-0.6175423053351168,0.1410810186215142,-0.23864083034641748
52,141,20,0.12778319327678186,0.6827798025956519,0.9983146753984583,0.7534536902002019,0.1668974380407744,Motor Control,8.835879500737319,16.6731071726832,0.14846545499564134,0.04267480024712772,5.151070096289327,0.6362838189303763,exploration,1,0.663152946558548,0.7484839139692421,1.195113079287397,1.862690170031581,0.035742062441847,0.030314799693201704,0.956000344791192,0.885267633383887,0.8502369833512342,0.8509921831749131,0.8770465173523471,0.9990595786274686,0.9999996268305135,0.9994987213457708,0.9999412957598595,0.08539088979757924,-0.08627869071712346,-0.03291794594211672,0.07604545738401998,-0.09003239644210527,0.03212562225776955,0.04999534939221304,0.001413776711610649,0.015603824012529733,-0.3265329512596493,0.390900577542089,0.479346892160616,0.5410266814846973,0.5154684942427303,0.4602270074011848,0.509481640875015,-0.6727535691036605,-0.22315501652366185,0.48788618700462594
53,141,20,0.12905626568374418,0.6268967914176723,0.9964937598718383,0.7492104116048834,0.086884985395875,Planning,9.612822420420308,17.54043599809473,0.15974685883033143,0.059773663660813825,5.092810965456382,0.6221589051808294,exploration,1,0.6672296673435658,0.7448520463935066,1.1644310163488738,1.9107940449550367,0.039534306959712745,0.04485232776590313,1.0347269275143258,0.877625519444741,0.8410054245173835,0.8569085284493111,0.8878012713566706,0.9990484481527538,0.9998366814264819,0.9992368032830118,0.9999086033231924,-0.02651293182671711,0.07488631022961946,-0.09701285155688452,0.0632407397241644,0.05919611030633892,-0.0775311633104184,0.1016069985208801,-0.05833890512727012,0.0037922445178657435,-0.36701441783309935,0.3245863290403091,0.4636827752232391,0.5176254607764789,0.522037899076807,0.4945084208032951,-0.22683464574987564,0.498324135916673,-0.7089647500165517,0.4445088101313604
54,141,20,0.12778365332083993,0.6991419095340138,0.9983141308062784,0.7484701346340792,-0.012223183551356098,Memory,10.33894472564573,18.411572695086008,0.14252234866863314,0.07544841504627885,5.132227394460842,0.6461558945623065,exploration,1,0.640275493629937,0.768145358807134,1.1340779280943427,1.9221810786451952,0.04583460014287779,0.04738705070110587,1.115991829292374,0.886001286489691,0.8556073147170952,0.852922286305844,0.8691728348631395,0.9992722818674372,0.9999951325851181,0.9998105140002357,0.9997624166659719,-0.048651818431846953,-0.029666313316554106,-0.03830879791640416,0.13099811071444997,0.012231449513148997,-0.006291836701703637,0.0985172050019443,-0.07299339872015663,0.006300293183165044,-0.2979352201202906,0.351149617280033,0.4272837343394969,0.5126168667894785,0.551305302537841,0.5007144911484493,-0.3638770900051495,-0.210344907720937,-0.2844424108304008,0.8616501599177269
55,141,20,0.13392752518164747,0.6653238387487863,0.9843251044716019,0.7365504923890931,0.13320070075310247,Memory,11.108153553356647,19.193591673163798,0.11199160047716397,0.10021227887809116,5.307831815227046,0.6505001438039145,vigilant,3,0.7012435322170129,0.7129218109469,1.0969211014025735,1.9630141338825071,0.02586794983627843,0.07030246917776521,1.2211693839335584,0.9041175845638489,0.8586174600062382,0.8343035762329435,0.8656124960626375,0.9981779040733778,0.9996257311887807,0.9993599375980046,0.9986510711571449,0.07267077773371383,-0.0898533524967534,-0.010460698101678914,0.06204301238546993,-0.10681838171634316,0.05529122639098848,0.03613103587085889,0.006864329770022778,-0.01996665030659936,-0.3254385626325347,0.43326518809166814,0.44428310438555596,0.4516820488173007,0.5657974531379993,0.5277016884158824,0.5083206306354734,-0.7509696872801017,-0.07276399109594293,0.41516269925966387
56,107,20,0.13933135010332048,0.634038585694138,0.9630816992067783,0.7285199836072059,0.11343079384001106,Attention,11.936590316251431,19.90209332398548,0.07762153867749899,0.1377633751591112,5.394784718827996,0.6693911818911176,vigilant,3,0.7599755019686728,0.649951718520279,1.0900835102562723,2.011186928141234,0.01013097847876358,0.06449869338628347,1.2413169238342694,0.8958864432560179,0.8921789745875046,0.8245442593458743,0.8494297631198445,0.9999863138113944,0.996739101830636,0.9996371123265712,0.9982588190692849,0.028468591222105415,-0.010687682599859959,-0.10916920752874823,0.0964497866111185,-0.021347310946285395,-0.05229311581706765,0.10906069164985903,-0.030350774112358127,-0.01573697135751485,-0.2429727351255548,0.44322941903743607,0.4767696019157402,0.4077463303759733,0.5457741281768476,0.555485605364999,0.20654792328801153,-0.07858739089152315,-0.7165283222951656,0.6616261336488667
57,128,20,0.14209425719923832,0.6151014915047235,0.9498432691663989,0.7242154122769149,0.261581209725013,Memory,12.79838976608507,0.56883531100776,0.04966926550198547,0.16094296702291508,5.274644769061085,0.6888399237554993,vigilant,1,0.7909269478997045,0.6119105842245728,1.0896068873644205,1.8737200805000982,0.04007773030326327,0.03224950132927183,1.2427313340145163,0.8790282942790422,0.913095245163358,0.8379323332200977,0.8315261487537646,0.9988082368229317,0.9952256846196303,0.999976421524262,0.9984497460255717,-0.004346656223086368,0.13052877851160352,-0.061740567165105086,-0.027472648313563768,0.06900867071469781,-0.09725178398063446,0.019793284659835448,0.011558652099516162,0.029946751824499688,-0.2984716622138975,0.4554522659465208,0.49584424606705124,0.3836161393931379,0.5528815921707727,0.5489071563379405,-0.032741554882847315,0.8780794513715853,-0.4407693732341748,-0.18337619060712862
58,162,20,0.14206533848976932,0.6264094845261442,0.9499886802279119,0.7265575912064359,0.2311147719966884,Attention,13.692452181285468,1.2428733554846132,0.030545761780777482,0.1566909891819878,5.3172895530246365,0.6842350094365584,vigilant,1,0.7985008356758285,0.6019937004861459,1.1196762423469337,1.850033852512225,0.03768416843563632,0.03687008709949725,1.1559435066466968,0.8684114685592371,0.9234926391986151,0.8332598267800105,0.8358833218190879,0.9968462398535939,0.9928114639555171,0.9999960509570762,0.9992958339494047,0.026902938745507206,0.11252777293856943,-0.009905534545900763,-0.08377904789622206,0.03521832734486232,-0.06526053430015308,-0.04519285085934839,0.06717309700832162,-0.002393561867626945,-0.27243601379507465,0.37747991844870377,0.5224200735727879,0.39385505843854085,0.5403419171390759,0.5291370826677395,0.20271890609306412,0.7418438298761474,-0.06524530234613443,-0.6358583393405189
59,162,20,0.14261560955368938,0.6397105451160349,0.9471989003067017,0.7275478253895686,0.22697755330266695,Attention,14.624746551757147,1.9113629488322803,0.01819916921754118,0.129430840504488,5.242051502834455,0.6703959578674177,vigilant,1,0.8126745896885503,0.5827177801256336,1.1471927168646567,1.9751605112389374,0.031138101168546286,0.03989961536448352,1.080419042895374,0.8526882556186894,0.9191725571622039,0.8414455459169037,0.8485363528726719,0.9958591859678178,0.9946209327675806,0.9999686124278999,0.999988720383364,0.00027670331955021707,0.0709978706337731,0.058899481060355224,-0.09392426925134634,0.0359817894393789,-0.009844221106065896,-0.08984318987721057,0.05859393695011164,-0.006546067267090037,-0.2646185488471427,0.2975836969843745,0.5520223041784164,0.3958204375431034,0.5342473186451606,0.5031673075969817,0.001949596013055915,0.5008240251766023,0.3898298049961422,-0.7727898925438671
60,141,20,0.13961521516264547,0.6556016840146102,0.9617862480489374,0.7337991596300634,0.24376964170289592,Motor Control,15.54180075390845,2.628773482120124,0.017311849641854758,0.09296109474936304,5.205483911870964,0.6522171153178872,vigilant,1,0.7876233954250708,0.6161569499560016,1.164330830544186,1.966506287689631,0.020821756512586928,0.04000245059316784,1.0349892172103463,0.8338293408098238,0.9183279251388896,0.8453282183935391,0.8641890160736606,0.9938815262323001,0.9951979698042847,0.9997584790572986,0.999403119181968,0.11902481555104259,-0.07118822217599322,-0.053603744221818926,0.012736974873045924,-0.08362261198847645,0.014421214120335405,0.03664052097544515,0.04641280937900645,-0.010316344655959358,-0.21474717167264404,0.47098946933587255,0.5472771308920692,0.4281343211867665,0.5112980183245177,0.5057302259931222,0.7151003762192577,-0.565360235955598,-0.4018165534762173,0.08684879322017544
61,141,20,0.13704463380052737,0.5950836680383802,0.9729092472194345,0.7371292892874531,0.28641157439363246,Motor Control,16.42305807590895,3.387687814598219,0.02315897645888965,0.06221804422440555,5.067788109947106,0.6540111581951855,vigilant,0,0.7577459023902461,0.6525497279217819,1.1629984658718038,1.9703756598118825,0.025415142579202073,0.041101459726890215,1.0384808878692902,0.8369514537968387,0.9037151096203803,0.8594034740616343,0.862691679223798,0.9964449283858194,0.998269452437583,0.9999922498919515,0.999568370512692,-0.08932925685086889,0.09358608627854094,-0.04353630953015466,0.05159089772135954,0.09235958975258696,-0.06902748331155466,0.05229595603948699,-0.06252433752019412,0.004593386066615145,-0.18360954590382336,0.30306301994569285,0.525599055494912,0.4526313102812568,0.5293118252666608,0.4885688297975951,-0.5843819521586752,0.6663552625835798,-0.28977741034880355,0.3612443085640597
62,141,20,0.1356693802587429,0.5988327845780828,0.9782501316844334,0.73754413120878,0.4411318620379781,Planning,17.26312363084438,4.1617493898468805,0.02956552707082718,0.04006012580835178,5.175870951599965,0.6419981808583165,exploration,0,0.7354068107545855,0.6776258722154648,1.1423140806561962,1.893026087366298,0.03031919796510137,0.03455941852227914,1.0935661147811553,0.8507324064228667,0.8916977586916841,0.8484273604910041,0.8725253542312992,0.9986680399542068,0.998528942621089,0.9995849159243574,0.9996571318100477,-0.07108445284768683,0.039140302990524276,0.092876433445944,-0.047920201652552515,0.07105024562092634,0.03787715616854901,-0.07633143298218925,-0.015288852778413678,0.004904055385899296,-0.18420202972128707,0.3153092523424207,0.4962753005759957,0.4572829330567961,0.543062059439556,0.49968662656839785,-0.5680479203794034,0.27911657788999195,0.6751480349154764,-0.3789335390927885
63,141,20,0.1335745283648122,0.5632015636496692,0.9854553271910845,0.7410526203398117,0.447859628594628,Attention,18.080858618683322,4.965695016962427,0.03529047724610725,0.05274508439743952,5.258372356637336,0.6497806385978785,exploration,0,0.7130936228969775,0.7010688161540656,1.146742814101823,1.9098013086231227,0.014633563880086648,0.0226982435143918,1.081627311515431,0.8681652038135559,0.8893212664459338,0.8396925590352659,0.866206251556276,0.9996198265452823,0.9981587903058949,0.9995295322764637,0.9999970907094532,0.046082869360244416,0.09780641827282792,-0.08596687592861132,-0.04296125254008928,0.02513614652984039,-0.09599144128302489,0.02159227211661594,0.0489354273522835,-0.01568563408501472,-0.164552078038944,0.2760947813335012,0.48408867152741203,0.47592554604901866,0.5387681614440584,0.4988806279379353,0.3261482801962712,0.6744275247774478,-0.5913822856954802,-0.29839873544163864
64,162,20,0.14011550405907836,0.6058159246528199,0.9594653439103354,0.7286589691373803,0.4973575159492156,Attention,18.94052171697712,5.667606791261145,0.03915296727349664,0.08066285063608704,5.23260896866435,0.6492164395565547,exploration,1,0.7745967602659791,0.6324554205518751,1.1098201572629982,1.9241770740997495,0.02032178576934585,0.07781621898010044,1.1838639140813838,0.875018944601872,0.8794855712790405,0.8424540713943972,0.8666707068378454,0.9999833407065067,0.999012213541789,0.9996021670242062,0.9999452980091393,-0.07814945109268588,0.04143420726559387,-0.04261653576371822,0.08892018394640247,0.07207607001334387,-0.04598266011779933,0.08150823034934349,-0.09686825883113445,0.005688221889259201,0.034468533778244,0.5966274555693236,0.49984035835218743,0.40811782370724325,0.5478577755618549,0.5324014424212201,-0.6434518541523546,0.29709836399630984,-0.2827740688945046,0.6463289406018108
65,141,20,0.1412435210725021,0.663530690733867,0.9540632958021805,0.7283612148324157,0.287866973399049,Planning,19.827261695572908,6.353350061084633,0.037421378644725334,0.10897317153909661,5.2871466533711295,0.6726810096948541,vigilant,1,0.7910539829159654,0.61174634948873,1.1209601338800015,1.8558065857151356,0.04420940338181465,0.038111668798596635,1.1523420209562643,0.8661175504316887,0.9129292626712215,0.8365714863379825,0.8464919954961477,0.9978945276105222,0.9951062117847381,0.9999402736566488,0.9997349088090917,0.012821306420701072,0.1115702354297693,-0.10224760636048547,0.017759994726835458,0.033488842401431025,-0.09869487356618033,0.07090928609692612,-0.001397781767182562,0.0238876176124688,0.0840633813322815,0.3575028455178029,0.5184712594812753,0.4009497545709063,0.5195073721976664,0.548214299006131,0.09839970844888561,0.6844956229978315,-0.7128896476831599,0.11649716606065941
66,141,20,0.1393816670611222,0.642999886181505,0.9628532231855506,0.7313143566337331,0.2507837310423636,Planning,0.6939418222800384,7.066750908043591,0.03215732954572565,0.1301041068587431,5.117044233185998,0.6837500093042916,vigilant,1,0.7720769807268275,0.6355290204481192,1.1225307169386702,1.8401406555741107,0.03328263240071295,0.021585946969448,1.1479471845247904,0.8550950518602836,0.9161000442607178,0.8544659647024029,0.8363378960412844,0.9965411922262396,0.9964798269462266,0.9997939568572948,0.9997788134337842,-0.05987080997667039,0.12702376674316726,-0.006106016064136373,-0.027967562524953953,0.1012789921910057,-0.07257601463103412,-0.01178879744920235,-0.01671092588746281,-0.010926770981101702,0.12239687993181221,0.37470404835943477,0.5071357585603623,0.4174447625270094,0.5128326429993634,0.5527710673538113,-0.4310640254125687,0.8798349369402079,-0.042383119727761126,-0.19564754252654146
67,141,20,0.14015031790759158,0.5993852375338352,0.9593020785527077,0.7320316278234384,0.20880363804748964,Motor Control,1.5984572548980065,7.768659029059437,0.04085097691127398,0.13651637987426263,5.07699585799618,0.6869397471476679,vigilant,1,0.7900306219333719,0.6130673832520936,1.1449118648140848,1.9717659315839788,0.03709684453952921,0.03396887149341306,1.0865531780006659,0.8618661829112058,0.9087022981998791,0.8584885992339133,0.8333331512580785,0.9979868548908005,0.9977226949601337,0.9996011510167903,0.9994792190310103,0.08356203747995794,0.06768749875896293,-0.047909491623940696,-0.07670562842825908,-0.002299325552096292,-0.0633868016220378,-0.016496624782264897,0.09264518030920713,0.0038142121388162614,0.11634813718229711,0.35079174386060646,0.5350028944041992,0.4151646979227347,0.4958416106352715,0.5436462579119031,0.5445399075081138,0.5144405263961691,-0.3531173129524381,-0.5604778293791266
68,120,20,0.140917938704686,0.5341006205197685,0.9556457982869363,0.7318362143772235,0.04208699766965382,Memory,2.5791560608219286,8.549221168993448,0.05831672136753738,0.12038500543718153,4.975049663811629,0.6805523805383322,threat-lock,1,0.7824219075437786,0.6227487122391782,1.253414297923463,1.8708708840479655,0.024535038610884363,0.3837092799766769,0.8132446135360243,0.8448502217877996,0.9097462669072552,0.8684129733287743,0.8393144466454137,0.9964032332286117,0.9983714828722338,0.9994285156160628,0.9999813228920277,-0.07172412184478986,0.08377807457402345,0.06845440875867363,-0.05200196467491202,0.08268975976318199,-0.009051242543910954,-0.06483463149288013,-0.012775243928501791,-0.012561805928644847,0.09821871191528457,3.696964117250017,0.6070273117331004,0.4831478682166717,0.13481884547443684,0.6163682658571653,-0.5341244455146308,0.589562852736353,0.4833194051533774,-0.3654162995533271
69,120,20,0.12126534620337595,0.5661293940342345,0.9966333322645358,0.7660134183696353,0.11303602832015983,Motor Control,3.508594212201266,9.377608834530323,0.07795783023089067,0.09056019729946069,2.808913072846621,0.7314577861000157,threat-lock,0,0.7465230858152196,0.6653595136051803,1.2450226510602418,2.2116745354039313,0.0694332467460726,0.15704392929523214,0.8333832465310247,0.7946809645647549,0.8755387671427018,0.9908702632239365,0.7874580326894862,0.9961560829426239,0.9691921608971948,0.940242030301765,0.9999781864056603,-0.047411025466931454,0.020044314998421454,0.12157543832439353,-0.0007814434025174227,0.033279988350133405,0.05356889873603223,-0.08876985549390601,-0.022073069299553147,0.04489820813518823,-0.016264710380174345,1.6022450558084766,0.5734808336847721,0.5111307819043659,0.2799231749196219,0.5757673604246397,-0.31663566177870345,0.14284174941437922,0.9377156553513398,-0.005238513454142961
70,120,20,0.12557326328894172,0.6581758301606441,0.9999258996326296,0.7594579139227555,-0.03689074498537037,Memory,4.394895888165757,10.230446034447962,0.08813402131714779,0.06254796063307345,3.6795390495177314,0.7030371522972478,threat-lock,0,0.7205795296522339,0.693372296422467,1.229984532577879,1.777599156973088,0.06185405874730592,0.0899018380984609,0.8697635848990563,0.8192189736688658,0.859502948549393,0.9600224031635344,0.8176135640019324,0.9990276450041898,0.9865452451366138,0.9778742803020535,0.9999986929479865,-0.026296107708323073,-0.02851486362762625,0.1438902151125004,-0.012659899791479398,-0.001520144309415546,0.08154577135027277,-0.08572961180433203,-0.008861300474290951,-0.007579187998766675,0.2538415066073776,0.8954699307596664,0.5436998764578158,0.5231711648624109,0.35948981222216664,0.5490441070678016,-0.19217550084808666,-0.2146694110747154,0.9540874934815717,-0.08186986994416029
71,141,20,0.1284015212272234,0.7277736954130355,0.9975078495246583,0.7511457147816065,0.01594592866274485,Attention,5.193146622206237,11.090813034836914,0.08339961668552129,0.04078163771258267,4.156938873333,0.684330874947461,threat-lock,0,0.6801483885503492,0.7330744638523179,1.1736420279431252,1.826650518554281,0.040356594131164956,0.1116880636072288,1.0107653680944269,0.8392797140571807,0.8522276261555124,0.9331490086390066,0.8357933730686531,0.9998946374473172,0.9932795211475113,0.9909765811024491,0.9999928597741625,-0.06609150373592489,-0.03685903584659036,0.11672864167932495,0.03431208739850582,0.016923071261704635,0.07923874569059008,-0.05017736439175405,-0.053718047924691224,-0.021497464616140965,0.32089268496479056,0.8812092752436074,0.47835579874576434,0.5155792862254786,0.4496636851432884,0.5505962946530757,-0.5026452223054095,-0.27164071138555174,0.7837802957213,0.24340820128033522
72,141,20,0.1293873108047608,0.7617593144144268,0.9959202327074842,0.7492139578384418,0.06799862246221244,Motor Control,5.986686515544444,11.946416417393745,0.0671399177482349,0.026312987118812796,4.69798211085973,0.685417406257153,threat-lock,0,0.6800143006024327,0.733198848182527,1.1669458901602519,1.93829872516587,0.026940206278554004,0.032684747803380945,1.028154841313202,0.8781661148268032,0.8568418724006207,0.8931979434702999,0.8347716539577896,0.999653542971798,0.9989131927868106,0.9974499005297972,0.9986944754645176,0.10648254221394847,-0.050392944792656165,-0.06668187987696936,0.03237513754394835,-0.08613265465868912,-0.01288141659440993,0.06733494314259662,0.03683647930078514,-0.013416387852610952,0.3026522751596783,0.445607820582415,0.4741219755429397,0.5112034938943812,0.47753099672304783,0.534643308484173,0.696784654779339,-0.39129417453360005,-0.5600584704064412,0.21843654356838563
73,141,20,0.1296439876540936,0.7461046354040255,0.9954480623669588,0.7491253315872523,0.2716181657301444,Planning,6.78428059504208,12.80410915887903,0.04899346685239315,0.016404132998136797,4.865185980338287,0.674250315938921,threat-lock,0,0.6809850941883813,0.7322972767211698,1.171235738203981,1.8968364268409756,0.026911009467433328,0.023690688001217222,1.0169963439459582,0.8804591687361775,0.8594597038859932,0.8786149000604028,0.8450778230296005,0.9996561811366075,0.9997165005419212,0.9991842131909576,0.9990838724015523,0.07680182367966548,0.07835189872504444,-0.05956632016127711,-0.0779260125869541,-0.0012248293903118546,-0.06535723907552461,-0.005516995359681891,0.08134868363647296,-2.9196811120676264e-05,0.29459270627777484,0.309625258259478,0.4774545834748034,0.5134307552698331,0.4918752037705422,0.5162216037501743,0.5153557888250396,0.4989034334306526,-0.4532722513154682,-0.529195654954795
74,141,20,0.13091494552221078,0.7331441636636367,0.9927680276870868,0.7464099334232406,0.3354014644462242,Motor Control,7.5848552605661235,13.64594758348439,0.04403962409528795,0.010059776352654117,4.951251222623253,0.661355122625122,threat-lock,0,0.689124072167792,0.7246433696370097,1.161727906276236,1.9044793253116592,0.024105507500437707,0.025030466905891894,1.0418166860944442,0.8786564266878257,0.8581310239532348,0.8706657102912967,0.8564550487282486,0.9996763763931529,0.999883832800158,0.9998518022177529,0.9996242089177593,0.0519829306031008,0.0018407590581158647,-0.11546657685301391,0.06339126095165987,-0.028073740432240465,-0.05481175648758077,0.11240363600226382,-0.007161005341867517,-0.002805501966995621,0.3408052064407958,0.42949530389620266,0.47720457877902356,0.5018009788641418,0.5123980655462509,0.5078580215262346,0.3516140772654715,0.014697469053881508,-0.8235484443164156,0.4448814279515082
75,141,20,0.1285230969640816,0.7177135213526555,0.9973318105668504,0.7494370187156094,0.434663861320288,Motor Control,8.346342623637993,14.516718400700647,0.06130786048626602,0.015187995748714487,5.074388393277506,0.6555006150683642,vigilant,0,0.6582905686889613,0.7527639252615416,1.1567648076569492,1.8966699640552604,0.023689849297639613,0.029829103605401218,1.0549051463220007,0.878792231097899,0.8649831053697496,0.8587480522095077,0.8614407842755407,0.9998487428333231,0.9999719250438,0.9999948469866942,0.999765064009778,0.11956811561012813,-0.07870617734748363,-0.008545670290595506,-0.008225504144394217,-0.10729837185932588,0.041977709061736874,0.00022888135864948826,0.06469086690892435,-0.0004156582027980936,0.3198468712521294,0.5249510369761663,0.45288285054207766,0.5178774973742186,0.5186911445848444,0.5076017119043398,0.7780289344696002,-0.6229365384813604,-0.0590573684679958,-0.055975649907745235
76,141,20,0.12647428390768015,0.6498923491941642,0.9995169788185384,0.7517600220312249,0.47438355085271794,Motor Control,9.070179423571204,15.409162265820196,0.07965296901585164,0.022332443128778835,5.112146867509066,0.6553211983330378,vigilant,1,0.6299246415099972,0.7766562598849647,1.1490847511507027,1.8840668069310607,0.0365136768050771,0.02713894643144112,1.0753468271377749,0.8915700306666655,0.8554547868529636,0.8549616898719088,0.8615918389346329,0.9989433657116608,0.999999834494537,0.9999692556474835,0.9992511811730161,0.029910431949304584,-0.014699027172020873,0.09324519818224751,-0.09014907988665306,-0.02688714398621654,0.06545229483754372,-0.08968884491442453,0.06932984779529627,0.012823827507437484,0.401754551768835,0.3453400895626787,0.42896994848110154,0.5288921465141492,0.5229811558463545,0.512590061634009,0.2042782521356207,-0.10440236349601285,0.6419006927198975,-0.731665253300017
77,141,20,0.12624693191705502,0.6590578217976538,0.9996531969841985,0.7540202509965941,0.5248540434188849,Planning,9.81769069045024,16.31274814154533,0.09421191956830448,0.03161396363119297,5.137886935078127,0.6588130431438063,vigilant,1,0.6374240004381307,0.7705132339327143,1.172706497347507,1.8712362727136105,0.049316098900563564,0.030585956045139955,1.013185513834354,0.9033187585896362,0.848689043031237,0.852344240996313,0.8586334628112399,0.9975007654484684,0.9999912650090065,0.9999730059253875,0.9982503885640246,0.09729642869516983,0.011078518999534673,0.013666213170338799,-0.09321041000623072,-0.046212182672759124,0.002199643013273655,-0.0547598185380346,0.11925770623927104,0.012802422095486467,0.38671655572867353,0.3621632770188837,0.44776515154889435,0.54125507468368,0.5099778909459527,0.4964593074306241,0.6676159801395635,0.0718802895580721,0.09943774390512894,-0.7343257193660016
78,141,20,0.12540622621848493,0.6425522626298729,0.999962690589987,0.7552385238843371,0.5738446863554862,Attention,10.553255859351653,17.226026457542076,0.0968769310164208,0.04185716290692708,5.059867345675716,0.6475215152014369,exploration,1,0.6272616565503645,0.7788085863815913,1.1726608206002345,1.9623505071858713,0.006161669489765231,0.009706683405180492,1.01330375290864,0.8941511980916017,0.8408584531716403,0.8601875060386133,0.8680599928208995,0.9978125159811961,0.999755404525995,0.9999543109302754,0.9994070439854685,0.013991632429390851,-0.1076074178658424,0.09392951005223187,0.0143549553790151,-0.07217473362705717,0.1041447982183866,-0.040209276014877,-0.00026779908148261925,-0.043154429410798334,0.2228807691491244,0.4130624325787789,0.4406004602556973,0.5470498922219172,0.5078793623436293,0.49866439931929857,0.10190627165467785,-0.7682489535069873,0.6231051703711967,0.10558694942815439
79,141,20,0.12413233787524118,0.662080659018366,0.999826303495767,0.7561570257643886,0.41999297159920923,Attention,11.257944434033629,18.149361011457447,0.08687253254350019,0.05501168930097038,5.047276174061776,0.6490650795235089,exploration,1,0.6066942768673103,0.7949352517132772,1.1615217112656206,1.9663216021867316,0.019113466773643572,0.024755891458149284,1.0423586071434323,0.8977033087496153,0.8370999996624622,0.8614282025489717,0.8667951383564323,0.9971631055668491,0.9996163437935496,0.9999787708883529,0.9991567892260432,-0.022879663593432464,-0.10122882620797725,0.03608810968068746,0.09868791180803313,-0.0365362003440354,0.0689382528777082,0.03504427388903914,-0.05900039133637922,0.012951797283878342,0.29355452776596014,0.2676063929713824,0.4200098763045931,0.5503276847546016,0.5085215676560086,0.5119931038875902,-0.1791803708502179,-0.681689643527987,0.23127778145475136,0.6705998899597528
80,141,20,0.13204537873820418,0.6392382572067653,0.989928949397025,0.7443360380971087,0.40924245677166926,Memory,12.067841388239358,18.975985763179306,0.0697279216744043,0.08163069044242169,5.051129405936052,0.6583951727213131,vigilant,1,0.6998424910610657,0.7142971984443466,1.157256046253785,1.974535870477959,0.020948954517586663,0.08636659224401795,1.0536054959566656,0.9075195316237158,0.8349487609042784,0.8610492494955962,0.858989555424833,0.9957452657334458,0.9995629666354652,0.999996987104449,0.9978825295780561,-0.05664368312693697,-0.0012078621451525363,-0.05508063263220753,0.12311351057748798,0.037028222341539734,-0.030128341642795972,0.09177399560210053,-0.08790625445644856,0.0018354877439430914,0.3093161069823144,0.8500731210404728,0.48178177980118403,0.4917326112219283,0.5208830930893216,0.5047436369553826,-0.46707534538316475,-0.007849449697351059,-0.3997615219357204,0.788650577540068
81,141,20,0.13319886093057487,0.6541960654238962,0.9866188796735732,0.7438055731673038,0.22256861899376584,Planning,12.910106376096529,19.786522204079372,0.04812543469176956,0.10413000812078711,5.125298558535929,0.6533205458687679,vigilant,1,0.7205482340286359,0.6934048185859499,1.168922423344248,1.8864985440844744,0.029150857826262727,0.03490038274164653,1.0230055279860828,0.8762912255691658,0.8707462513413613,0.8536280208073821,0.8632692835135096,0.9999752449316072,0.999787539777803,0.999934877367144,0.9998681795880608,0.039813888524382425,0.033890048202216354,-0.1184929984790179,0.04995188588688413,-0.0033074553629449336,-0.07951152924904878,0.11384827692426708,-0.007041258620475634,0.008201903308676064,0.3157675163658735,0.29799667390550577,0.5036779038597428,0.48470410315062473,0.49655187182987537,0.5145937428064419,0.2820706436071244,0.2371259686674305,-0.849851914756485,0.37677466738533744
82,141,20,0.13592403704611222,0.6738903344010637,0.9772958849966088,0.7392702944286218,0.17219280278269775,Planning,13.77907677047911,0.5587571317916904,0.030888786728714708,0.11444405497465232,4.979311230979253,0.6602156199645093,threat-lock,1,0.747487564597838,0.6642758017356895,1.1625215395390605,1.893369089658792,0.02064967233376954,0.02959187866075544,1.039732336102701,0.8638915233348763,0.8746781852146517,0.8680070470054904,0.857434122582347,0.9999099946693829,0.9999649069778688,0.9999186194098884,0.9999702106707246,0.022924391132590836,0.09878083921699798,-0.09313788291458235,-0.024647343698019807,0.04224429633578073,-0.09520232823749526,0.04132406296263141,0.028363637535866005,-0.008501185492493187,0.31036258807205636,0.4658170249781872,0.5181594259485874,0.46047691547094677,0.5054032840909869,0.5138475649937567,0.16443590270678635,0.7047269784300186,-0.6655994413762335,-0.18247767922007935
83,141,20,0.13615440256872324,0.618309076666203,0.9764188051278362,0.7387469212306306,0.11532162024509349,Motor Control,14.648093966529853,1.3228329643998036,0.018932880635847138,0.10545142767987482,5.032419704545921,0.6596932954956296,vigilant,1,0.7509960165435864,0.6603067341286665,1.1571528701980893,1.9421503493544605,0.024825444670914822,0.02433132141264051,1.053878387776725,0.8552840486827218,0.8876716769604567,0.862883257064155,0.8578815038625428,0.9991678357309282,0.999495277968398,0.9999821733707578,0.9999953519528814,0.11739967919791973,-0.06352948117409267,0.012675880710140624,-0.062267761234424214,-0.08246609469932889,0.04614889486877269,-0.0392454948584131,0.09610982186034066,0.004175772337145282,0.29637553704300246,0.3897245135053461,0.5169261722120982,0.45450285359695125,0.49190298144921435,0.5331471892420977,0.7616823597613513,-0.46872522289164326,0.09139981568547646,-0.4379300422969628
84,141,20,0.1346031683082044,0.5458074125811522,0.9820649391289525,0.7419020296012627,0.12240555521447904,Intuition,15.514910060974804,2.1047516173709035,0.012898191719324508,0.08452467466490603,4.9514178886952855,0.6732030324694683,threat-lock,1,0.7425337098634484,0.6698086963577172,1.1673760839819098,1.5856841729495517,0.027415400428848217,0.024351995831162036,1.027032904110412,0.856029980279991,0.8907452789327474,0.8706500169426545,0.8460224990617072,0.9990253573396277,0.9996502464383881,0.9995746383561152,0.9999342174866429,-0.03385133504869901,0.0431079859444682,-0.08600245839061069,0.08099607012711707,0.04387127737265033,-0.08419715274461048,0.12643728483360267,-0.06294627166506989,0.0025899557579333946,0.3478272490902738,0.30749011190069514,0.5180023731814295,0.46726834038910275,0.47203723538821407,0.5389941259944087,-0.2522342406288753,0.31625177075919225,-0.6844891526727155,0.6064959234977906
85,141,20,0.13016389526560518,0.5587672101717154,0.9944195623830042,0.7470193529023981,0.06529624872885918,Attention,16.300809207189438,2.9491634361517782,0.017959498089401695,0.061203510710994724,4.832223412329284,0.677295888196086,threat-lock,0,0.6812897136976599,0.7320138837547828,1.1535461792740311,1.9205130589544166,0.04635494932830774,0.06421214398090791,1.0634436837675596,0.8553791767468666,0.8841155431862052,0.8815786090592787,0.8423095193178822,0.9993563072961391,0.9999943143938451,0.9988785648692963,0.9998898305075978,-0.06985775284903543,0.02205200145308587,0.11846956179004095,-0.04717399644033654,0.05483855518958595,0.052490050053178014,-0.07205972761066323,-0.01240374225754783,0.018939548899459525,0.32412548829437404,0.5078762439940633,0.4667120552141547,0.5014602411626922,0.48998012369916516,0.5391075425472506,-0.508218838181325,0.15538258616426465,0.7803164638210597,-0.3296605537887814
86,141,20,0.13141128115643985,0.5341506571889214,0.9915725410459012,0.7449513515274659,0.13503618990585664,Attention,17.097102095193932,3.7811768273354787,0.024517464887814124,0.042830400238854704,4.93988074219499,0.6773752797830754,threat-lock,0,0.6914284764841399,0.7224449196352766,1.151663425917285,1.9388273438397143,0.017900719677625132,0.03038770026396364,1.0684571970016596,0.8844093244428964,0.865180687200076,0.8717336024143618,0.8422369332653038,0.9996980953140647,0.9999670511822846,0.9993964420261502,0.9986888637881632,-0.06377350232715256,0.08710519552993626,-0.07058748868007207,0.041553371774406045,0.09602502158399798,-0.07467091735566474,0.06746117887078351,-0.06521213971860929,-0.02845422965068261,0.2606468272557295,0.4855695175504579,0.4724740885553068,0.4936685666632633,0.511976514181383,0.5205185979961784,-0.5264744244734793,0.6457282494363205,-0.47360357602780945,0.28558599585570477
87,141,20,0.13179371794872105,0.5429056450272612,0.9905966127497654,0.744318965345865,0.15421229656212096,Memory,17.90037157412264,4.611084892859348,0.03100273927511541,0.04319575123253952,5.071859085088298,0.6643630185973248,vigilant,0,0.6954807285626176,0.7185447489182637,1.1549845250045432,1.9426453443469822,0.02052603216096183,0.037163610994053395,1.0596229804730326,0.8813445587166041,0.8696501258636431,0.8589994433551625,0.8538503286416803,0.9998876922156675,0.9999162012516275,0.9999817580342757,0.9994227646662903,0.04742862653118192,-0.11856835560790675,0.0655370197300154,-0.0018578626688620157,-0.07456437122574429,0.10397025774814865,-0.032687790889215466,0.03126850854334443,0.0026253124833366982,0.3002091993606598,0.27314398717503446,0.4773428977306013,0.4931728781423309,0.5354642015594661,0.49214056843547405,0.3747058802275087,-0.8114275107634212,0.44838262397121265,-0.011572407696588816
88,141,20,0.1338324641739983,0.5842219475192738,0.9846329420801815,0.7413569853922888,0.17209833949722925,Motor Control,18.729581968634783,5.413351265264043,0.03593089170364845,0.06754792126517022,5.212785209356796,0.6444983979048318,exploration,0,0.7186867252859509,0.6953340139082484,1.153785599952768,1.88295108628963,0.05414107667568246,0.025622272567497547,1.0628071434072388,0.878717106598704,0.8699313233816801,0.8445579217046388,0.8705157414177772,0.9999373509663374,0.9995527609705895,0.9995306555517445,0.9999452557358655,0.1351041438346554,-0.053730547072533205,-0.032355758485104795,-0.024904286152423984,-0.07923230088037043,0.011879128652130122,0.005485197748969083,0.09189549903036026,0.033615044514720624,0.2830179238842035,0.39002497133482095,0.49248700399796413,0.47648433349217756,0.5279212635538957,0.5017154076945539,0.8673174956385403,-0.3933799536318635,-0.2489602446647904,-0.17615723208636988
89,141,20,0.13650765334123316,0.619213615472116,0.9750487437538802,0.7362387817641594,0.21473978359810472,Attention,19.576110259469765,6.174772773074288,0.03709872820607046,0.0980619227370197,5.167527581323374,0.6512007853861876,vigilant,1,0.743492362495699,0.6687444257042924,1.1385837078318053,1.9144021619744949,0.01952136274574114,0.0312041299112703,1.1036867503060004,0.8703197952720836,0.8791829589999781,0.8492933144172703,0.8650327419512683,0.9999359765833914,0.9993383416473403,0.9998282985355398,0.9999787089142221,0.016737677119649103,0.0036458236174911713,0.09068966102484047,-0.10428880578215975,-0.006943102121438585,0.04924387551340619,-0.09744813438934223,0.06788436776329479,-0.034619713929941315,-0.05352127462994225,0.36441065753259244,0.49921031439700175,0.44902157957138855,0.5348243266748486,0.5129635490720073,0.11753984410680765,0.025094784060513922,0.611179725552971,-0.7823132236727809
90,141,20,0.1368581730518023,0.6849788318391365,0.9736598194828037,0.7360529257316133,0.253264191324734,Memory,0.42938136437331664,6.9217470322420915,0.0340125126571775,0.12636208410446875,5.208945960049092,0.659074484350405,vigilant,1,0.7524184602664393,0.6586854033985274,1.1340379721696348,1.9586881976658117,0.013565525046453433,0.06786604607775637,1.1161013492252696,0.8664808463062819,0.8935209102460824,0.8449632736849034,0.8584103867387983,0.9993700743083686,0.9981577752144857,0.9998805194604606,0.9999527110149237,0.1060420182107199,-0.06930225554447196,-0.051391618526461666,0.01753891005622121,-0.09227552514738259,0.014644886833237888,0.037254250085051975,0.05105485907953865,-0.005955837699287706,-0.17347195558708398,0.4188111873703073,0.5020942916336144,0.4395455434621752,0.48886189798888097,0.5618852749691577,0.7507898999023876,-0.5413865229508432,-0.35953737469001734,0.11810180004034093
91,107,20,0.13968449494478868,0.6105245065865046,0.9614677018067879,0.7314146496718497,0.2514940745487625,Memory,1.3106889727658668,7.621805757560815,0.03624411644973221,0.14075844396978227,4.933171387933285,0.6933196924784104,threat-lock,1,0.7830256857490707,0.621989369247737,1.1255155794148175,1.9096346665474342,0.033724771803221684,0.03621416918349943,1.1396274257368195,0.864812879915194,0.8982203022414513,0.8723611866166578,0.8272151663617158,0.9990214347109732,0.9993917893217745,0.9986660068080201,0.9991058598167345,-0.0443107860355706,0.09608381881945162,-0.07734910675916176,0.043559883093384856,0.07799320490436965,-0.09338506455817422,0.07692009137882727,-0.04578726903990512,0.02015924675676825,-0.2151021688658276,0.4253909639358309,0.5164521219026561,0.4102390705632988,0.48259034512839993,0.5762704656283839,-0.33476367976725324,0.675848756896295,-0.591513451532038,0.28508520334643106
92,141,20,0.13686471091581687,0.6270361879394153,0.9736336389070507,0.7370679036376211,0.3194150958719103,Motor Control,2.1821745170552593,8.366351767460234,0.051923848231872176,0.13026750816555535,4.8955420707704,0.7033893259398687,threat-lock,1,0.7603081387937937,0.6495625713385256,1.1462267728344702,2.010054194375899,0.03202843379856335,0.03508363040955458,1.083014230183008,0.8563160634065444,0.9119780159727665,0.8758461931933247,0.8172590432678349,0.9971757085638345,0.9986904658011202,0.9978035966179913,0.9991050409447321,0.048329929304748574,0.05837781092567553,0.034619814708728824,-0.11718358570314744,0.007821348691155007,-0.013617045481330844,-0.07543563322058508,0.08911579457331875,-0.0016963380046583348,-0.2006357096282066,0.3009035683949369,0.5157838988835228,0.4406554376036439,0.47490310457861423,0.560586100635299,0.3197816807527182,0.42536678014034957,0.2587902213543136,-0.8061205867234651
93,141,20,0.1374851745161409,0.6340096888516321,0.9711042427188301,0.7372238695967543,0.1492781429492134,Memory,3.076049372361509,9.10669823914815,0.06830332072259088,0.10593172664342008,4.849418627471685,0.6924102704447093,threat-lock,1,0.7701454391043695,0.6378683270289707,1.1606572082615583,1.9905763302916,0.02055846458877894,0.026647560077242213,1.0446324184646054,0.8567187194944026,0.8976763233075713,0.8800380882388954,0.8280961402456255,0.9985879315795975,0.9997067313175686,0.9981629185759021,0.9994980646999898,-0.07348035850709747,0.014310019648507288,0.1146687444265765,-0.0514647363073788,0.04612205584295807,0.05597711812920376,-0.07469246670832988,-0.01088191193566053,-0.011469969209784409,-0.20965986541615975,0.3488550430768719,0.5325606178768196,0.44109012806938863,0.4793832129592099,0.5403798685558111,-0.4835244542224218,0.107146180389799,0.8066059070739161,-0.3226619110930988
94,141,20,0.13448600805902647,0.6450303909488638,0.9824658191858038,0.7413663145166195,0.18528283447883018,Motor Control,3.926504378959496,9.896469023433726,0.08188438821541767,0.07599964250444727,4.876299277755259,0.6782659079890677,threat-lock,0,0.7327666118457701,0.6804800456766316,1.1606082930767971,1.9216516365169958,0.050066830240378675,0.044385493954776166,1.0447611585289551,0.8463918611462163,0.8974628098304321,0.8776056805519165,0.8414211738598676,0.997906095112927,0.9996333426862809,0.9990694189923995,0.999984714712579,0.10290054538208245,0.023561786378506845,-0.0029201928790666314,-0.10204020264938846,-0.030651958303877826,-0.01281295534836593,-0.05388654175709166,0.1259163494175799,0.029508365651599734,-0.2324525510406087,0.36587482436403734,0.5066803289633446,0.4705261509226578,0.4947853045573634,0.5263721762541321,0.6381152551642014,0.17088774046244104,-0.0201826154719857,-0.7504658308804454
95,141,20,0.13665452175563947,0.5986099443721512,0.9744703147575121,0.7355043455985304,0.18880617215538964,Memory,4.762785890595374,10.650201126973979,0.08362833210722154,0.051627319214763746,4.968711827344181,0.6684605233778924,threat-lock,1,0.7428175140279849,0.6694939438510885,1.1258236321072685,1.9431771142393595,0.03382125363394473,0.044171553571498906,1.1387711889535914,0.8621340029875496,0.8823860475269408,0.8690152458375253,0.8502542716884125,0.9996731654355989,0.9998528625385732,0.9997505362630364,0.9999030530862781,0.06767141176946692,0.06076886552691847,-0.0027705573949402154,-0.12562120968330542,-0.0016543826955586758,-0.031934055949178405,-0.04278819871768719,0.11014938077822928,-0.016245576606433942,-0.18083788765346023,0.5972554691277774,0.49014046002243983,0.4417586599998333,0.5124096688514964,0.5495888709140174,0.44549263871302164,0.42460876446404866,-0.02180572554427461,-0.7878884542410246
96,141,20,0.13531148654560346,0.5399254909054011,0.9795635480655587,0.7366492790503706,0.03955238627548534,Memory,5.574226049058895,11.42328375868158,0.07575969733993136,0.033474034635907125,5.074458013108979,0.6847122096398122,vigilant,0,0.7240120462847329,0.689787327249924,1.1207550518357048,1.94971831949336,0.007015684582446732,0.0416952417359881,1.1529167655273331,0.8716434618836156,0.8971339266867089,0.858741128639163,0.8354352559754523,0.9994146290153447,0.9987513291226238,0.9996543669955005,0.9991160809364913,-0.010956323608023939,0.11824173981776927,-0.07559049391450594,-0.013306285231956561,0.06618784043480866,-0.11384963933093707,0.03524614442967338,0.0010427019856189094,-0.026805569051498,-0.2521712107350571,0.5460869527101478,0.4743957635905703,0.45197063709784646,0.5416652549190651,0.5265642736674684,-0.07459656646020502,0.8290891993741097,-0.546736715845852,-0.09014108552506976
97,141,20,0.13559238102837626,0.511738157885037,0.9785354571520549,0.7366284946017847,0.08416894499865964,Memory,6.3939144659308615,12.19376769297076,0.060580340271172275,0.021207597171525896,5.249991529514391,0.6685949915672278,vigilant,0,0.7286379506416779,0.6848990705824441,1.1249598187276746,1.9111130388577788,0.03649258733208737,0.00796626611315804,1.1411733023735873,0.8803116805918643,0.8920328128022986,0.8405942812948904,0.8501353187298325,0.9998742705189808,0.9979866921389807,0.999942988465012,0.9993193800036921,0.07017666609351378,-0.05110652242449275,-0.07910907063627061,0.08434100361832798,-0.061106010746922325,-0.013395375888517027,0.0921944321206565,-0.005502534804208165,0.02947690274964064,-0.193287848055854,0.31486002945457314,0.4802120332866318,0.4513857327783649,0.536304565745181,0.527280490908353,0.45701832479056653,-0.4111939961661743,-0.5784024972253773,0.5361942740518253
98,141,20,0.13315973299561384,0.5886753456154107,0.9867377069383677,0.7411204542032978,-0.11408984795989671,Motor Control,7.199835637206397,13.001220064959226,0.04452628857969339,0.01306359069799463,5.217827394471087,0.669096343635847,vigilant,0,0.7064353708287554,0.7077775546328372,1.1408278868172586,1.9174299671369894,0.02692150743171956,0.039949732080630726,1.0975910598107508,0.8771524374217043,0.8923289282374101,0.8440245298619335,0.8496912841421764,0.9997922395133872,0.9981955699318985,0.9999796413106895,0.9994459865977763,0.08947943420579918,0.03361149756267825,-0.10148061834038548,0.002404776184712366,-0.02639034508830911,-0.07936409917737973,0.06484166954721907,0.04381919253738506,-0.009571079900367811,-0.2933650397788401,0.3556047081456225,0.475770020858212,0.47667395466848317,0.5460358811832958,0.4982666200483655,0.5952020623911883,0.2526999005513435,-0.7626133315396958,0.01726765023225178
99,141,20,0.12922390518109855,0.6027535350754896,0.996208357279798,0.7484037549572382,-0.18898234257775792,Memory,7.971223047962103,13.864163747484284,0.04694411603517627,0.011103451569623522,5.276215287099775,0.6487866340338558,exploration,0,0.6664492639900284,0.745550386310107,1.1574585680197362,1.954727800351922,0.01517271508020736,0.04511340289167625,1.053069962057271,0.879569714534104,0.8790801649431748,0.8377617862480379,0.867023858022588,0.9999997957258916,0.9987965065652602,0.9994293615971531,0.9998734677484835,-0.004044111735355507,-0.11110977256465582,0.05091979471287513,0.06421907690661663,-0.060301668420437125,0.10762317990088255,0.0036799247844080812,-0.035813708504126594,-0.0117487923515122,-0.3015132581487501,0.6134970142240336,0.45891609559972174,0.5133850254554678,0.5259797431306501,0.49917644441067277,-0.03161865113674296,-0.8289853009851292,0.36809181115606926,0.41987146867908554
100,141,20,0.13009040519106346,0.6439425719528937,0.9945707273157453,0.7469676649815493,-0.20146155280406036,Memory,8.753727462594796,14.716479831625628,0.06389145298192035,0.01662578033704094,5.155878458783901,0.6494235110874709,exploration,0,0.6762948853037991,0.7366309986091553,1.1570461815354174,1.9350712215995578,0.04002988735464861,0.017563306751665144,1.0541606131475771,0.8884796075248821,0.8581583830313503,0.8504970924602312,0.8665003591240705,0.9992580086296616,0.9999603424845181,0.9998203796591064,0.9995946939337973,-0.021301463239125948,-0.06676647052513751,-0.03281862765311155,0.13241121958630322,-0.019766974659484807,0.01934840935403885,0.0909769800883347,-0.06205318559716836,0.02485717227444125,-0.3449640219879682,0.40910152090748064,0.46544223682834013,0.5069669860888021,0.5364421142790378,0.48844430308970876,-0.1605197645357326,-0.4609529468191031,-0.21323914646138362,0.8463361344221328
101,188,20,0.12884989436316002,0.6471742297148542,0.9968307970172489,0.7488014930632891,-0.18453091656783668,Memory,9.214716169483044,15.972627091264327,0.07838270329628527,0.023615817473502613,5.218652685674226,0.6419110121627961,exploration,1,0.34451905512529646,0.9387793247912807,1.3380644699626068,1.8695875115750387,0.025137193946781832,0.3996759230524388,0.612417122403806,0.8850782563387549,0.8619654690739662,0.8439371139324487,0.8725950710425863,0.9995688308376693,0.9997827806080664,0.9994238865653949,0.9998677174849495,0.06478556545580441,-0.09151849619646202,-0.03315691070045578,0.08708000346739393,-0.08178338154494577,0.03454143536293394,0.054641091010998635,-0.009452112908485575,-0.014892693407866777,-0.3551756279855257,4.326842899481955,0.2938009862164812,0.8005777542928969,0.3712499600143472,0.3673277651088114,0.41693726847431534,-0.6824643811931742,-0.2239522983927482,0.5570018407549474
102,154,20,0.10920061682286528,0.6564101348540637,0.9282742164614449,0.7893497723919055,-0.2841199530831009,Planning,9.797715346026576,17.12389039612372,0.1099306573714665,0.04032866566978763,4.227499760086083,0.557129435576168,internal,0,0.45177513192387736,0.8921318457353506,1.2904631869860568,2.13432251337477,0.07672233577042688,0.12466580974054495,0.7252558728048101,0.9558666113909002,0.5992288765684103,0.9285329635683066,0.9300915601604482,0.933589123276885,0.9528057623077324,0.9999961540893082,0.9986475385934717,0.07524322660698271,-0.0899356756926471,0.0878523987540947,0.019853946751979178,-0.09868522888816177,0.08295687649651387,-0.03029906427372268,0.029735856015387953,0.05158514182364504,-0.2520733283666315,1.3052264099769766,0.3657173852490746,0.7221914241502304,0.4168418790856935,0.41344064731358865,0.5521543376534152,-0.5557535889979449,0.5995707910614949,0.1636410774601389
103,154,20,0.11128567711065235,0.7117955501646298,0.9474340863843491,0.7811631070372341,-0.3992946263310123,Planning,10.374298532277852,18.219538618630622,0.12028092523277635,0.06015345164289342,4.501051274514161,0.5894084531195121,internal,1,0.4656997718822437,0.8849427792059926,1.2381006413657203,2.0647220833868114,0.05239237351753692,0.07957692956766146,0.8500788108018134,0.9307259486291547,0.6916932386924313,0.9089790120598068,0.9105310690637161,0.9677102502939772,0.976412221724038,0.9999971079013681,0.9994304603653953,-0.0009509479256551407,-0.10374496884970225,0.07756211671319893,0.08198520051236119,-0.05420338363025875,0.08682773144284861,0.0013459722519975552,-0.03642934699725322,-0.024329962252889956,-0.0556914974414829,0.8856242449746168,0.35482116136216185,0.674246464385914,0.44820850237233445,0.4675497482773051,-0.007343926840824781,-0.6284492589377495,0.5399960996858729,0.559823014892381
104,175,20,0.11498131468673883,0.7076928224995409,0.9733667057533392,0.7738040820767911,-0.28214560386507187,Planning,10.994220145875806,19.26478554277102,0.10842582551377489,0.0909408337269493,4.6892510142340065,0.6272848237941135,internal,1,0.5101166227500015,0.8601052442545231,1.2152546808923854,2.0462747101688823,0.03850282759169515,0.049748260393567015,0.9058332256789339,0.9349341906956264,0.738506395484206,0.8939290432598084,0.8839667575841545,0.9741579629987033,0.9871440722374065,0.9999064746763473,0.9968180038096132,0.029360382645083408,-0.08705910978336495,0.11608618498022401,-0.017143863318532033,-0.07117383879877809,0.1042303445879573,-0.06261072262653158,0.02681344990563707,-0.013889545925841774,-0.01826861806115789,0.4851418339062252,0.3780681495435943,0.6374589331259893,0.4679019832205977,0.4814335852193652,0.23402687620854837,-0.5563673899157612,0.7867208786476722,-0.12944886152541726
105,141,20,0.12566434215511924,0.7249055216573009,0.9999006292899708,0.7548740089483712,-0.18764247455157262,Memory,11.73323514038408,0.17577381766517775,0.0820343484194849,0.14476634348638376,4.807411899323586,0.6370035096535556,internal,1,0.6299952561883158,0.7765989809291656,1.17304850671347,1.7970354033478502,0.04367857487728119,0.12163328234720945,1.0123004142085898,0.9257777656878711,0.7704843284914711,0.8837803628275919,0.8764825716392488,0.9830352028403827,0.9927865934237328,0.9999542228881492,0.9973253196660239,0.08826064219186268,-0.057637419359022536,-0.051365332700457296,0.06438941278394839,-0.0970054099704138,0.0032680987570547796,0.0738455616498026,0.019923021524506403,0.005175747285586042,0.03199815070823662,0.36270705494877004,0.4427426291208612,0.5457715295659035,0.5133263773296087,0.49255295371431473,0.6729711144577941,-0.44359549700382034,-0.39394390422068737,0.4417477950943614
106,141,20,0.13505152870573497,0.715274922404025,0.9804969009417875,0.740768238837945,0.03682790028668212,Attention,12.595424126352707,0.9552078648729121,0.05359611214986113,0.19074246137549666,5.079958263977653,0.6447870676000202,exploration,2,0.7418103940217725,0.6706096773244944,1.1622767662963236,1.9709842912388493,0.029104689913937193,0.11843997063775961,1.0403749444400885,0.8966487386032745,0.8379340257789629,0.8581934659898882,0.8702824730714045,0.9973427308254651,0.999736793379965,0.9998921103955838,0.999379540393507,0.11154329934717956,-0.030887796659692303,0.021870688238121175,-0.0825347945138325,-0.07155858597657036,0.024116657805162495,-0.05110983042429565,0.1076650520978648,-0.014573884963343997,-0.015599040460719393,0.4708916512387651,0.5140589348726531,0.4647183420708514,0.4859110713178099,0.5326074396704081,0.7591432903595058,-0.20691340128626315,0.14161742729106125,-0.6006936102188486
107,141,20,0.13730785257704775,0.7214830941070504,0.9718360730877555,0.7373530995101053,0.17913330016395318,Memory,13.484863236490403,1.6984609618564006,0.03207860427239855,0.19165190451607378,4.91546642790686,0.6728252077692857,threat-lock,1,0.7673491338623224,0.641229527361883,1.1591061628764139,1.9575007640959905,0.04775590968859436,0.028857715145463866,1.048719004793371,0.85775486369517,0.8854585581628692,0.8740082528493752,0.8463623984645088,0.9993911911392053,0.9998877107500828,0.9994547136161471,0.9999139845413921,-0.042460003676361095,-0.05791678091387011,-0.025297367127388316,0.13145666028203584,-0.013617652241563222,0.02314823263136156,0.08944044050436056,-0.05699761976998086,0.01865121977465717,0.027652609425616564,0.38197911184264616,0.5295449605388792,0.442510260035214,0.48062712478463265,0.5410770291315143,-0.2694665842211606,-0.4597297226281174,-0.18123107727027063,0.8265540749109592
108,141,20,0.13651282939070059,0.7480506174858672,0.9750284455920903,0.7391875887694364,0.24891693001235243,Memory,14.374003205376853,2.459205883165704,0.020426771035777842,0.15567393136376614,4.883762748707796,0.6787539203920601,threat-lock,1,0.7598369305629911,0.6501137123247072,1.1701720897241126,1.9841060125612535,0.016705443670458866,0.025906318608118574,1.0197570028289058,0.8482818689326229,0.8967634391786236,0.8769250608241613,0.8409730332723189,0.9981044436221953,0.9996367101583999,0.9990860345814501,0.9999667522951237,-0.11355516029784762,0.08463693946884433,0.0437170465401704,-0.006663361704525498,0.10144931514797285,-0.021903688949874805,-0.025137892261457177,-0.04583775427282362,-0.031050466018135495,0.038657278578074473,0.2762267080071631,0.5320047242375039,0.455181305799473,0.48901034682613315,0.520240149294253,-0.7384219710331213,0.5950020655110918,0.31438830301284765,-0.04319177771053823
109,141,20,0.13506237156624631,0.7089840809981579,0.9804583224860509,0.7440201806647398,0.2604940448280934,Planning,15.292378757566368,3.239748545302538,0.02293636585185758,0.11039903175480625,4.934062080956799,0.6641681045059771,threat-lock,1,0.7619706615448867,0.6476115432455226,1.2052636650438986,1.8977841229856436,0.014665596222316815,0.04578358028796913,0.93058546154418,0.8467413818449505,0.8903987728580409,0.8722779808722765,0.8540200124409166,0.998523450466103,0.999713858051475,0.9997561451219735,0.9999653980947631,0.02425635610884664,0.1051190796118419,-0.006846159290685102,-0.0886684231920619,0.03613018617138455,-0.062271504511059915,-0.05465302238774449,0.06159908371179512,-0.0020398474481420504,0.046486220530343556,0.20001905452869717,0.557806625065054,0.474089131671477,0.46682714691754035,0.4961488276379375,0.16026807128661513,0.6813791952829931,-0.05074330522094752,-0.7123634286912987
110,141,20,0.13610441898919268,0.6843592116704978,0.9766102174777043,0.7407954062882163,0.3872932096111678,Attention,16.193361157182174,4.007733175632853,0.03202179557631401,0.07072874706827253,4.800962881505242,0.6473041793465562,internal,0,0.7610425883742209,0.6487019182033195,1.1838790803291719,1.8772211110074881,0.03874393049886112,0.02852600634740739,0.984473523697456,0.8299709409436742,0.8804768541739377,0.884348579770742,0.8682374881969278,0.9982463075713657,0.9999868158071832,0.9997850366510135,0.9990491269052806,-0.099001060883962,-0.0026861000801169377,0.030536424464145968,0.09174736895764801,0.056132777678260456,0.018349674464024985,0.038718457564709104,-0.09505361166584846,0.024078334276544308,0.02539374307123717,0.3447648881742333,0.5423321493328335,0.4622762391354434,0.4842097969313827,0.5076587151695304,-0.7331591692923087,-0.020564084264814875,0.209736252425081,0.6465798135881171
111,141,20,0.13622470928485647,0.6863301874580943,0.9761485326949794,0.7389781416283814,0.38674112541838856,Motor Control,17.070707990226612,4.778696545042079,0.041149784561126224,0.04374643290139105,4.905258781588296,0.6553611006186713,threat-lock,0,0.7511811979226065,0.6600960595909945,1.1679563272759519,1.9140132298431587,0.025315739610814778,0.03882134796448588,1.0255206881305123,0.8401641708129826,0.8867359665971809,0.874951923174492,0.8615582532588002,0.9983964771357857,0.9998797225248621,0.9998625276062865,0.9996993930525513,-0.018508008034062298,0.09690479077109139,-0.08671295575730162,0.015010470179786245,0.07020058178133966,-0.10075083661472119,0.06882005825343868,-0.019648360968756117,-0.013428190888046344,0.016302383902395884,0.45090919986046085,0.5244312307958133,0.4608408596116617,0.5165141295715827,0.49579302156471083,-0.12842142508839313,0.7254745024044597,-0.6667352328820269,0.11251139130335762
112,141,20,0.1366221901270475,0.6909026051586535,0.97459808982358,0.7368934724099265,0.3808826662637841,Planning,17.93068466464882,5.540791228163674,0.048380161408940484,0.0705327313221961,5.099084777429496,0.6470551150952976,exploration,0,0.748414917217498,0.6632308132817153,1.149064048081081,2.5284287408077954,0.018296480171436886,0.023898561606036216,1.0754022495567321,0.8514528047200833,0.8874827873627226,0.856278662946494,0.8684407146442187,0.9989885546420917,0.9992248212864766,0.9998926531569227,0.9997949422145606,-0.07957696990674594,0.000485476415458318,0.1011374061673396,-0.024283048536788206,0.04601244503475189,0.07573308969887749,-0.06930472772799028,-0.031907190973466,-0.007019259439377892,0.03904987394154925,0.2868194482904633,0.5096460977592783,0.4516385070990084,0.5287073675170613,0.5067070292370431,-0.6006604941856816,0.0032987160238046906,0.7791130960573851,-0.1793847060066241
113,141,20,0.1367279207113268,0.695302989737746,0.9741793240627048,0.7377327688028102,0.3630000954348549,Planning,18.803802832873387,6.298161813004292,0.051192863359805635,0.10754200812829848,5.172244205102368,0.6546949204659301,vigilant,1,0.7554029010143338,0.6552606024622024,1.1558311029149735,1.8915783772825987,0.02237588626337715,0.03788648390144833,1.05737797670984,0.8603841292377488,0.8922010170505423,0.8488041670154605,0.862118310550802,0.9991584257159861,0.998513993551186,0.9998789889546346,0.9999978404666804,-0.00732422204443107,0.12269067810791126,-0.016610552463969225,-0.07504267280346015,0.06423693135520549,-0.07150358990382887,-0.033761245818924646,0.03969055983487438,0.004079406091940265,0.11414456615570225,0.4183411756609581,0.5190518252898495,0.4502421307779422,0.498944775379079,0.5281300194637113,-0.0527009021045739,0.8194948602001367,-0.11319148297857574,-0.5593196556567929
114,141,20,0.13821405603838505,0.6242381493252208,0.9680229882900304,0.7345978856727223,0.20525553391484308,Memory,19.68050540551005,7.033053822133213,0.048203140675162036,0.1504611720837323,4.993668652274474,0.6696910136245979,threat-lock,1,0.7663666535876482,0.6424034186310572,1.1439727557723065,1.9369949829139623,0.009147727094554017,0.019015796725191002,1.0890851090279712,0.8547427667288274,0.8929065010505762,0.8666337785611943,0.8491635160339345,0.9988156050659418,0.9994068371692828,0.9997870327001359,0.9999793963849689,-0.08595163023801139,0.056747959240140464,-0.0320862681663221,0.08120746900083713,0.081938608119149,-0.05224808042192749,0.0635633104934911,-0.1040236409328027,-0.013228159168823134,0.1487551511513512,0.38719772019130144,0.5183235556378211,0.43448240152408935,0.5083448635060497,0.5330583590798141,-0.6909917341510102,0.42607758549816604,-0.23259699872554782,0.5356182882005618
115,141,20,0.1408540226405674,0.5787813918804304,0.9559542841465823,0.7298947924303834,0.07997931318883747,Motor Control,0.5768529104800066,7.726035314603329,0.04058610374925036,0.18178880496558034,5.050069181036298,0.6731408513558699,vigilant,1,0.7911358007826733,0.6116405355435154,1.1329881723001227,1.936688279279255,0.014099051581845542,0.029888562039723895,1.1189814329496979,0.8551845919437832,0.9006803200861857,0.8611535836185029,0.8460784716161982,0.9982411183517482,0.9986351527462007,0.9998472991222986,0.9999457199176323,-0.09202518863115394,0.059047460962541265,0.07123516835937678,-0.03516791655618332,0.10150498911270987,0.0017532788138761228,-0.06371021524230727,-0.02853852523701393,0.004951324487291525,0.227841429917283,0.4408493772015195,0.5271756224153505,0.40756843477519045,0.5124397149356145,0.5416450430528292,-0.6462892064615241,0.49517086589170645,0.5156337988881442,-0.266904216204188
116,162,20,0.14236104531781452,0.6077442271801895,0.9484954571359123,0.7272298060809701,0.06562837820616674,Attention,1.4889619980046112,8.396952336840732,0.035954245829297654,0.17935950994396752,5.074638289613687,0.6791515301369804,vigilant,1,0.8055462251948833,0.5925329350122862,1.132286464757427,1.965476698539238,0.022984436551444783,0.027063060062550447,1.1209093029315207,0.8497563518874174,0.9131746643730565,0.8587231994683195,0.8406073051485077,0.9964171115498542,0.9972467133005668,0.9997867394580974,0.9999476575956934,-0.02666593165738392,0.009702128986994409,0.12208583806468314,-0.08908066074592184,0.018520556934529715,0.05598230653707137,-0.09954563036094685,0.03198582879241876,0.00888538496959924,0.30075535397385017,0.30954538457698266,0.5362641794969556,0.3944580438477175,0.5284892880526445,0.5268041703014958,-0.19264300778387528,0.07455637640518922,0.7729598663921408,-0.5998858751765652
117,141,20,0.14110060724073004,0.6244679551741655,0.9547602048260059,0.7311210398536132,0.2006641069146517,Motor Control,2.4149003384298138,9.088359857653575,0.04954530711817397,0.14663543219558647,5.170935728315867,0.6687629192110471,vigilant,1,0.8012635338326097,0.5983115821627376,1.1555977544569482,1.9774315439590358,0.02759883814856963,0.0309923380384605,1.05799650546392,0.8440501904728192,0.9189139505590652,0.8489399665629551,0.8499866826032152,0.9949600543464228,0.99549877579473,0.9999992900942749,0.9999776268057781,0.07692448554442859,-0.08901929094387964,0.05532485304643795,-0.05321209145039072,-0.06898800623514159,0.09832748673402812,-0.057493958751733,0.06573536020481995,0.004614401597124847,0.31173842440109406,0.4015868801750257,0.5503935699019626,0.41098444358886227,0.5073836613096123,0.5203080871712228,0.501999711130186,-0.6817732368097431,0.37542465537250364,-0.3771443645788872
118,141,20,0.13993014472970597,0.6410267510892647,0.9603307917703741,0.733934650093986,0.0861382118711354,Motor Control,3.343136379408366,9.794234298164605,0.0630324890058429,0.1049763229969834,5.044301967857674,0.664215661019856,vigilant,1,0.7959907008953463,0.6053088501650502,1.1661393028014695,1.9694261808330935,0.04366980441120561,0.02335506345595023,1.030260195495231,0.8349053312515584,0.9116423551755322,0.861720264986032,0.8539786232746914,0.9951294124665251,0.9976740927369474,0.9999582389312083,0.9997736903196534,0.05897708227568841,-0.016199582027034067,0.07307803681229266,-0.09999068165610972,-0.03197247162475334,0.05306710132884461,-0.087962546293294,0.09467286559557109,0.01607096626263598,0.28183272140741666,0.3919767395140145,0.5543997823821942,0.4215917276772825,0.4878428368408786,0.5262229974002667,0.3747564990507198,-0.11945669843527588,0.48877883909841313,-0.7787059201443117
119,141,20,0.13633524884916648,0.6423612547308905,0.9757211688928354,0.7396685738810089,0.3138424752348368,Motor Control,4.233561371883351,10.559201563144049,0.07173269768395533,0.06900692068100066,4.927057021045272,0.6683560981801866,threat-lock,0,0.7585212560834491,0.6516482978337216,1.1738958998625932,1.952259858625778,0.01573158754003093,0.04436135046170766,1.0101091370549138,0.8322504882232077,0.9067857583792925,0.8729314759954075,0.8503466066664834,0.9955807401343094,0.9989020949139145,0.9996316729790969,0.9998014974914281,0.025600452641770202,0.007261485639245897,0.09096984096057036,-0.10740892744465529,-0.006609586072533061,0.04562208003335099,-0.1005566140451522,0.060852855827434015,-0.02793821687117468,0.27241865253048897,0.3857629541497292,0.5336513545832775,0.4584617689508682,0.4913991888403624,0.5133769135537376,0.1523968126965386,0.05072879228240979,0.6153782130755016,-0.7716938874874587
120,141,20,0.1348578828367994,0.6151486551050365,0.9811806794020116,0.7399869569316948,0.25229011958484887,Motor Control,5.075824109073081,11.345374432553724,0.0694995528902592,0.043748550567345175,4.948395133042174,0.6593638394876162,threat-lock,0,0.7310288666403594,0.6823465366941579,1.152160708865816,1.9023597824836866,0.020463908352866596,0.04132817630137558,1.06713163453515,0.8457045737466824,0.8887141285064158,0.8709344592894606,0.8581632358468865,0.9985856313054385,0.9997287447976392,0.9998792376099133,0.9998972314774951,-0.0006449159620983053,0.10967053313073309,-0.07296495026799346,-0.020183250617759437,0.06624221629226594,-0.10775924332924561,0.03485458053882363,0.011248938568140725,0.004732320812835665,0.31479611168094374,0.3951866887975876,0.4998647186668969,0.46657659521092015,0.5130951083378505,0.5188207143456283,-0.004277705091636016,0.7975437590225188,-0.5848053251033147,-0.1480148148469796
121,141,20,0.13413989741363203,0.6327347144467139,0.9836282357777613,0.740395903125107,0.24791951672672358,Memory,5.900553827663871,12.141176244209765,0.058392041392512965,0.027288345520429663,5.078570650027103,0.6631745000419398,vigilant,0,0.7196146116330949,0.6943736823383717,1.146071390517136,1.928647364969115,0.04236103788153972,0.01946678170125727,1.0834320530383796,0.8661034915268448,0.8844807948439041,0.8583317566854158,0.8548830686021526,0.9997229368216523,0.9994588605573472,0.9999918043252123,0.9999101635198637,0.109075342781185,-0.07701322462794112,-0.01116093018060453,-0.011967851825134325,-0.08898970490133624,0.04645894082303765,-8.984726867973828e-05,0.07604831308101301,0.021897129528673124,0.3380996983546995,0.37634138495083264,0.48807624903413804,0.4709566715642664,0.5265657392131055,0.5125523299387644,0.7629251652386618,-0.6360015781363668,-0.08145857850548671,-0.08253293186042088
122,141,20,0.13173026054625764,0.638382061175913,0.9907617963640719,0.7441015919023892,0.3906988894718151,Memory,6.698311605218345,12.970544959874609,0.044183312835813046,0.01669276618279199,5.1593944352786325,0.6587866309571351,vigilant,0,0.693238680161375,0.7207080770520854,1.150769281034302,1.9111324321457621,0.03464120125297418,0.03191386729991625,1.0708431214508805,0.8728009912715466,0.8821563404937286,0.8501344109855543,0.8586559868890237,0.9999267273309057,0.9992266088163839,0.9999509048839803,0.99985021914574,0.022039945376665773,-0.01426861206624065,-0.09844758914938914,0.10320114532830199,-0.01638540764237515,-0.047026442383657684,0.1200703858884296,-0.034542224098760566,-0.007719836628565541,0.20930480167507207,0.47529698600877596,0.47314755044538537,0.4918958953127349,0.5364087539461494,0.4964226549752617,0.14781826641800605,-0.09882646601459241,-0.7109292802401578,0.6804135861558419
123,141,20,0.1312063840502387,0.7046208985794035,0.9920759034813574,0.7432411738141154,0.5191929385885061,Attention,7.475164501965901,13.799152577502351,0.04808047035948429,0.010919044757052212,5.218452523676897,0.6474958584826831,exploration,0,0.6839567114917163,0.7295225951301556,1.135821732128678,1.942784171193963,0.017689124383331922,0.038568370501792404,1.1112189567316586,0.8809831956571724,0.8706540204555592,0.8439583182453169,0.8680809540007107,0.9999121210280693,0.9995045285982087,0.9996001980434762,0.9998645582023319,-0.10939273338642926,0.022229346905412783,0.0850557472505622,0.0006219378745852863,0.08977501565953981,0.02978664397103411,-0.04037618404639249,-0.06001064984498053,-0.016952076869642257,0.1094770593584551,0.1865694684649404,0.4575183746826083,0.487998708705163,0.5674416503892873,0.48015013332708767,-0.8141173252234007,0.1745995130261441,0.5538118490754754,0.004519584685780957
124,141,20,0.12846710227302052,0.7109999961210075,0.9974135915060881,0.747001592754027,0.4826311324147523,Attention,8.211225968433263,14.659059443531097,0.06700392496623984,0.016452122063652427,5.4046499023357235,0.6361050933289614,exploration,0,0.6502811423825362,0.759693646058504,1.1319126736022818,1.966315800389791,0.015110734590972164,0.03063106486758038,1.1219371640039628,0.8892001645532132,0.8728443478303539,0.8234136062538037,0.877186322770282,0.9997677103255768,0.9984209580358259,0.9980932298379216,0.9998719426732641,-0.01681298051585201,0.1227091433916841,-0.06726868051758779,-0.03238219100088232,0.08079673513191354,-0.09480939032725257,0.013069850177570452,0.009808248251378727,-0.002578389792359758,0.06782699881819612,0.26318160932007784,0.4326809177403165,0.5054812796412229,0.5713837586855276,0.48041282212970926,-0.12311499736708201,0.8601849078017999,-0.4227080966640945,-0.2573761582352395
125,141,20,0.1284514259091525,0.6609221822244156,0.9974362724727116,0.7487990546648493,0.47156262317600595,Attention,8.968607730084408,15.528997978336688,0.08752410970841043,0.024231625535121672,5.428302552113165,0.6362889754907964,exploration,1,0.6566295598867982,0.754213246424955,1.1534384193451723,1.9620740706264745,0.033826275157375525,0.02714202508335027,1.0637302553905297,0.9015471256009014,0.8628375691995506,0.820683004442638,0.8770424822764111,0.9986741478583245,0.9989136256876653,0.997928927463436,0.999430254009202,0.11107674211185133,-0.06126280481815328,-0.018403965981077578,-0.018246532239344866,-0.09678858836558714,0.027069980670466166,-0.00020042809831771028,0.09058187187753865,0.01871554056640336,0.009219120647557293,0.32225109657174,0.449754488814932,0.5165938511232808,0.5582105705777857,0.46824420089122987,0.8586288602819993,-0.4831083392312247,-0.11978745083830229,-0.12253072870812678
126,141,20,0.12762718835342404,0.617255138598694,0.9984945040060019,0.7500813576390911,0.4779932834729639,Attention,9.710606540987108,16.408950159619582,0.10191011291407384,0.03398245781588105,5.349263423466714,0.6277709406238609,exploration,1,0.6446370348863222,0.7644887790235844,1.1510334820175938,1.9887768741840781,0.019246087928745163,0.029384668155881213,1.0701377980533426,0.8931522242850654,0.8562305692069136,0.8296993146094741,0.8835990968458568,0.9988825004866353,0.9995669183769555,0.997974461638059,0.9999145289824771,-0.1043041121621479,0.059207152444288785,-0.0395265690176562,0.08372649744503863,0.08081010516733152,-0.04165554712214048,0.05120521707555554,-0.07021665590152472,-0.014580187228630363,-0.05372633825038254,0.20426706610561807,0.4401309063165197,0.5219606087940558,0.5419154084307374,0.49007099310025914,-0.7049296615846147,0.3633522687546711,-0.23847417073821728,0.5605170567429267
127,141,20,0.12768630257912827,0.5750472927191796,0.9984275017086067,0.7505437840470622,0.348953774546585,Planning,10.459456017500283,17.290331720776223,0.10405247644254544,0.04474678538574949,5.251492450584424,0.6430496951701814,exploration,1,0.6474853406680406,0.7620779052170397,1.1565504722323936,1.9764045753226165,0.013151853441377237,0.015621810586440455,1.0554724960781687,0.8979336174967552,0.8529695876282118,0.840433033758237,0.8716825207140934,0.9983245713841065,0.9999004465354279,0.9993278132187868,0.9993763024212035,0.056943308220732625,0.08088212838028375,-0.09705406629220356,-0.0265616414154247,0.012704211311823813,-0.09587504005080591,0.03666729094750373,0.045445662339467494,-0.006094234487367926,0.055938330656434866,0.2555345755580541,0.4453230365872349,0.5241367264271133,0.5291028347979464,0.49700931108419333,0.40947232876805856,0.5580893218153614,-0.695366441128311,-0.19322068574943027
128,141,20,0.1281122615807313,0.6079767457936934,0.9979038352910038,0.7503151041337793,0.41702483709900795,Planning,11.21952302409142,18.16819769240016,0.09181534895694116,0.05703658863261502,5.174617008787679,0.6479065177589354,exploration,1,0.6545615304299464,0.7560087320138614,1.1611849631491313,1.9646519044588975,0.02632397550973669,0.008890219904692128,1.0432439882161646,0.8953699733175073,0.851634127143841,0.8485577084735914,0.8677452043978128,0.9984458929179876,0.9999938344227818,0.9997424682674622,0.9993319090710546,0.03417456706896517,0.05109935693235141,0.039589935479245365,-0.12245616319215112,0.0065406648276755165,-0.004861365851571392,-0.07009760128623434,0.09233458153145606,0.013172122068359453,0.00576989211558829,0.28634916326709176,0.4529476312901433,0.5231477080167205,0.5248502081860139,0.4956683950719867,0.25420668686170317,0.33437665316087134,0.26896809387786685,-0.8667337414981819
129,141,20,0.13045619466601244,0.6298566309801874,0.9937997466463201,0.7469198022517771,0.4227122313995405,Memory,12.011621722857319,19.015687203874425,0.0711693168136298,0.08277215237104255,5.149101249116083,0.6469678765503906,exploration,1,0.6828287816387089,0.7305784386127177,1.1600253534494478,1.9287193336080548,0.011797998317498348,0.03033376228820716,1.046296091180276,0.8915371216082641,0.8522420255557438,0.8511946037528195,0.8685118520856092,0.9987672274181367,0.9999992753730162,0.9997870827747143,0.9995436299395329,0.10109727166733326,-0.011697097093000887,-0.014799765088770452,-0.08036423598049139,-0.07287276773666213,-0.0019948650276076633,-0.03201375237584541,0.124443209952543,-0.014525977192238342,0.060485118394519775,0.28271727032191035,0.4717883510094686,0.5047801236628876,0.5151258057277289,0.5072062330854558,0.8242207277566085,-0.08371017510363192,-0.10908821406993145,-0.549320088902198
130,188,20,0.1324526295489768,0.6925694697460676,0.9888065381026283,0.7427201397659431,0.40221547813190495,Memory,12.571869058299717,0.23271743639329756,0.04949809498643365,0.10734920920143166,5.090754834366374,0.6550443631598191,vigilant,1,0.418160277243279,0.9083732616803646,1.339790902990181,1.9323245479693727,0.029327053647628068,0.3597466449693279,0.6082822638943405,0.8817118278668177,0.863247949119491,0.8571145775020168,0.8618247107006667,0.9997278486956878,0.9999732413571056,0.9999843199690456,0.9996863442110638,-0.02342585883026143,0.0888360925820293,-0.10129809882603819,0.03782534018375524,0.06983907224094567,-0.07887773927577452,0.07215605488574255,-0.03572780931277055,0.01752905533012972,0.008469828692942449,2.106129577495449,0.35725747685916875,0.7760735707697508,0.37197172567655107,0.36292412881920877,-0.18297131524030022,0.6476508068628379,-0.70058652064969,0.23716757209431294
131,154,20,0.11384364989209067,0.6850891732121646,0.9664308950491962,0.7824952491272891,0.2159342095941157,Planning,13.257614127820712,1.3275845519211953,0.03532227441538345,0.15123217050982216,4.231830354059307,0.5540468901734461,internal,1,0.5308075461975128,0.8474923886972526,1.2918902047142917,2.060889217065699,0.042830146970959035,0.13307218038683186,0.7218842170145167,0.9340059382443445,0.6306423714812743,0.9282440587098291,0.9318186916383895,0.9551421559049549,0.9583062390296953,0.99997953503796,0.9999919722315077,0.05144646819967812,-0.10142000118052479,0.02380940987519999,0.08308083404678973,-0.09297684197472265,0.0653137083911299,0.035481889672695804,-0.021905320059287067,0.013503093323330967,0.06922860583608134,1.0584267862756898,0.4303836827654459,0.6871546909536334,0.4106745150113887,0.4170548393560904,0.3727451468837223,-0.5940788313853036,0.2198977074074451,0.6780681351099267
132,175,20,0.12257644947897116,0.7153166358281084,0.9986110324210189,0.764180458045799,0.022387117382011004,Memory,14.042661327726687,2.2773052805434633,0.022129141949522178,0.16026659074082558,4.464047090068332,0.5919383875492632,internal,1,0.6371203373057992,0.7707643451738959,1.2321804122996856,2.019733753035142,0.05765731409949625,0.14157042815613516,0.8644253629821924,0.9026460446402804,0.7265111294791179,0.9117820130640737,0.9088813220058264,0.9833790337493037,0.9807035002441252,0.9999898228133229,0.9999555844960853,-0.027976034386419768,-0.07238042653794433,0.030997568989734537,0.12737547576797237,-0.025693297542201007,0.048255348515878274,0.045115010793220806,-0.06803633150074463,0.014827167128537218,0.24592155768254825,0.8109524087445874,0.48199914998514065,0.5831045368660999,0.4257802494021191,0.49636385617769907,-0.20855296459549755,-0.4957335812099589,0.22213401347980258,0.8132713922636976
133,141,20,0.12715815613019865,0.7350013533738842,0.998976315053638,0.7571762444382933,0.09500867780170288,Memory,14.89664683950516,3.157259748691727,0.02103839291961888,0.12830113451680006,4.554681496412715,0.6474546993243893,internal,1,0.6964384467802311,0.7176165339833935,1.2262182188915771,1.8907716131468895,0.03233190770650594,0.06155366514656431,0.8789420297042849,0.8761716811032603,0.8123971272020903,0.9048265997379992,0.8681145761666766,0.9974411512814209,0.9937930036176926,0.9987537119718035,0.9999484124723321,-0.019094082757087263,-0.03423674190889263,-0.06432765737138961,0.1287021795537483,-0.00923136581346741,-0.014613986556973739,0.11434773505237342,-0.06921417249180517,-0.025325406392990316,0.28634836276111136,0.3455036064620784,0.5231001209694355,0.5390071405044603,0.4215908329646142,0.5080341676384881,-0.1318973912773703,-0.24473548639098264,-0.48328574672413144,0.8301460756327719
134,141,20,0.12871498595034375,0.7585741031950671,0.9970425128893848,0.7522132304972736,0.2465764005900971,Planning,15.705648701798353,4.035825599681666,0.031726010563783665,0.08632934316818328,4.529544997787685,0.6556239173469416,threat-lock,0,0.6773835506231985,0.735630019333842,1.1943039678907257,1.9744339051363797,0.028468069364798787,0.0838001644811587,0.9580385575336698,0.852271234977076,0.8423011911869237,0.9067861743573272,0.8613369139600036,0.9999367396801788,0.9965473923622472,0.9981301392456342,0.9999432526512917,-0.016245605178378232,-0.04563609729556933,0.1264737518591049,-0.041007664608666956,-0.013390804242158235,0.09649749597051108,-0.09277713489875027,0.014554127758705824,-0.00386383834170715,0.23292619748814578,0.5078214788250571,0.4891349473126498,0.5311944029603654,0.49398499998090606,0.4843122023815508,-0.11336509273909097,-0.2985558823796671,0.8955926457753239,-0.3097201215257267
135,141,20,0.12784633704136106,0.6950705007491446,0.998239143856282,0.7536805167297167,0.23141084477319523,Planning,16.504134208273566,4.928315680899525,0.04497550729439149,0.05505320498284964,4.963909999885436,0.6390185416670855,internal,0,0.6667678443163536,0.7452654840965887,1.19754651230056,1.925236484660829,0.014466180784824426,0.017138847829006366,0.9498816065977489,0.8722081165252797,0.8472499634821171,0.8694704221039546,0.8748952428338759,0.9995576527032443,0.9996538051501185,0.9999766089726125,0.9999941852658105,0.1154603156775185,-0.05781428754978274,-0.005160167531487363,-0.0567254611119293,-0.08295829471989402,0.02585049696990704,-0.026574598696837454,0.10238817774732979,-0.01400188857997436,0.20707263468958712,0.4119696990414445,0.4834348806806096,0.5403489887083842,0.5007411614511355,0.4728339621605583,0.83719856734231,-0.3721074923333674,-0.037633089842935924,-0.3990217081039953
136,141,20,0.12937363108171462,0.6584300846569704,0.9959447272964916,0.7520553986096788,0.2206526406085611,Attention,17.33444797258265,5.801214826212121,0.05912489776048332,0.0710876450067966,5.004446968706812,0.6309837735123908,exploration,0,0.6892116155200881,0.7245601072597014,1.2047297892426285,1.8959731574632563,0.033196137672710554,0.025104964536381513,0.9319152326345468,0.875380323897739,0.8414410048021786,0.8655970680483602,0.8811515418793027,0.9991898679036484,0.9996077280585083,0.9998052780947349,0.9999719047363989,0.0501616855933802,-0.0728980689400877,0.0906472925732901,-0.05828898439875905,-0.0698292264609277,0.09815113550011714,-0.0718012183566273,0.06705352216232487,0.018729956887886128,0.1788749269936557,0.3232360037632958,0.5042082891827746,0.5300682749170144,0.49109980772521716,0.47288749602729024,0.3581146581382554,-0.5287548116157144,0.6351244449604629,-0.4344987689665126
137,141,20,0.13373378351831597,0.6362230898334982,0.984949802767424,0.7415331716011844,0.06541042686799108,Motor Control,18.163181683451395,6.605113289633473,0.06850326060217972,0.11936094394262879,4.9465988463513035,0.6310212472191031,internal,1,0.7177800948076904,0.6962698726053446,1.1545788422717134,1.9444043305716727,0.005802867960476344,0.07103274908272228,1.0606997825726676,0.8635820725530778,0.847954962428598,0.8711033084708572,0.8811228130225505,0.9998328013034106,0.9996202925447122,0.9999170744856755,0.9997547218934482,0.12261582803894464,-0.04483592501511028,-0.06714397401077822,0.006510002444897361,-0.09267538032900945,-0.016240643476320166,0.04209752556155936,0.05547543474629308,-0.02739326971223421,0.11433472943557234,0.8003325835196754,0.49238333904151604,0.4776277403447402,0.5292156599189726,0.4993607457388472,0.7922659511258681,-0.31534499709478686,-0.5200825317376224,0.04885033956174326
138,141,20,0.1341440943028469,0.6096471922626941,0.9836143378513714,0.7398335764224748,-0.02671063986397508,Planning,18.978940708939014,7.39831506543319,0.06815632615509547,0.1827925943097227,5.175293959513835,0.6495525220171929,exploration,1,0.7169497947996244,0.6971248035587145,1.1378188980660906,1.9167368736531956,0.027504331801765532,0.029301202067488496,1.1057691267544048,0.8703784479097013,0.8785623125827791,0.8484873479878021,0.8663941600842686,0.9999455665941884,0.999334450146891,0.9997771461884573,0.9999878288746332,0.029913999353345544,0.0743252200452001,0.023240826485568477,-0.11007039854997155,0.022340814117848565,-0.025420709957640463,-0.06596267036828733,0.07913725067570217,0.02170146384128919,0.18322550352841704,0.5026998095661679,0.4808900977888806,0.46759259488748234,0.5249057342315656,0.5239998370482792,0.2007365392858952,0.4912808520286303,0.15593292926051522,-0.8330863627486531
139,141,20,0.13773780931665036,0.6004067420294922,0.9700494433063428,0.733058396132211,0.12776790064391128,Attention,19.81797909228616,8.13686823458348,0.06027410221307196,0.24910466331789816,5.1494344053893935,0.6667998859337954,vigilant,1,0.7506250435239121,0.6607284192727939,1.1177862910197676,1.9158421369890482,0.03352678005895741,0.041191760958386336,1.1612597361238273,0.8767808786827429,0.8839440937263575,0.8511603636568866,0.8517183603058484,0.9999557931261389,0.9991784635371281,0.9999997948375481,0.9995352796034312,0.060773476557198135,0.07552463250805966,-0.03487574158903071,-0.08948805497627105,0.01074049189657662,-0.05384361621842881,-0.032385170353061425,0.09708076223391497,0.006022448257191875,0.16535171361876158,0.49815212892707506,0.48980760539780044,0.43114709221924785,0.532329350873391,0.5392829839379059,0.432478763188016,0.564094735577089,-0.23793050559322065,-0.6619277326066135
140,162,20,0.14114248619654823,0.5818670798191672,0.9545563513605335,0.7281043511151374,0.31117872900757265,Memory,0.7009565846298749,8.825375143341075,0.04714578697840674,0.27210503529565866,5.1939761052403455,0.6774980887565341,vigilant,1,0.7885956489356456,0.6149121095569415,1.1196834442790227,1.98525395218004,0.02284394659486239,0.03919585279603599,1.1559232818791307,0.8718305482698218,0.9022816528963105,0.8465373332177842,0.8421246091991177,0.9991393656854909,0.9974372537480486,0.9999879116734954,0.9993878593592576,0.06454522553352744,0.08053993594506043,-0.06472775755936043,-0.06764192852375472,0.00935808378182044,-0.07809173024926223,-0.0002614719643488763,0.0791235896311803,-0.010682833464095019,0.19296102993417763,0.38848127759555257,0.5159447570631422,0.4023109681225632,0.5343891985255242,0.5351402218929493,0.4724794042289147,0.5991845790884939,-0.45533984551460976,-0.4587010767905015
141,141,20,0.1415045700855474,0.6515840764859661,0.9527812621714636,0.7291205270269403,0.28790278607612674,Planning,1.6095534725137497,9.509718898100468,0.03332110012300709,0.2293146937011919,5.206335191153146,0.6745981553250644,vigilant,1,0.7987762397679044,0.6016282230599289,1.137486122706755,1.8529010966836668,0.03874882384765404,0.02605033829408237,1.1066759832480197,0.8566218549251201,0.9155030757410774,0.8452385336626048,0.8447632432730271,0.996766613042584,0.9956292835952414,0.9999998589909624,0.9999078792875368,-0.07386625529646981,0.10905706058708929,-0.02314020119254518,0.02835399708497136,0.10437733966497566,-0.07639976696771046,0.03020378451307751,-0.059837134545734354,0.01590487725279165,0.13795391898895742,0.3412076352873735,0.5355330836151937,0.4033567868503834,0.5176251441532059,0.5315748385663582,-0.6138415299340311,0.7464835835008427,-0.16577076131419796,0.1961654668520941
142,141,20,0.14022743333851362,0.641516324113618,0.9589396294576533,0.7325209035690563,0.23575131678303385,Memory,2.5299848366213267,10.217977732023787,0.04010831309679308,0.1618072910138544,5.105750864919235,0.6721023869964508,vigilant,1,0.7925263135506496,0.6098377180281795,1.1613890269256695,1.8510976445468756,0.024711387269590393,0.037003289989663,1.0427074114568844,0.8445142453612108,0.9150427854739832,0.855607506267893,0.84701132539774,0.9956227765133111,0.9967303402270304,0.9999513503220764,0.9999960830662837,-0.10334265504883285,0.07236603102670397,0.04495120296324376,0.013043027466223765,0.09551983698557333,-0.01552675708283049,-0.018390987742236915,-0.0639083112982542,-0.014037436578063646,0.1578478004014392,0.33895056352403674,0.5485643988066518,0.42211249701095116,0.518096956559101,0.5024675749084951,-0.7910678208607694,0.5035672059207499,0.33609870474376025,0.08757529668422215
143,141,20,0.13802199256126801,0.6324898027486942,0.9688461370421703,0.7360104977263499,0.32339132831035233,Memory,3.4242881529704423,10.960335126318567,0.046283877857453845,0.1035590691667843,5.108581739354606,0.6517273024359466,vigilant,1,0.7694450196593243,0.6387130511594873,1.16227058919047,1.9305324111580773,0.012349211825862289,0.026414733817050104,1.0403911641974046,0.8361083029989507,0.9065434552760312,0.8553218915917075,0.864596050833216,0.9959944568652144,0.9976940872183716,0.9999389287412342,0.9994686295187073,-0.09143281053746127,-0.02987071153844111,0.07448145491671986,0.0719038968200228,0.03220242260581217,0.05721659598518782,-0.0029344682394420556,-0.09921716818653589,-0.012362175443728104,0.1265878217631014,0.3376111082354956,0.5332048258958053,0.4426110671190774,0.5130711262729881,0.5065037574304445,-0.6981690082080222,-0.24346391846082652,0.4950578405313211,0.45629276886007275
144,141,20,0.13475588292659485,0.5683553270598742,0.9815368593569859,0.7397603128828252,0.2547152554099814,Memory,4.261571772306765,11.748929954186313,0.04701002950258728,0.06365219933142241,5.078426757637929,0.6545526302013112,vigilant,0,0.7279555714787259,0.6856243037940543,1.1501850554361641,1.864971615751556,0.057361109522261935,0.0466654753432265,1.072403792574433,0.8459861748016786,0.8967136886129413,0.8583460922730445,0.8622377506106951,0.9979460833899213,0.9987580738008429,0.9999892173582731,0.999821747345133,0.04537575127819746,0.07934983728583997,-0.09086309995969243,0.003102219036144506,0.01534286215695429,-0.0872333671851205,0.06659610978356996,0.025690797126368684,0.04501189769639965,-0.0009883324249565571,0.3633960555422726,0.49645580976802944,0.4675864603182945,0.5273150941801276,0.5067872359533538,0.30683979935911776,0.5260532333192302,-0.7929048254884732,0.020476107069796166
145,141,20,0.13303155248336596,0.6062080731847237,0.9871238204208401,0.7422386909273844,0.437598476411478,Motor Control,5.0743096071138565,12.55955322831366,0.0414232861217449,0.03875030117791445,5.163890565080766,0.6547510651673476,vigilant,0,0.708027244968193,0.7061851176446234,1.1478906222649694,1.8781400192876574,0.035655946870946593,0.02321763928325263,1.0785463775040451,0.8680619931885133,0.8839473387903002,0.8496698099196052,0.8620711643120388,0.999791618449985,0.99910772447861,0.9998946462073376,0.9999733150516673,0.07720128144911187,0.060312164915392714,-0.10699214232277535,-0.009975742241288128,-0.005646828172360451,-0.0833960700156336,0.061600300234580435,0.04255298302391907,-0.021705162651315342,0.07362723949763036,0.31126342749462627,0.48138812438164885,0.4801356609722709,0.5201213134613151,0.5169226441655581,0.4950943058157732,0.4173623178459853,-0.7576316481602693,-0.08175946243083061
146,141,20,0.13098543294575543,0.6401978124058442,0.9926032178110261,0.7450850283926166,0.5312549660800829,Planning,5.857858549790407,13.395078848031579,0.03864584945216576,0.02324757382544618,5.12072788076789,0.6618458509158907,vigilant,0,0.684054342142738,0.7294310501998567,1.1454483867789726,1.9106244807723125,0.011479250540183027,0.02577748215736565,1.085108313772826,0.8765075407946086,0.8771942444249731,0.8540923918833186,0.8560321107323724,0.9999996078337672,0.9996002069735304,0.9999974421253615,0.9996842746283633,0.02742448822253307,0.09886424062349136,-0.01138104983222899,-0.09637316551692747,0.03533125377081297,-0.06076148798559449,-0.049066435665882424,0.06744140692397903,-0.024176696330763567,0.0022788606534009373,0.36289517957435546,0.4635701871085958,0.4943210905799772,0.5131122354423414,0.5267496130724852,0.19615404671288875,0.6633359263755751,-0.08066242395317594,-0.7176368246540956
147,141,20,0.1302070086456031,0.7342327723202885,0.994330003356736,0.7466501514519113,0.5867619762151861,Motor Control,6.6383479091258355,14.244563236396655,0.06060598599138242,0.01384310625193427,5.078673412654048,0.6687247291507397,vigilant,0,0.6765698679826461,0.7363784446451057,1.1535975754620031,1.888896357412262,0.03832196851268352,0.0319204990130701,1.0633070192985263,0.8860601996062746,0.8692793880686074,0.8583215181817773,0.8500204936228807,0.9997635675290387,0.9999117193201856,0.9999535044009928,0.9990015916040983,0.04029548972231639,-0.053164073078381335,0.09807120760460293,-0.07324447854464788,-0.057280023103504864,0.09932382614518653,-0.07859154928442287,0.06291156905153461,0.026842717972500492,-0.05809238555676364,0.3346205670418342,0.4635103746748815,0.5044845550063932,0.5288876321278011,0.5009304531685949,0.28019683374357346,-0.41322080604866746,0.6869844490555022,-0.5280063129967992
148,141,20,0.1284400803312771,0.6820128585804952,0.9974526289153824,0.7482858560497807,0.4905229979939943,Attention,7.381208221229368,15.111316079961167,0.09080463401818471,0.02061096137994885,5.173325792766807,0.6506513172180164,vigilant,1,0.6507556712011854,0.7592872028419118,1.1415349031570292,1.9398002570796784,0.028682626092955018,0.028675715971462058,1.0956751276903363,0.8860914897865021,0.863420713598003,0.8486918563224224,0.865487536634615,0.9995801910083513,0.9998511113698619,0.9998045799377524,0.9996498731299673,-0.11909726488908416,0.024691172113865775,0.061869960694094644,0.028992140772865577,0.0988362173156268,0.01649792198884939,-0.013727520687389961,-0.06938000121587307,-0.0096393424197285,-0.07443644925976955,0.28913026312635204,0.43868913056641684,0.5118526931161351,0.5314128244107515,0.5129903091921312,-0.8752861033086109,0.18489301856723217,0.39766901089247414,0.20383367439097497
149,141,20,0.12510659211315583,0.6346208794142028,0.9999974184646401,0.7536125038043722,0.36815943651117,Planning,8.084031699417872,16.019237155985703,0.12702812987436374,0.03175796291513438,5.188476946464509,0.6590932164344918,vigilant,1,0.6121279056933383,0.7907587666738116,1.1481644140899576,1.9348566943642416,0.03166208833279973,0.03510711002272042,1.0778122658331608,0.89863888346434,0.8590732304699383,0.8471129820773425,0.858394395025935,0.9986608766262896,0.9999043457391527,0.9999151491317231,0.9986188799397945,-0.10004733002859173,0.07618566112657083,-0.0009915342632963653,0.031473959947130974,0.12231328327002032,-0.042958183658795356,0.016777918179621668,-0.07109168623986065,0.0029794622398447122,-0.08761545489125527,0.30488871638102694,0.41633846901015387,0.5378341539590997,0.5310045570560401,0.5054016644646288,-0.8355870899050176,0.503479876334862,-0.007202758303238729,0.2196596221036558
150,141,20,0.1244103690585521,0.5998198472746998,0.9999201412146476,0.7552258454448328,0.3927571523628518,Planning,8.784903566996134,16.93806276337975,0.1622648867712531,0.04787769702210692,5.18602734233624,0.6537811651252401,vigilant,1,0.6064889345897534,0.7950919268991391,1.155621854918675,1.9820724830823515,0.032060386291650714,0.010913933052041195,1.0579326134113818,0.9092096984500421,0.8430506610221817,0.8473689602213124,0.8628842057007987,0.9963028651578721,0.9999883390833136,0.999836109539419,0.9980149665853706,0.09191145772630874,-0.009649419375876066,0.027865653901607165,-0.09422283021647679,-0.06162791476499557,0.021170640845953815,-0.060734651166606986,0.11734744934173645,0.00039829795885098357,-0.0825444690616677,0.30090831987499195,0.41661481249305493,0.5461716696676282,0.5284802775905926,0.4988358261614068,0.6833496806052912,-0.06668877344370021,0.19767643609099447,-0.6996498039216367
151,141,20,0.12576499589590254,0.6408390353947999,0.999868450611007,0.7528184661777086,0.429940960768755,Planning,9.499120624285322,17.838884468296403,0.17682838113344124,0.06830960014418784,5.170881665543556,0.6491850783129847,exploration,1,0.6212730924491161,0.7835941198086623,1.1496024308306643,1.874234923250998,0.03385084717797812,0.01993673509710359,1.073961555830547,0.9090831065090293,0.8376732664270466,0.8489455757656581,0.8666964944899975,0.9957949137305724,0.9999217505985447,0.9997802774814791,0.9983084956004696,0.11946695068641819,-0.059139822703504354,-0.05301859253389009,0.02443430161288461,-0.08806221558022871,0.0009809190274541078,0.04210959469864989,0.04707971197019448,0.001790460886327408,-0.1968106756667472,0.35976687029276794,0.42337074573594674,0.5339855063574437,0.5229632065071481,0.5119825732341705,0.8139224479633643,-0.3996096056620279,-0.38693763222622224,0.16769520127638718
152,141,20,0.12715395564405257,0.6980414870226628,0.9989802266483423,0.749624693348906,0.3227891247452078,Attention,10.217457522217984,18.71846806194672,0.15828329903264682,0.08830511283332006,5.137779239042889,0.6583878012639193,vigilant,2,0.6325400099372812,0.774527685643673,1.1356386736767652,1.8616017888559364,0.03794703883380327,0.02268731048463772,1.1117193621141703,0.9059565155515086,0.8454936269999499,0.8523552540872271,0.8589958320400267,0.9969364008019626,0.9999696267646283,0.9999698559682968,0.9980350554640823,0.06804157670485254,-0.028763188426255974,0.0742414485567343,-0.08826568546179793,-0.06244107758300685,0.05517273966805916,-0.08151382711396406,0.10147505248918208,0.00409619165582515,-0.277342893654702,0.2910318122322303,0.4230189945070448,0.51797501762986,0.5390314057408981,0.5120565740454256,0.5036720097380247,-0.2220770260292148,0.4845724720131609,-0.6798424968207953
153,141,20,0.1375988791547248,0.6495146652435778,0.9706312583606332,0.7314353305616033,0.2497972290901592,Motor Control,11.031067749299208,19.45304259185707,0.12082381356681787,0.11724080010039582,5.234188434445389,0.658439601831798,vigilant,3,0.7422384110679628,0.670135912435161,1.0961575350305135,1.8741936807446757,0.02645063175987039,0.1107319874896507,1.2234061575029964,0.9061208124237332,0.8553957421834247,0.8422856628330169,0.8589517214215056,0.9977432920076114,0.9998891509839603,0.9998180730614065,0.9980161094069065,0.053839125300409185,-0.08262752238101655,-0.04565635220457709,0.0914863878731955,-0.07472310757267546,0.02350826911808252,0.07730984770997172,-0.016686016083519446,-0.01149640707393288,-0.28695181065653413,0.3336095357486475,0.46974078423094356,0.42410924085116875,0.5488683508564901,0.54609382058731,0.36084011444641073,-0.5999896285555626,-0.3152228343149987,0.6406570238110858
154,107,20,0.14118285815899811,0.6402887020918501,0.9543595456009545,0.7273146542163473,0.24322615635292494,Memory,11.901075501229233,0.13785944232421343,0.08000130835279738,0.15772696850531764,5.29321010513894,0.6822656744111171,vigilant,3,0.7857742539419013,0.6185133966552773,1.1071980884656887,2.0131097066890087,0.020495394357838554,0.049106204438192164,1.1913752763126504,0.8828043901211367,0.9056110358357062,0.8359088032813126,0.837724019682038,0.9994793049901374,0.9961011906828031,0.9999980754935559,0.9985414898046481,0.0879173380952687,0.03074745806085895,-0.0892949442067325,-0.01374776270561975,-0.03333108378114011,-0.07885324238408911,0.05012654818863128,0.06693108309066109,-0.005955237402031837,-0.2717494991165818,0.26858604737095765,0.5051800457756955,0.39764681073184754,0.5290243741803988,0.5538983000415482,0.6918558344813921,0.23386043591593883,-0.676172640586257,-0.09713578604135634
155,141,20,0.1414754170925898,0.6384194238419396,0.9529250095849816,0.7274329918096497,0.21546773877300746,Planning,12.783048328132171,0.8197234106731979,0.04954428523141656,0.17942671909222427,5.174146245082393,0.6877288100290837,vigilant,1,0.79113763082291,0.6116381684426774,1.114815921454203,1.8272883930773416,0.042123785811527564,0.011340580402594913,1.1696508012121687,0.8630139722195637,0.917538560907656,0.848606626138394,0.8325843303085463,0.9971049601545838,0.9956756337977588,0.9998453099854697,0.9994064567666702,0.0506474622650899,0.10438068444969646,-0.025755481224774262,-0.08392448890836486,0.02581722433377234,-0.0736604160068529,-0.029152615108152997,0.0737714160111139,0.02162839145368901,-0.29843479323539823,0.3170526849049211,0.5141070677943395,0.3974624554290122,0.5277018344785916,0.547035897594696,0.3348638263190195,0.6898569030728599,-0.19961116857533642,-0.610015616591655
156,162,20,0.14264168114559966,0.664983946797685,0.9470655406591413,0.7265369369935738,0.31474329498964804,Attention,13.69239344525973,1.4848703701258026,0.029853580974854944,0.17072628193772002,5.16621100687155,0.6829251283162872,vigilant,1,0.807126552121255,0.5903784623958221,1.1266450282643503,1.9888373081221031,0.008346491945361178,0.02311689600807792,1.1364902868440037,0.8577260154373685,0.9176184356065322,0.8494296723795557,0.8371091450689788,0.9965927036994695,0.9957503963859496,0.9999065441319869,0.9997288862852503,-0.05323405790517575,0.006185513808229657,0.11382518620159288,-0.062065280328531404,0.030812350932155307,0.07045396723026161,-0.1016750497962034,0.004043861803032264,-0.03377729386616639,-0.3125946007552628,0.4136695769830735,0.5331768147991426,0.38999597681297804,0.5249932523274573,0.5366634767171347,-0.389393188977171,0.046620907764267076,0.8052525242402501,-0.4447109258182561
157,141,20,0.13923803586602168,0.6933572342079686,0.9635040898682338,0.7345961605457424,0.45889846443127474,Attention,14.606238664963952,2.2050200843120895,0.017658517122683653,0.13593454215654685,5.149959513964744,0.6756644337019942,vigilant,1,0.7854288088869005,0.6189520063546969,1.1634984728906388,1.9700692618206614,0.021841423282122147,0.052197759989255396,1.0371697769134365,0.8460038288775164,0.9208165588367365,0.8511063855350857,0.8437963658360087,0.9948616102814472,0.9954335073823873,0.9999659508853216,0.9999969607924882,-0.0324206982204284,0.11295123514970631,-0.0243848252813761,-0.03417060877868649,0.08929339984485002,-0.08095523877927188,-0.010465655157436846,0.0019938145047655458,0.01349493133676097,-0.33399279002023347,0.2900286970313127,0.5451579055904198,0.4296081014949163,0.4980145769750824,0.5198280467843949,-0.24525129069003102,0.9178641866687237,-0.1572290265362559,-0.2695480893278555
158,141,20,0.13784785014703088,0.6355294494060918,0.9695855931009354,0.7347617436585301,0.3964192874179996,Memory,15.472389577707451,2.942268432791109,0.020055347926358016,0.09660076965507837,4.988087461850494,0.6638796327490764,threat-lock,1,0.7614965869730903,0.6481689193631045,1.1374324291936817,1.9776298327105393,0.04367567536152099,0.04425803499637589,1.1068223504713754,0.8383333776181559,0.9030154347733395,0.8671686549687114,0.8542709150920493,0.9966564710336432,0.9988294534150457,0.9998810360551303,0.9998395866937944,-0.003958317759828217,-0.006887640903395076,-0.08333690682219227,0.11148151008239046,-0.001592101984865482,-0.05212618691139192,0.13428970398289986,-0.054194384322096376,0.021834252079398844,-0.34859461633043864,0.31237635055767105,0.5105020708675124,0.4345279824852525,0.501747191859288,0.5466468727977849,-0.027311079815398452,-0.05143737233045825,-0.6843706830609076,0.7268046985358592
159,141,20,0.13516405043177274,0.6190278135899243,0.9800950587061397,0.738850831091168,0.2693431745713493,Attention,16.307676011734607,3.719808650085968,0.027191776067252055,0.06480665074255737,5.010483151155728,0.6826528109584493,vigilant,0,0.7319552674432113,0.6813526887465383,1.1411714228724537,1.9591492922088147,0.035219719769488844,0.031329875584373536,1.0966598502898885,0.8598765204539516,0.9006583307010455,0.865014306486642,0.8373632368836391,0.9985559417927092,0.9988697557241297,0.9994958775831202,0.9996733349617998,0.10259282255552411,-0.04632440369797122,0.023660421921750267,-0.07650454656430618,-0.0704541834864578,0.04399575742831291,-0.057974601648473456,0.11622845326111024,-0.008455955592032147,-0.3107871141186014,0.4232847290347523,0.49318575186352015,0.4590901289056762,0.5057261298186783,0.5387440294979559,0.7351035005274865,-0.3695308827840827,0.1647626441877579,-0.5439880892641956
160,141,20,0.13156814402368652,0.5662933082036843,0.991177944232434,0.7441289692622253,0.41548346228606997,Attention,17.102268612882472,4.539541450585114,0.03524694711143525,0.04182307506432504,5.03435677891207,0.677120820648569,vigilant,0,0.6960104769403953,0.7180316260369062,1.141638850956423,1.909584028828255,0.036029643299108495,0.0476051946155528,1.0953936211225048,0.8699240250127519,0.8883896945182795,0.8626940804848902,0.8424695038253083,0.9997093298734055,0.9994561229427097,0.9997274174191098,0.9994809761314803,0.03918189222108905,-0.08298551950747045,0.10308264654842998,-0.05227508446139406,-0.054060558528767275,0.1118331000401523,-0.07342981691552439,0.04468298390259331,0.0008099235296196508,-0.2781865138340367,0.6735210101726228,0.46926219124700613,0.48410922734943923,0.48115882092614076,0.5602833398441794,0.2683351924710008,-0.595606830237685,0.6648666685465855,-0.36221684294291595
161,141,20,0.13346068439221112,0.6006289635420939,0.9858122500666759,0.7420299075097748,0.4502220772130915,Memory,17.926628248241304,5.345372336208037,0.04327887284802531,0.06285773179958619,4.8869529255568445,0.6921983378909256,threat-lock,0,0.7150975699043547,0.6990246530108123,1.1527932271802985,1.9384809075079417,0.011728142159438683,0.06005163136797129,1.0654470069420188,0.8830588833492891,0.8750075721432817,0.8766334378831746,0.8283010158239291,0.9999448898600772,0.9999978237730728,0.9984336007919555,0.9979266381709531,0.09423321397236593,0.03932027885120937,-0.019546617683411736,-0.1050888786193256,-0.028565606413551024,-0.03180837741019963,-0.04043121515715654,0.10361534461950792,-0.024301501139669814,-0.2726278964174636,0.3496197165072317,0.4893823703609893,0.47838274947145254,0.5154854885863843,0.5156835576646598,0.6495130134834419,0.3021108902548101,-0.14189679687636159,-0.6831743220740464
162,141,20,0.13532903787809986,0.6494892685885257,0.9794999009654138,0.7389868022384879,0.2620088755727444,Planning,18.76971482346677,6.122078620062537,0.0476043861218102,0.09752924892024387,5.092912931518306,0.6609784903652618,vigilant,1,0.7354672120650662,0.677560314641611,1.146327887083131,1.881475760399883,0.013372145293696548,0.028655689044716368,1.082742387713314,0.8720693153586796,0.878151433655564,0.8568983053680126,0.8567791214986217,0.9999697516269845,0.9996557874395161,0.9999999901921598,0.9998270469267628,0.09624315122906105,0.03636823793565603,-0.057220924603033615,-0.062450453148834295,-0.03411806138320889,-0.05812832545587817,-0.004727442482841757,0.0974059632027762,0.001644003134257865,-0.1821339761094096,0.35195893589164723,0.49899971854494707,0.45971105272532264,0.5059051892904005,0.5326583786482578,0.7198676024991492,0.24920083204253118,-0.42948231393514363,-0.4850098165999857
163,238,20,0.13821450698766946,0.6641177473768738,0.9680210463069466,0.7326050181785979,0.10809491101613232,Planning,19.574114191863746,6.714378003444142,0.04625361325999449,0.13851367436785583,5.035431135742403,0.6728608650537804,vigilant,1,0.8052546392744785,0.5929291407300955,0.9989378876745462,1.873466960561773,0.017047109847875597,0.40294307631978965,1.5404681820097736,0.8666021439578113,0.8880685467776023,0.862589087764548,0.8463303409317,0.9996140256887261,0.9994663830525594,0.999821050699791,0.9997167335244,0.05018022394158213,0.0357883340485065,0.048569517967900856,-0.12330343386328094,-0.007039014662836123,0.007351195044781754,-0.08281312791885982,0.08831341529008124,0.003674964554179049,0.0351623619415123,3.5267667070496653,0.4384522842610771,0.3228433882632428,0.7869650901225178,0.29020280496795037,0.34268577942186107,0.24002595663262372,0.33341923853581196,-0.8448583361125254
164,183,20,0.13761705769987936,0.6525120000266512,0.9705553729143502,0.7210026463106208,-0.010600220919678216,Attention,0.41031866567677966,7.345312225671796,0.03935235684587187,0.1617640401047716,6.721790540735107,0.5031419634775652,exploration,2,0.7982641907986882,0.6023074644137457,1.0475284792323998,2.2423887984029367,0.055720299113704796,0.1221326227185978,1.3732476597905594,0.898754466237466,0.9464523995269627,0.6169975158323783,0.9569651667143045,0.996653044669728,0.9446139533045949,0.9362764621395261,0.9944903447117522,0.03336265148570051,0.09410360081570655,-0.08659467810102235,0.04773881131730496,0.03772495419613384,-0.11491284924776235,0.055721644424423504,-0.01142383577677991,0.0386731892658292,-0.14249088643543725,0.9696915396891053,0.4699079977214151,0.3545556695110504,0.7146595246427179,0.377807483691438,0.24334626775819934,0.6926937436966439,-0.5608483285720451,0.382631838389889
165,162,20,0.14212569184914065,0.6603649204387011,0.949685054154196,0.7211674059216824,-0.25043235852734613,Attention,1.3009044539535848,7.983049672683293,0.03463804649689948,0.16648781086128506,6.287957147856307,0.5644652385840065,exploration,1,0.8130399819999753,0.5822078560698747,1.0953776050300466,2.1458764673421395,0.025969843099824856,0.12466748598081924,1.225694242231093,0.8827153953916033,0.9350349056069915,0.6994724823916116,0.9258841733241188,0.9966679086110717,0.9670380579185903,0.9712184873234396,0.9978771204777095,0.11480764084626868,-0.004949509246354073,-0.09373481979786341,0.0326895863321985,-0.057547543069430114,-0.05333101358724273,0.04550057571190781,0.0425349259103402,-0.02975045601387994,-0.13085092330152412,0.2761808162263442,0.513972541342559,0.36804936780322495,0.6277285058193726,0.45423429261593123,0.762781928297953,-0.03916233672081566,-0.6033558821939454,0.2293288483086845
166,162,20,0.14086775319983458,0.7116092335559147,0.9558880755786848,0.7264078795010636,-0.1475090242238274,Attention,2.1816863606704215,8.666032484737453,0.04894171769234928,0.1445441488645005,5.766371034916236,0.6179640048311519,exploration,1,0.7902513198966796,0.6127828745987896,1.1145592351962077,1.9945222829653348,0.05364809203374825,0.05887028499572949,1.1703779915235797,0.8578066340748246,0.9298062487155995,0.7784323445883465,0.8908822611800814,0.9946623615575183,0.9829971373128694,0.9924464109922873,0.9991074370576233,-0.048147222339285124,0.11692241377653327,-0.04661583890554551,0.021676590039465867,0.10845617767415325,-0.08814829877128501,0.03023407058704454,-0.04072980002733304,0.027678248933923393,-0.09431391166252677,0.5135016648091596,0.5133467079619682,0.39806332928604066,0.5865585688747949,0.48370421600690666,-0.365019669383746,0.8642246123248808,-0.31376504943111644,0.14638290258899458
167,162,20,0.14321926729457402,0.7475057634230337,0.9440845081244496,0.7265307679444991,0.00012980452595610925,Planning,3.1252646895592346,9.324040578198028,0.06371368328366464,0.11139744445785936,5.519351413248769,0.6385929512048346,exploration,2,0.8202502798123537,0.5720047888503692,1.150354168857672,1.8333674155266544,0.022535426140890817,0.06598423452869849,1.071951890292147,0.8581813049434084,0.9173579359817957,0.809906808465561,0.8752315275045672,0.9966718974505276,0.991077581206891,0.9973517388275205,0.9997803065306701,0.05300246021418985,0.09012074464912452,-0.018703357083873176,-0.10089053673889041,0.01594258286819058,-0.06664848495017026,-0.034259036925279256,0.08397105410759899,-0.03111266589285743,-0.15279800998896834,0.39539825882096014,0.5595256517853378,0.3901874344731154,0.540868661198628,0.49208320669163286,0.36098346637493456,0.5940913644032728,-0.1372006653729573,-0.705636142191294
168,162,20,0.1437532009040874,0.6925177829489637,0.9412848172819692,0.7279600479704912,0.012857071975381162,Motor Control,4.100400119993656,9.969361027958369,0.07787986144210621,0.0754093547308095,5.245211967191768,0.6444582446841429,exploration,2,0.8339281760968615,0.551872990018321,1.1693278370788123,1.9623237608400887,0.03140590971221022,0.04480970218677381,1.0219510469726005,0.8288130300213677,0.9207354467677193,0.8411070594655516,0.8705481680237236,0.9928052597523961,0.994307590099368,0.9994048177242663,0.9988622318690447,0.013860030864059717,0.022116857924565976,-0.10460192811965206,0.09333646932542237,0.006289843718293657,-0.07252568382469186,0.11215431049433351,-0.03922399067012113,0.0088704835713194,-0.15567230672496965,0.3937833943822593,0.5832401454506158,0.3859738670481926,0.5054808526075356,0.5053159351724088,0.0883914339645952,0.17851774689673086,-0.7707885309124104,0.6051474275401703
169,141,20,0.1407071630112398,0.6958970522991682,0.9566603442517747,0.7328398084806556,0.06985904382378139,Memory,5.039315145992051,10.66314632526447,0.08562144662685979,0.047347629192657295,5.032885115645214,0.6537211546206861,vigilant,1,0.8042561283833524,0.5942828282542083,1.16743285237468,2.0047396149614793,0.06009633986950661,0.04330249440261534,1.0268849026809501,0.8122997759028614,0.9225097132152896,0.8628378193712295,0.8629344126608389,0.9902237157902836,0.9964231230047053,0.9999999932005597,0.9984808003489807,-0.0789734572754541,0.09429992880341433,-0.03626066091793592,0.06237227009120969,0.09989429480870261,-0.06497136468459301,0.05171216748173908,-0.06797683843757611,0.028690430157296394,-0.11216526701308159,0.5533102638254298,0.5611023405864116,0.4146110600040173,0.4896178774185443,0.5230068321008944,-0.5609075135349808,0.680076738021814,-0.2636149012515016,0.39164470569608784
170,141,20,0.1365417356899589,0.6261721577815876,0.9749149704282886,0.7386732515445188,0.18572860757274262,Motor Control,5.921596856083827,11.427582971966654,0.07971564897149934,0.02915172535905034,4.937707264511266,0.6661047824706261,threat-lock,0,0.7557770485246196,0.6548290257184808,1.1673835714039091,1.9997877473212584,0.036483316597145855,0.05892749871509173,1.0270133829203083,0.8277464328477229,0.9099987172982799,0.871937113166969,0.8523284860342332,0.9946206071372548,0.998592503784409,0.999721255571503,0.9996371172090915,-0.02721060566347908,0.052972497453838314,0.08431440345356586,-0.10097424994246773,0.043915696865345175,0.017330400867508196,-0.07416621734463587,0.04030139090747098,-0.023613023272360756,-0.07472967114607758,0.41425960150993674,0.5272462642562983,0.4568227603770819,0.5064034688951087,0.5068331570855,-0.17849944070883775,0.38642086016902,0.6004569271567419,-0.6769552031872936
171,141,20,0.13347086557149215,0.6352259410145222,0.9857804820453763,0.744310094568563,0.3116882108617125,Motor Control,6.781813945734818,12.239829121861963,0.06286034146396902,0.017870532514442,5.038420813370652,0.6547832099598501,vigilant,0,0.7270895602476309,0.6865426216768384,1.1830964666278792,1.9442343163700517,0.025761016172869515,0.03773237294831592,0.9864715068545163,0.8497125227206475,0.889557733611447,0.862296655196094,0.862044166931955,0.9987593629103532,0.9993852493642499,0.9999999538420127,0.9998958208351756,0.07114033473549759,-0.09975714674424778,0.053389534638004096,-0.028676799928585562,-0.08558741348233798,0.10670687172097897,-0.0436407867670779,0.052186422000638104,-0.01072230042427634,-0.0858783762992417,0.5036177350359353,0.5176193323199438,0.4887537283859754,0.503658950154967,0.4894054165282443,0.46843584913965286,-0.7614601790585929,0.4004083471724516,-0.20104578200870923
172,141,20,0.13290601778227562,0.6262926799895553,0.987497248590684,0.7442573915083682,0.4717677081943346,Motor Control,7.620392384358618,13.056837065546045,0.04407681867775706,0.010764777991539253,5.021953700929802,0.642583791569771,exploration,0,0.7162588247966509,0.6978347196155551,1.1707757162529555,1.9312516843548568,0.027815477738707062,0.02136419817372928,1.0181898290939186,0.8556110222819174,0.8724217948970698,0.8639025737058458,0.8720563820549012,0.999791672523047,0.9999444570473837,0.9999492079038536,0.9998009739292563,-0.032524019327180506,0.11616277737955658,-0.00168757575206111,-0.06855286131564506,0.08656294269272169,-0.056384460498067585,-0.04159942827573374,0.025838102835116783,0.0020544615658375474,-0.07364486443577105,0.36309887258332624,0.5018862806410352,0.4889764143980544,0.5051980652877472,0.5037728876161502,-0.2139988649090779,0.7997868841172819,-0.01132672342252991,-0.560729106742378
173,141,20,0.13281822799092918,0.6324558397121536,0.9877556055757529,0.7428794942747189,0.5792052166975404,Attention,8.438822043816167,13.873718886774958,0.045956911864708766,0.011307061931456724,5.0311883917264835,0.6526410213313052,vigilant,0,0.7077757475941087,0.7064371812961154,1.1563403553167482,1.90514101460728,0.036251344420892936,0.037391290322350834,1.0560288513785603,0.8649336137916768,0.8722970029643978,0.8630034239359868,0.8638361376021283,0.999958332969493,0.9999342123452798,0.999999492217012,0.9999991101781166,-0.029424353821824182,0.11865068296938996,-0.02490701985176535,-0.054600735369692135,0.09567570293918765,-0.06498263369543789,-0.02324072686435601,0.01908042811539089,0.008435866682185874,-0.09118238867555753,0.355621529029414,0.4866539640180955,0.48573358973678715,0.5361324626754022,0.48968639104357725,-0.21721081099817657,0.8525701188762259,-0.16481964847712163,-0.44584542103824554
174,141,20,0.1301962357311433,0.5920188608601187,0.994352442510289,0.7455076338619268,0.4707590869166224,Memory,9.209970256437995,14.718893824227623,0.05851779731431018,0.016141885989082574,5.216794776052413,0.6427804737305041,exploration,0,0.6740151400666208,0.7387175312397652,1.1441111138031812,1.8890082965551578,0.03296157434827891,0.04200139204817467,1.088711850194835,0.8735948228835945,0.874106901404432,0.8441338618472037,0.8718986372457811,0.9999997882277688,0.9993647866409238,0.9994605450909075,0.9999977010938953,0.023513060678310105,-0.05673647895952206,-0.06303542636044077,0.11760332113128329,-0.04372450498073532,-0.0005310708215440999,0.09794503313284163,-0.042072359471913866,-0.0032897700726140233,-0.06069321247008163,0.5297085866949655,0.4559474150865276,0.49971629541523455,0.558979865557982,0.47951753739963987,0.1584768427703897,-0.43831656718342904,-0.4451139750614097,0.7646157377683868
175,141,20,0.12936583153524747,0.5855803146441816,0.9959586624799145,0.7492366380748369,0.46622036888077856,Planning,9.998610668091358,15.585159068018129,0.06887695898338696,0.022269162744634127,5.3538791933478915,0.6356622761797479,exploration,1,0.6731991371928082,0.7394612374444374,1.1714816138088595,1.8708284349022974,0.03139983430759442,0.04187235714236558,1.0163587437051769,0.890006713748996,0.8661891358717843,0.8291812248548641,0.877532293837436,0.9995209565277904,0.9991215714775891,0.9984201866642557,0.9998611026845263,0.08547318926595009,0.05704741034665402,-0.09320252033624203,-0.00721590503512851,-0.015258605105325515,-0.08961464492036617,0.04924150970533064,0.04492940038672184,-0.0015617400406844964,0.005273928808024853,0.4242928739059455,0.47214614252385406,0.5186188625570279,0.5253892557466721,0.48174537407904544,0.5609850295103767,0.3670436657633558,-0.7400997272392953,-0.05317083625974058
176,141,20,0.12866252213427087,0.6323227277724838,0.9971229945541835,0.7506506265840295,0.33352319359105187,Motor Control,10.78314802183168,16.46234436292714,0.07213870212144863,0.028997504248279744,5.152335534480033,0.6372217618553317,exploration,0,0.666647299339912,0.7453733147106903,1.1768402189840717,1.9016815977993862,0.016943769538454966,0.012031170044711477,1.0025143237662946,0.8815202865740309,0.8550055380060021,0.8508619890590216,0.8763112403204876,0.9994599257222685,0.9999885403781237,0.9995236894528532,0.9999769634225847,0.07582717942949883,-0.01493313771495791,-0.10717792503944334,0.05742340860223606,-0.04588737492122713,-0.0476409870424814,0.09311900152461995,0.0062136047002099,-0.014456064769139451,-0.0642564810789347,0.3518462783734543,0.4707985763675975,0.5263963354770328,0.5269799979348123,0.47280827008831533,0.5093256148711219,-0.10187909377871372,-0.7434471168488511,0.42130090521634544
177,141,20,0.1282721667012519,0.6321944663405625,0.9976889267604058,0.7516976579552175,0.22561259208529366,Planning,11.568096965294405,17.34517003851751,0.06671575017090284,0.03717206754243152,5.161879987608874,0.6309657890618208,exploration,0,0.6644655057460704,0.7473189357119346,1.1813238410041675,1.909431177356324,0.04721969617278872,0.014814975951073629,0.9910041547697694,0.8822407245516212,0.8502393148135876,0.8498776830948424,0.8811653279977003,0.999226923456376,0.9999999148345284,0.9992660866464536,0.9999989902822571,-0.07944658712803712,0.06968555715932706,-0.04810189745555763,0.08305920114590372,0.08935956954797622,-0.06035310401131634,0.06776641330457008,-0.07474945639007725,0.030275926634333754,-0.09432054380076148,0.31738731203211457,0.4719661283311786,0.5308164557323594,0.5148623148699667,0.4799985841221294,-0.6219957219913588,0.4267414109046229,-0.3619856415975633,0.5477038299307214
178,141,20,0.1326498412479034,0.5746091568694154,0.9882446737593462,0.7449171765192334,0.18037315890243108,Planning,12.408821237524567,18.169401718190073,0.054781629512163914,0.053177972283539064,5.089173889219801,0.6359990088854905,exploration,0,0.7140761522185193,0.700068031574642,1.1773594029406627,1.9564548700238085,0.007829661553253531,0.04882598894338286,1.001178112177765,0.8816166793188477,0.8474868050233054,0.8572728803743063,0.8772692600524303,0.9991337845592823,0.9999363643213132,0.9996960838810046,0.999983869783077,0.11383276904289188,-0.01596445999225131,-0.0839871351179229,-0.006012709878205908,-0.06875961081431653,-0.03774349266764227,0.04446466700752555,0.061999633973174983,-0.03939003461953519,-0.18841200046329842,0.44304188571420483,0.5046307375843218,0.4947313336751898,0.5167409609813299,0.48328820119056926,0.8040539008129044,-0.10539502418668813,-0.5831211558548527,-0.04856882805607016
179,141,20,0.13146594222033137,0.5361222896903695,0.9914359432450895,0.7453871817437279,0.09066183593623466,Attention,13.21558397934989,19.00572735136573,0.039509646495325346,0.06727681633280637,5.100445765887979,0.6383017408333984,exploration,0,0.6942719579439094,0.7197127540989743,1.162026973139684,1.9104848474732357,0.028211554694896526,0.02802761011600944,1.0410309606343595,0.8633352845750469,0.8690459726533429,0.8561417954427263,0.8754613126339926,0.9999755001499496,0.9998788867398283,0.9997201890629198,0.9998861175481865,-0.06897175889881785,-0.06564357307197771,0.05808022570146962,0.08966502723063884,-0.0015294837853232948,0.0728338312067548,0.0164751994767031,-0.07269791316455096,0.020381893141642994,-0.1759504569988841,0.30422398706568,0.48095814422523564,0.49858230139642457,0.530066435186295,0.48900358539310335,-0.48243566105485863,-0.5018309190255565,0.3846253022962383,0.6062053599944941
180,141,20,0.1341922694792719,0.5847305392458042,0.9834544574756545,0.7427516886676222,-0.09604968191618585,Memory,14.079514559604453,19.809082431501587,0.0271116128023299,0.07700435913394423,5.18039861111777,0.6423025097751723,exploration,1,0.7323140800267082,0.6809670243078119,1.1797268464687374,1.883394303066866,0.018608198653412084,0.04424846029154117,0.9950963602205241,0.8767435536559007,0.8668423638486679,0.8479561124667341,0.8722817713849007,0.9999223442542408,0.9997521566117468,0.9995783716980723,0.9999838175878447,0.11971070445601754,0.007734395045446006,-0.05926025015610897,-0.061260406066518655,-0.058542187709649716,-0.03212471848482642,-0.00030554785016519403,0.1026562094192175,-0.009603356041484441,-0.13535918196845625,0.2070777610783382,0.5190954074944362,0.4826984276479366,0.5178163301629402,0.4789659842639161,0.8117592863627209,0.056775099211528166,-0.40876229577590056,-0.41320313970905703
181,141,20,0.13209304223343799,0.6545659966618724,0.9898002502689884,0.7460813557372321,-0.2005688804453708,Planning,14.919268021701106,0.6434292388747913,0.017249672394970585,0.07504903494509674,5.1068979809776405,0.6352761889847413,exploration,0,0.7093867454800924,0.7048194416566295,1.183773826403159,1.9109253970071978,0.03510211484911973,0.026491384300348895,0.9847421203669703,0.8547162994404827,0.8757866311416663,0.8554918134349137,0.8778334587666052,0.9996687600979536,0.9996916356802937,0.9996225914297207,0.9995973262666771,-0.08221946964091617,0.12751957059073604,-0.018455391062902934,-0.008067130666292463,0.11177776967257358,-0.06382013565605453,0.004573719645958493,-0.03620681803398232,0.016493916195707645,-0.25822825903973706,0.39522697834611065,0.5054534217314689,0.5021991188277768,0.5224900709060181,0.4683129181583772,-0.5741574893768504,0.8073381161540214,-0.12308313450961639,-0.058299962235282846
182,141,20,0.1317241558775323,0.7058321904353128,0.9907776194522517,0.7457623401212424,-0.29696379478708185,Memory,15.740477925021416,1.4792250470308907,0.010730070960253987,0.06539573220169921,5.134940425436108,0.6278190427108641,exploration,0,0.700855273496259,0.7133035017525738,1.1717253680972604,1.8865010624987453,0.017539139093999585,0.01945768076188697,1.0157268513813684,0.8628538887613014,0.8647520106971341,0.8526453661077008,0.8835626781954004,0.9999973523745948,0.9998970640159727,0.9992659395930238,0.9996550862589431,-0.034341833042752144,0.022689502634485666,-0.08665505179362284,0.1149398703475237,0.029039972135359568,-0.053220999479647306,0.0939260197714114,-0.0688383414787584,-0.017562975755120145,-0.3560431910961598,0.2675635593152796,0.4916979944743695,0.5004312795046089,0.5251348133111498,0.4817001396851757,-0.22631258430693915,0.1553294357315621,-0.6022598838224175,0.7496255151192742
183,141,20,0.13004416992831133,0.6493072859247198,0.9946648618036205,0.7470666039477788,-0.39269466677121695,Motor Control,16.523431252826583,2.332448094516475,0.012928022967538673,0.05134167036946634,5.150808879866899,0.637190097779623,exploration,0,0.6761150413504813,0.7367960714197904,1.158017911036688,1.9267031285566678,0.0209548083846815,0.030288167342050927,1.0515916920080866,0.8707657993942663,0.8657762583282986,0.8510190493364709,0.8763361060613475,0.9999809322509743,0.9998474222113252,0.9995282459963987,0.9999750104121639,0.00745770717777788,0.0970269746992744,-0.010774482854992655,-0.08815640458335597,0.05885340664064362,-0.05395992448608781,-0.045066845457392354,0.05557437724881443,0.0034156692906819157,-0.22113100790507453,0.3373096969192935,0.46591573751361426,0.5077314717433344,0.5389952293233723,0.4843711396293372,0.04759060512376101,0.7055691345919545,-0.07172207065658084,-0.703394110862358
184,141,20,0.13110357327631944,0.6222111125844534,0.9923232789750062,0.7469182465431892,-0.2321027966852014,Memory,17.345868991054708,3.179537301816999,0.017666978124276318,0.03767535801082523,5.233971375940234,0.639059797740536,exploration,0,0.6965900352398442,0.7174693880609491,1.180662508249848,1.9031769456643952,0.03360848842244152,0.04731884990712697,0.9926977803255773,0.8848290915175338,0.8615153785311664,0.8423088132962442,0.8748626145870161,0.9995627654969595,0.9997556144984705,0.9992537737645587,0.9999148459058738,-0.05508653897609281,-0.014995898504312748,-0.036658054117548876,0.13540757434030776,0.025823298862526742,-0.01303270675882512,0.08482129765016166,-0.09267048407377508,0.012653680037760018,-0.23260324098298435,0.6746098788537614,0.4943652037565334,0.50918313825104,0.5445401889443309,0.4470028407748877,-0.4710768722502388,-0.09603311326245657,-0.25598853575900976,0.838650160166926
185,141,20,0.13265368297264873,0.6048696260419374,0.9882336111231276,0.7444557915901153,-0.3100303934787569,Motor Control,18.18277392653812,4.004051911373126,0.022404985992553885,0.03252066956655327,5.267241133665985,0.6129019885424214,exploration,0,0.7123603439280458,0.7018138929935174,1.174833695638657,1.9489852374100611,0.02797591445301211,0.03136090587427874,1.0076869378682316,0.8692543013566333,0.8606581937887252,0.8387347475180807,0.8945325350947846,0.9999451056965389,0.9996874208824652,0.997618781279154,0.9994390442963323,0.11606990544946098,-0.07857309672576014,-0.004333448379472332,-0.018087440642671645,-0.10543114839523728,0.047627355220362225,-0.008218417827394135,0.07892220575372444,-0.005632573969429407,-0.19893566339690233,0.32311934041194607,0.5017825435565384,0.49435368396247253,0.531652612458145,0.4702916050727655,0.7834097131217924,-0.6047295409581042,-0.030763377872925653,-0.14008932243707597
186,141,20,0.13501816306274217,0.6500778193705778,0.9806154212729921,0.7401635775217932,-0.33781683358261144,Motor Control,19.041150056986652,4.793272940128652,0.025851866977041366,0.049818613932746066,5.18991567474887,0.6292041235509358,exploration,0,0.7361382277864514,0.6768312268146488,1.1660529205630983,1.9070003222895593,0.015246491680818694,0.026626710553029707,1.03048580924123,0.8649937999468112,0.8692608528314285,0.8469625103943934,0.88251107742327,0.9999862029158272,0.9996521369719698,0.9990582632402754,0.9997520494536578,-0.04724062349575648,-0.025493241621017026,-0.043036383460882774,0.12606877536268157,0.01071032710892792,-0.013133694149035124,0.08449380220744285,-0.07712247027154226,-0.012729422772193418,-0.14904059027687538,0.35693354339674266,0.5126553084854132,0.47135321639060596,0.5378830736198368,0.475071004371061,-0.30991821951891974,-0.1714073981354405,-0.32409526115971465,0.8772299942252758
187,141,20,0.1334094632643011,0.635240925241404,0.9859716194937979,0.7432310502067276,-0.24921313263271863,Attention,19.888621851918842,5.607519002177635,0.026685242174043767,0.07030578920059703,5.227298441719021,0.6325497030597427,exploration,0,0.7211011159723554,0.6928298352001188,1.1752468220624386,1.9224710607046702,0.038245047512449455,0.020541035190461625,1.0066208334030031,0.8585945081501812,0.8819445226061287,0.843019450147606,0.879947462234095,0.9995734433133154,0.9988928315911916,0.9990131740567245,0.9996467926362764,-0.0702209315923212,-0.06098097836658214,0.1038201342859421,0.04322516630653274,0.005286201595712436,0.0987713270733438,-0.02468295839767144,-0.05697291339250685,0.02299855583163076,-0.19205373652146301,0.37864162218377473,0.5082103168574966,0.48828557088084995,0.5362705712381484,0.46444949083181014,-0.5296711292100499,-0.45871476226775243,0.6530651227851431,0.28728941358952975
188,141,20,0.13607080600841384,0.6695915232163925,0.9767385943508822,0.7394875604755684,-0.2838440110596012,Motor Control,0.7667654725749706,6.3791197497675425,0.02840755156936438,0.09157037315446535,5.21762342742889,0.6251146435822671,exploration,1,0.7512078331427335,0.6600657478047162,1.1689755909258142,1.8854359501571132,0.019211424139925944,0.060328051273851574,1.0228672060648547,0.8612329932569168,0.8726839041149492,0.8440461294694932,0.8855996082609734,0.9999007461967978,0.9994241941474752,0.9987096005111058,0.9995211328599437,-0.00038809230467896,-0.033911152364556586,-0.06295894722379616,0.1167516394223357,-0.02484390010331489,-0.014702000033881026,0.10044180586875794,-0.06117792912094006,-0.01903362337252351,-0.24978810051002834,0.229211849412108,0.5251458976354852,0.46143131678910987,0.5056484263039681,0.5055913122871151,-0.002499472694546415,-0.28270121303771095,-0.46623132828092173,0.8382732998925013
189,141,20,0.13897434447328308,0.6909878169683946,0.9646883067823758,0.7343663033746849,-0.25700932256161313,Motor Control,1.6680723362155894,7.1051927604339795,0.04405234569630338,0.10244046837578612,5.033890557823809,0.6539139186009806,vigilant,1,0.7787453574507508,0.6273401535442333,1.1573832896944352,1.8975319275402354,0.03539801297397914,0.03350517320158773,1.0532690042408575,0.8510122094784137,0.8871759327371903,0.8627396269228446,0.8627730986925801,0.998984597505483,0.9995110922813837,0.9999999991844972,0.9999043999763692,0.12859243735604445,-0.03293782697731576,-0.03735263240753476,-0.05295617594866586,-0.06051567011903837,-0.003157020135676671,-0.01195956844990754,0.10568446965607363,0.016186588834053196,-0.5870418901564316,0.35652532199037434,0.5361897460548349,0.43194268113522133,0.5090586821502328,0.5165126470551619,0.8447287343201502,-0.22512719982083126,-0.26516331660292236,-0.4067425781041948
190,141,20,0.13811832594547446,0.6998300246315882,0.968434259640976,0.737072758740391,-0.09189912688501675,Motor Control,2.5817504650836494,7.842376048087173,0.06570158912476456,0.09667709206048396,5.0543520929013965,0.6615588529386133,vigilant,1,0.7782689666690972,0.6279310595278877,1.1739876161046205,1.9559340426853038,0.028072752300601245,0.02392511187745385,1.0098721146398408,0.8440974768804711,0.9019010569249994,0.8607318124392387,0.8562795572105265,0.9972794365769075,0.9985121737536606,0.9999861095050482,0.9999031982565145,0.09691845248831327,0.011530906053675693,0.0012510094204519128,-0.0967325049489491,-0.04193506791800101,-0.0067761439822136005,-0.06053766803278133,0.12435376922010538,-0.007325260673377895,-0.6045181590073938,0.27950676982655287,0.5476095838185645,0.44182805803821673,0.490684133693677,0.5139462732452342,0.6472881474821,0.09039934203124995,0.009398264066384472,-0.756807561882178
191,141,20,0.13739960232878068,0.6399017585216991,0.9714582944050959,0.7393884661898373,-0.13739510701199156,Planning,3.5084802440121727,8.589926992048941,0.09130997233602998,0.0794854106018718,4.944104802162062,0.6597623912716639,threat-lock,1,0.7783357875985707,0.6278482314567054,1.1906554904635676,1.8703306920177094,0.03818786784563777,0.021640416237282585,0.9672530327886885,0.8367339706937182,0.8970997509899111,0.8713375213579078,0.8578223726010072,0.9971986433453968,0.9994030928068544,0.9998647090613464,0.9997166552325164,-0.039519045825449656,0.13390501304319016,-0.03139115949001472,-0.03373331834275249,0.09230833437918114,-0.07770012786907113,-0.0004015963279016794,-0.005280231721543867,0.010115115545036524,-0.5627605814101071,0.3528471630333659,0.5594504217173591,0.45128331943553174,0.4814506020678956,0.5015614508803095,-0.29663686611469847,0.8965678423491256,-0.2299461075642377,-0.2351541225306074
192,141,20,0.13900689510371617,0.6491157273528974,0.9645428808661989,0.7355803993875294,-0.1213897970023117,Planning,4.432069938748029,9.316696251135362,0.11376545716121683,0.0582479254029562,4.888703612407373,0.6510930156162166,threat-lock,1,0.7858668850037842,0.6183956977974935,1.1752495395341778,1.852286176917164,0.04086834515152859,0.02723887550118264,1.0066138226657066,0.8288638123244035,0.8923807267788542,0.876473224424364,0.8651220179603908,0.997070678976662,0.9997724578723848,0.999898883325698,0.9991618655123924,-0.06905270639458705,0.12330915686940906,-0.015464857674467985,0.0004161466749847791,0.10924780411249317,-0.07007246917594329,0.01009096377753386,-0.04760569303789395,0.00268047730589082,-0.4434293532801068,0.36856788029411774,0.553857218849402,0.43582816360674836,0.5031246626591541,0.500161520671923,-0.5642322331292038,0.817690789783534,-0.11407858088011863,0.0031363650283144067
193,141,20,0.13765040574263615,0.6530881505148355,0.970415972475249,0.7371690009226265,-0.14013331718698127,Motor Control,5.329751303453117,10.061342138670428,0.12278699756842797,0.03939440188416462,5.018747975954925,0.6501130644703461,vigilant,1,0.7696622367639878,0.638451283419068,1.1663315696497607,1.9684610113817873,0.04133653500114775,0.02845180549558592,1.029758128144529,0.8326116591746755,0.9000298928416026,0.8642138443474036,0.8659321268068356,0.9965111995958513,0.9988671536107088,0.9999978049449377,0.9992789330160954,-0.04671798377260008,0.09802958030423255,-0.07370463867356873,0.034504205446296315,0.08873306416620934,-0.08880588052281771,0.07157432393325563,-0.04227613587985956,0.00046818984961916055,-0.3577336512688227,0.35299620242130497,0.5361967909086295,0.4447867037885805,0.49525992376738215,0.5190138509357818,-0.31173781246011517,0.7315668910127897,-0.5481566326992031,0.25914036019951475
194,230,20,0.13843266032502355,0.6671132958970543,0.9670765233861024,0.7350993490371122,-0.11491427292296788,Planning,6.079359910319891,11.131813376929138,0.11128167222546817,0.02560406908695789,4.971559542604293,0.6633096956550473,threat-lock,1,0.5736054857866014,0.8191317028875863,1.3068365373786732,1.8578354585486312,0.02241690684581386,0.3785223987268747,0.6865773338334957,0.8440930017891747,0.8956365245881837,0.8687448434405498,0.8547658259135043,0.9979088625234265,0.9993629105620299,0.9998589277825132,0.999926183917589,-0.024142747244775054,0.1275847913477283,-0.01459580209223414,-0.05925398823862544,0.0771909905401173,-0.07815739357464405,-0.028371158313957676,0.022162214422204632,-0.01891962815533389,-0.402045710164223,2.3373222946629983,0.47287855686557584,0.6752895973669771,0.5174912648605569,0.22928715825153728,-0.18877064024959303,0.868159606951596,-0.10775649224714258,-0.44615365135343293
195,175,20,0.12199557014515844,0.6074687793835558,0.9978458678718617,0.7666192981045106,-0.21134640493097995,Planning,6.828433219780139,12.127210171767405,0.07376506066554664,0.01692225837155865,5.104947589163341,0.4605010107760761,exploration,0,0.6012967741629485,0.7990257751670042,1.2457630601844105,2.157612375066517,0.05833036837718179,0.1388852534915663,0.831602093892919,0.8811276104996107,0.7375526764701279,0.8556884862129693,0.9733588228446662,0.9897044432212556,0.9937554240758187,0.9790144001169181,0.9850541176337984,0.05452767521708929,-0.1067449405204275,0.04918079211559767,0.0662237516504577,-0.0807921642518642,0.07706644714290495,0.011332505801634857,-0.012463698778210944,0.03591346153136793,-0.3394371210506735,0.8470941889424582,0.46232236345006333,0.614351349792242,0.5334639190144196,0.3524864229622451,0.38067856378467885,-0.6925429460882291,0.3259666431047094,0.5188582142371049
196,175,20,0.12240037792070149,0.6341463124503426,0.9983974530874697,0.7643055902549855,-0.21400633530336452,Attention,7.570620835849842,13.106077934791736,0.046662900480052526,0.010667573322457616,5.200783514086518,0.5467404960735716,exploration,0,0.6041788945212611,0.7968487079835588,1.2284236056570568,2.0841193237912368,0.02491490922555946,0.03545890495681003,0.8735640381793022,0.8867119193848837,0.7890325794668456,0.8458228191638345,0.9358169260824551,0.9942050057331048,0.9983629659125258,0.9917779855561539,0.9969794546368255,-0.023339178404003822,-0.04394230449141481,-0.025063929430903808,0.1244027002115538,-0.009220004237055759,0.007633289574035897,0.0743368809642451,-0.07989254496089711,-0.033415459151622334,-0.3225543420861208,0.4711089782134627,0.4550145984192706,0.6001166180280972,0.5341097171299231,0.384120488987249,-0.16338580886768458,-0.2762607310222371,-0.15734822185912545,0.9339307378138291
197,175,20,0.12743283596237953,0.6963118831913796,0.9987049320487965,0.7554171136840865,0.0018398857799002341,Planning,8.377615164596891,14.012568989766756,0.047368305951182875,0.01160749603487621,5.204658302779539,0.5688843422910743,exploration,0,0.664927261905859,0.7469081177590567,1.2136580570241455,2.0645936656398876,0.031104528878821504,0.08221914455343832,0.9097722968559514,0.8904839757596406,0.7999125186943349,0.8454151668630532,0.9232829723271764,0.9947224244693488,0.9989101783810901,0.9943599023973265,0.9987427159051833,0.09207669877758738,0.033311606537876126,-0.046301296188224796,-0.06980818693206262,-0.03766589156159114,-0.03592989242764361,-0.025246844997932467,0.12066833567081266,0.0061896196532620455,-0.20395302029711893,0.5794039557483087,0.491839476349733,0.5524798253376324,0.5127454917828105,0.4358348457340823,0.6388644543290304,0.22396225480175225,-0.3188222665642819,-0.663359238845589
198,175,20,0.12889411529509306,0.7420202949114814,0.9967599140106349,0.752413558587066,0.007071590576774242,Attention,9.196074521153053,14.897805752617128,0.06312831779538872,0.017375736099886536,5.076472950696862,0.6050843920138576,exploration,0,0.678870028108572,0.7342584592198218,1.2056201079262618,1.9149150578012595,0.023693728400080934,0.0203667558475268,0.9296980530903798,0.8706858932279051,0.833526266227071,0.8585406544820323,0.9000266570746928,0.9990802640431556,0.9996052177498321,0.9985200930392103,0.9992155626507415,-0.05280975690103057,-0.04926913308081398,0.00214070768799808,0.11508043234770005,0.0014603539253303214,0.028005512564245855,0.06678912554812985,-0.08770351369147868,-0.00741080047874057,-0.271442142069632,0.3651120605071057,0.49719213210248375,0.5377576174204032,0.525453428404718,0.43303048767978986,-0.373707330887309,-0.3562459633515177,0.01448016303966844,0.856283813530991
199,141,20,0.1304032701932024,0.6765884590514116,0.9939141600282669,0.7502537298190489,0.08299384228971045,Motor Control,10.03649531423461,15.76073546735713,0.07426325950730774,0.024307146401904133,5.152720570428308,0.6031213413758529,exploration,0,0.6977018054163261,0.7163882960509608,1.2045558525967546,1.932533341124125,0.039850711461896296,0.02980975036558273,0.9323486333654656,0.8676404663405065,0.8430994835266379,0.8508223604583446,0.9013792725538102,0.9995885256864474,0.9999621510161367,0.9978622149016674,0.9989702906750141,0.06134487210483941,-0.05132519604733239,0.08140450988520624,-0.08702438044608465,-0.05947907868492165,0.07062461452963342,-0.062176257684731256,0.08648162780528719,0.01615698306181536,-0.3037868703395925,0.38947762503306366,0.5103091553772974,0.5239767239269244,0.5113700973284657,0.4511469408962265,0.3859326749013303,-0.3588197449384321,0.5417222016506492,-0.6548598455582659
200,175,20,0.12948426818201364,0.5838658582287339,0.9957446743009004,0.7529380216300023,-0.01194565818139115,Motor Control,10.882910060062654,16.63933491237921,0.07518783072810886,0.03113370947154616,5.068220583970795,0.6158028586273585,exploration,0,0.6937930883646128,0.720174388976373,1.2199815190191454,1.9444790682191193,0.01734515485537986,0.021376249117204725,0.89420643738571,0.8599910236333963,0.8517325796821463,0.8593605869066286,0.8924496812983208,0.9999532983010269,0.9999602674513194,0.9990928814071303,0.9991245748923643,0.052986965559112906,-0.08541685445743565,0.08671331438218492,-0.056639208869308524,-0.06942765976122474,0.0973047876203953,-0.06613026845234865,0.05795407883400432,-0.022505556606516437,-0.3318141724766376,0.4137165363921001,0.5171795549838176,0.5368451722104829,0.4979736963098096,0.44310805314892765,0.34486676132409794,-0.5748670055007767,0.6133350236062617,-0.4176302093219597
201,175,20,0.12826889472338926,0.5241662832055101,0.9976934234483052,0.7533318798264906,0.06318987238198602,Planning,11.691041889294285,17.53134594090383,0.06641680116771936,0.040323329957087276,4.987842177858857,0.6101756372042493,internal,0,0.6714039311825916,0.7410916010808394,1.203644768370972,1.965466850767632,0.011122181507287611,0.033673680586237695,0.9346201002759056,0.8558769202154443,0.8436807780852229,0.8671921314358199,0.8964682087546881,0.9999033111984778,0.9996221807090628,0.9992471568987175,0.9986274111264412,0.03602636745813595,-0.09827806905951227,0.08380841724274095,-0.041336160300973,-0.06639013336369518,0.11422006500657371,-0.06172148224689144,0.04479317677090892,-0.0062229733480922474,-0.15537162344525218,0.4046852614835045,0.4905184152350852,0.5414312619020762,0.5179363161950062,0.44495598132564285,0.25260748226846247,-0.6265443984598557,0.6756851693135353,-0.29509511793708976
202,196,20,0.1295188589283309,0.5506933300340678,0.9956812171498409,0.7509063517716473,0.03075523622647281,Attention,12.512258898962159,18.406546100551488,0.052932085737825804,0.057150283752163945,5.107617897170037,0.6114691869279499,exploration,0,0.6842589648744661,0.7292391027563759,1.2001552801263395,1.9185808934888877,0.03188883496633144,0.025397548494908967,0.9433404529362975,0.871430823131286,0.8407450165016646,0.8554191761945618,0.8955524388459689,0.9993517603908102,0.9998619873550503,0.9986675799824075,0.9994808814016228,0.000797870109935791,-0.033934702946072134,-0.06678965639236897,0.10764557099511757,-0.02149121792156283,-0.015317295385699694,0.12264658502796766,-0.06166831852098591,0.020766653459043834,-0.23494862057868063,0.402954819081149,0.49773947610735236,0.5304586532228259,0.534267207878479,0.4306130069237245,0.005661437716571539,-0.2583259680174978,-0.4634822019801295,0.8475965377574726
203,141,20,0.13008969300937626,0.5527824501042712,0.9945721829918807,0.7480455366947969,0.06768899040919893,Planning,13.315965109691085,19.265051465540072,0.03802080871162018,0.07296405504540114,5.205603247270874,0.6014291048466072,exploration,0,0.6834238623371816,0.7300217972006926,1.1759996321761461,1.9774054700516488,0.036185204847476324,0.03163759548952335,1.0046796274256145,0.8673265872609195,0.8477108065805875,0.8453156480730262,0.9025366666012504,0.999732328032728,0.9999963737212112,0.9973103344520088,0.9988728740547576,0.011927436224844587,0.0873347054868528,-0.12196474538047919,0.030354603530657404,0.033841895863201694,-0.08034857329531372,0.08689367078782952,-0.01185378837011678,0.0042963698811448806,-0.22254334019520033,0.44032944207888153,0.48212424163095813,0.5149969510075514,0.549898583518993,0.44715308780015706,0.07943651332105987,0.5386568998658707,-0.803311913642422,0.2413059344036783
204,141,20,0.13287497233481743,0.5522179176538424,0.9875888757667558,0.7432378835424739,0.19597226149791072,Attention,14.142276804051756,0.08308026084884546,0.025722674047848306,0.08230925118474271,5.299391501113958,0.6130071614601099,exploration,1,0.7106596152129758,0.7035360056922069,1.162739061953078,1.9415408157624139,0.03686536822733508,0.047721855982196984,1.0391614560067164,0.8761028541119261,0.857192005999051,0.8352314300816576,0.8944574400562664,0.9997298097377686,0.9996954226222291,0.9973573489222319,0.9996942078393981,-0.056150446532146944,0.09751540515766188,-0.08491300787061232,0.041141064299900644,0.09552461292792358,-0.07470721291829752,0.06705033537346876,-0.048595382210563004,0.0006801633798587531,-0.20153055344697465,0.4024962671425352,0.4927707711595278,0.48783126639262653,0.5355399860322348,0.48207315418098856,-0.38651259342005756,0.6744583276939913,-0.5463345560544992,0.3118213145258987
205,141,20,0.13440462948617396,0.5319692675961336,0.9827420775838837,0.7425168194993925,0.12296179743029799,Planning,15.011138565209158,0.8841016494179117,0.0164571026106639,0.07941051819885238,5.213239916193409,0.637451207926692,exploration,1,0.7352270938275741,0.6778208616602615,1.1817597154018484,1.9330509763450765,0.048226430946449426,0.0351023596424539,0.9898886814367702,0.8701591591396247,0.8729379421072099,0.8445098682814562,0.8761309658779838,0.9999939003044391,0.9994308075161652,0.9992850688954124,0.9999713898379021,-0.08325817106781894,0.0985793052301609,-0.04079803323292267,0.04968089048410213,0.10549988789831562,-0.07131155290795523,0.052829376313652726,-0.06299527177108509,0.01136106271911435,-0.1659948743088605,0.4346587469145748,0.5225190214785204,0.48172094900451057,0.5199738019998781,0.4738628754376608,-0.6396089286859032,0.6095169081516141,-0.2945290825768251,0.3642007365986809
206,141,20,0.13462644560464193,0.5508353970472951,0.981984851599044,0.7415137754351486,0.0671543492125373,Motor Control,15.871100078799378,1.6793805210231323,0.010194545897521522,0.0658900886416026,5.119842811999268,0.6317040128063625,exploration,0,0.7341783905356637,0.6789566192846658,1.1713250140238847,1.914395890981501,0.039588119256443885,0.017120250448786168,1.0167648112126129,0.8526276248942805,0.8763246673746602,0.8541822052856104,0.8805986434189194,0.9995837926980201,0.9996341128654149,0.9994683042520787,0.9994079696012795,-0.10713722877488663,0.09711518996505386,-0.004965257360399902,0.020784024700644194,0.1279833733260727,-0.05350376305524742,0.015432181528042366,-0.056120401072835245,-0.008638311690005541,-0.08796734274871351,0.31806823665474043,0.5148092339781398,0.47608747626486736,0.5197123379215726,0.4880688817857575,-0.7284285179146566,0.663851469148557,-0.03420804153738803,0.16590036495480018
207,141,20,0.1329381221714135,0.5938056863512234,0.9874021936658358,0.7441207226433153,-0.03280005982252372,Planning,16.70987662294819,2.498302033977481,0.01406306470300906,0.049346062477419475,5.118274027529435,0.6416482172500302,exploration,0,0.7155248097979164,0.6985873220748108,1.1722536139392628,1.878359186514033,0.04598097696584634,0.019123925781234175,1.0143581675425706,0.8573047575457123,0.8793979249525048,0.8543413137677016,0.8728051110462139,0.999625086082179,0.9995241046136337,0.9997496415762686,0.9998212224068678,-0.006305177083545665,0.10284009874099533,-0.0816564297848026,0.015377828860223338,0.06412570451027291,-0.10069522527729352,0.06622341182184725,-0.013929234821850723,0.006392857709402455,-0.02053303730816791,0.3050118156833511,0.5023332911178586,0.4904423492040221,0.5178673700764944,0.48881584850825666,-0.048111252377702717,0.7048110012156668,-0.6994650614416267,0.10805270835328391
208,141,20,0.1318350124992998,0.5642645986373166,0.9904884317782755,0.7448606802413018,-0.03163477143018443,Attention,17.524782427655033,3.3308327406558083,0.018535398210451057,0.03458610596343708,5.107204220458966,0.6421710939557796,exploration,0,0.6995018543631215,0.7146307828120436,1.1649801921523055,1.930170316179748,0.01647984376458394,0.03146803915526488,1.0332898176260297,0.8646740770880903,0.871473635457075,0.8554609176616726,0.8723869906575508,0.9999646507496086,0.9998119493722563,0.9997889800047035,0.9999543186420171,-0.08719100279820312,-0.030241894190198734,0.03247831508166056,0.09058022451846351,0.03346756335357091,0.03433152929809698,0.041738126927635066,-0.09868301842644124,-0.0295011332012624,-0.09406656680281157,0.39430140494796306,0.4864591481469042,0.49698035777591776,0.5398564989814488,0.4742604365508102,-0.6574567374879368,-0.23097312066007789,0.20882450418295484,0.6861445782901779
209,141,20,0.1313033683452801,0.5805947066257319,0.9918393584340461,0.7452132138654836,0.0269869453439245,Attention,18.327845174089354,4.168594620353655,0.02301367112487738,0.03532944855553245,5.239138993888693,0.6319823055855671,exploration,0,0.6919986115400786,0.7218988306034327,1.1604976267901201,1.9235576792531481,0.04208977181674611,0.011094976651313739,1.0450524546805295,0.8737033206137647,0.8677617870391158,0.8417570639316397,0.8803845942679525,0.9999723256534973,0.9995403034591844,0.9989237099267245,0.9999627971660793,-0.010523173865931384,-0.09258723487027298,0.10313253418200997,0.020361539301950008,-0.04888597536095792,0.12361278809754955,-0.0355988166277433,-0.01742188903985787,0.025609928052162174,-0.1457432360867659,0.31124663627077737,0.4784211834711709,0.49909304314224867,0.5468943859489899,0.47215020503146926,-0.08250115691850196,-0.749066427426641,0.6426906281985868,0.1379920390279939
210,141,20,0.1318477611642755,0.6231893149489762,0.9904549241549068,0.7437846778889228,0.21463458035605149,Attention,19.128690454324385,4.996446695680205,0.026490695062726114,0.05391713390070565,5.281366315693939,0.6305051435220285,exploration,0,0.695286070922513,0.7187331073361892,1.1518212628256173,1.9346704426184127,0.029187421883199043,0.013268085595279248,1.0680363586730774,0.8781304952161006,0.8665483998631083,0.8372016033404532,0.8815181106649977,0.9998931628452093,0.9994285946430026,0.9986023501142081,0.9999901686588277,0.08261619946342261,-0.10274617641656592,0.05064219051103125,-0.028584394252793435,-0.08706318037742844,0.09293424571885367,-0.03805112855173223,0.059439665788411526,-0.01290234993354707,-0.15142654777153153,0.3164444021963223,0.4752098653327504,0.4912353021746124,0.5479600223595631,0.48228959732123794,0.5682482925236928,-0.7197213213519847,0.3399021239670004,-0.20871426342725716
211,141,20,0.13308235108838193,0.6162052341755575,0.986971381583883,0.7422647923089976,0.20237281266268536,Planning,19.945421401271744,5.808247251733918,0.02780436289811328,0.07694697299504508,5.287760134157379,0.6376027181248665,exploration,1,0.7092443016881141,0.7049627795301957,1.1515509465545355,1.8865110376744123,0.04088409924981555,0.029505939612651126,1.0687571597603,0.879872479041199,0.8710269072028433,0.8365045175554775,0.8760118376276786,0.9999357942810355,0.9991952527047923,0.9989212669647785,0.9999874692699825,0.07939913654964843,0.060586170961266714,-0.0821150604025284,-0.04320367094994937,-0.014585834149266466,-0.07078844271252925,0.023149052215459376,0.08844274773771449,0.011696677366616507,-0.17402762335489672,0.3074571803244284,0.48457566024737525,0.48165040385603175,0.5304117884942136,0.5018591760527091,0.6071734819338307,0.4014261049308358,-0.6089205150303986,-0.31529867029773484
212,141,20,0.13967755243029611,0.6262965989011916,0.9614996650252698,0.7318401982665488,0.26255613859238597,Motor Control,0.8329416349857048,6.522279301349558,0.02934620384641051,0.09920189464995789,5.1824707309652815,0.6513014232368963,vigilant,1,0.7791460992267423,0.626842369387832,1.139093469882957,1.8980220911131775,0.02535969676954458,0.07598642869241451,1.1023002138479971,0.8747493496995211,0.8763634427711844,0.847740130582397,0.864949340929654,0.9999978607164302,0.9994054050585817,0.999796166302527,0.9999253172300999,0.11957862972267282,-0.028128538068238777,-0.07709641840458398,0.016683772426285323,-0.07934104852660775,-0.031151764468278376,0.056476004927288624,0.04833905916100667,-0.015524402480270972,-0.22095163047747388,0.284860684768093,0.5235107218393305,0.42117736532773353,0.5224378530626732,0.5249807813083893,0.7564608624068049,-0.22084063856330732,-0.6038656258320735,0.11976093663687688
213,141,20,0.14103141969682553,0.5982551368675887,0.9550963191967451,0.7307031503261276,0.2980005213695101,Memory,1.7478419838559274,7.211676221834727,0.04529461186412196,0.1061638420563329,5.13462711837604,0.6674865469158725,vigilant,1,0.7986480726713602,0.6017983516247963,1.1455613306747434,1.8612985800429769,0.030772629889642508,0.03388917638178838,1.0848043061812997,0.8520190834941912,0.9069782926773758,0.8526773623292252,0.851114077985452,0.9973785349443908,0.9974332843400151,0.9999983833776451,0.9999994597311325,0.0014652850145764418,0.08550536116745834,-0.0990779631037368,0.0445451434402076,0.038628020916600184,-0.10333470525983861,0.08342093241014788,-0.020379444695772526,0.00541293312009793,-0.18378483488244035,0.3182410316161206,0.5413101089106168,0.40788870894113666,0.5006790710085611,0.5384520544716027,0.01000261900804734,0.5765576308150225,-0.7644635529801541,0.2882303282565995
214,162,20,0.14220359418955103,0.6708667794833288,0.9492922756636648,0.7286624780722214,0.3629109399784191,Memory,2.6762460392297265,7.886072096248737,0.06753855026175165,0.09674744496637176,5.004074426051367,0.6769164381301218,vigilant,1,0.8090705135784048,0.5877115823752128,1.1474946123887262,1.6128253435550368,0.0427989828046656,0.029759017606382016,1.0796087320656609,0.8408230254525553,0.9130316521299054,0.8656329839144928,0.8426561453149434,0.9955397354385658,0.9978451654778924,0.9996432367829451,0.9999979578790799,-0.08848213405200729,0.011660725282789513,-0.013375766313009442,0.11326196919488965,0.06023432286555471,-0.019495078122949813,0.07077563205799352,-0.09178068810859524,0.012026352915023089,-0.08155867255312761,0.43815804759301397,0.5497962272203974,0.3993738558762951,0.5191049702051399,0.5184155106536098,-0.6785330705721524,0.08793156684361574,-0.11289187539120521,0.7204972839386765
215,141,20,0.140124986394923,0.6523628308815801,0.9594208973248263,0.7343327114244526,0.3764715502019564,Attention,3.6241028766116976,8.595557193069286,0.09455180040816677,0.0768477504541379,5.11462982123084,0.6628908574575268,vigilant,1,0.8005702700167142,0.5992388862259901,1.1839770634527584,0.6782342750698931,0.0281773878060977,0.04926398438661096,0.9842235127140638,0.8352988103002803,0.9167881544024785,0.854710491639857,0.8551288516586188,0.9943271870331983,0.9964096697580967,0.9999998811613722,0.9997537823404473,0.024675363973738804,-0.09861019061558816,0.07527464836626219,-0.013424351144903139,-0.06399546019603962,0.13347648624542235,-0.05242239163626855,0.023203282813473832,-0.014621594998567897,-0.03384056007865263,0.4966695747792552,0.5705715721593504,0.4270814021183212,0.5058153088238151,0.48600453739545607,0.1820827254961129,-0.8196183413246889,0.5344931466074881,-0.09689546877795323
216,141,20,0.1365000069907778,0.6098662658783547,0.975078717629922,0.7410754247030277,0.3957986875623073,Planning,4.545547823007985,9.35976654045944,0.11893499936249453,0.055111083995970936,5.0348918529428905,0.6402031761768192,exploration,1,0.7697233700130112,0.6383775792239365,1.1971118226288389,1.8365721045914183,0.03752442049364771,0.04328402019740909,0.9509733806979368,0.8212478764252451,0.9042131785795349,0.8626417960212716,0.8739562831785781,0.994839326396437,0.9984490402146015,0.9999018785179784,0.9982105029722486,-0.061027519811707044,0.12574531263432787,-0.03493749861259094,0.012075520644740687,0.10154400642715701,-0.08939058379379797,0.02827052450318413,-0.04475534149766601,0.009347032687550008,-0.052727541395283455,0.4979578364796628,0.5577778167191668,0.46259846881870725,0.4849555391384008,0.48959643471201764,-0.4551481171448129,0.8411876305153643,-0.2791214543968649,0.085643303432653
217,141,20,0.13875426761708998,0.5737632708149645,0.9656658885824101,0.7357563323463542,0.39739025097719766,Memory,5.46083418263552,10.08737034712948,0.12487942432238115,0.03731379127400578,4.909733234830405,0.6427175042984123,internal,1,0.7827947190972828,0.6222800235853679,1.1692546427536474,1.8874255276800431,0.03899772968865407,0.04072994803006289,1.0221413825014747,0.8299903017228787,0.8865679062355497,0.8745388043738345,0.8719491535195519,0.9977326524555742,0.999875032540748,0.9999946155074646,0.9988371486520278,-0.07016481537269169,-0.04319024092011118,0.07040254697897355,0.07159603949812732,0.016277820893593864,0.08427917666583803,-0.0014213636292401141,-0.08878143442583569,0.0014733091950063643,-0.04637142436480429,0.38509049989217947,0.5474258836260201,0.4351743611235395,0.4944104655951745,0.5162426259697118,-0.5759824381393568,-0.38193271513277816,0.5193824983937892,0.5026066577638737
218,141,20,0.13714257221651552,0.5903211637041441,0.9725117921474657,0.7380489770767444,0.21345127910057482,Motor Control,6.355693132920558,10.843807560049953,0.11261473459203482,0.02397669718615994,4.966462793571047,0.6613698381787982,threat-lock,1,0.7637022924679028,0.6455685931636314,1.1717379391297913,1.9761067704382649,0.006282955885798123,0.02949660653832351,1.0156942686578008,0.836854166472937,0.9003461954345132,0.869228558332853,0.8564423773973786,0.9968449216011189,0.9991223858609242,0.9998808320904666,0.9997568715499017,0.09052613737945867,-0.09112619526030097,0.025544159262090332,-0.02434509161298337,-0.10074250866352617,0.07176750369184752,-0.02790040668077185,0.06255935776998395,-0.03271477380285595,-0.07248916609164628,0.529741678313118,0.5357982120889785,0.4529179778681995,0.5073654588959645,0.5003657186162682,0.6025287608394393,-0.7595955376386087,0.17755947791991591,-0.1686604380452334
219,141,20,0.13470287938031986,0.6257914799019612,0.9817208510192931,0.7414658369684173,0.14804285220773733,Attention,7.215326770405689,11.634519776835866,0.08687927965832692,0.015009143391765473,5.044192753375787,0.6502560030313878,vigilant,1,0.7359953101521629,0.6769866346051606,1.1679879282211822,1.9179906777594748,0.040462953077522804,0.031068335172032755,1.0254383649671037,0.8443460606771146,0.8915521864822626,0.8617309823669821,0.8658141501653641,0.9982812395908612,0.9992585930955119,0.9999877508337383,0.9996860853240876,-0.057702421313198395,-0.07192477002236354,0.0891108053518159,0.057136248840210284,-0.012407041878638845,0.10547796519072129,-0.014741116869638056,-0.05448671622138583,0.03417999719172468,-0.11227725020852904,0.33196402423331295,0.5138504667493327,0.47265232994895245,0.5032975557989167,0.5091650254515676,-0.41449174673998906,-0.5861065376252502,0.5775257392604234,0.3887669468062779
220,209,20,0.13140007883836535,0.6287732404214998,0.9916004156920326,0.746244323364311,0.13253494618493053,Attention,8.078233942454535,12.74347093342769,0.059646706222662986,0.010713778421142264,5.0197853347935,0.6564155178160973,vigilant,0,0.6141133621377984,0.7892178269931623,1.4051268466866897,1.9271621805130448,0.03834031704141941,0.403244108916631,0.44462092574772805,0.8578797657835829,0.8812489832765947,0.864113166929486,0.8606689094374025,0.9995755883099168,0.9997651899605784,0.9999913931627578,0.9999945116447905,0.061255811361266,0.014732351908006794,0.055408717716204474,-0.10726622932651103,-0.02061803404475969,0.015759345364766628,-0.08676333399968429,0.1058316880621305,-0.0021226360361033952,-0.2558190107191747,2.7585938195838358,0.5611471156306606,0.7211491143586898,0.272914306178875,0.30095785579410333,0.4127498346915933,0.1022343976331705,0.3337151502652066,-0.8413203316134206
221,175,17,0.11853423175795562,0.6015413197807546,0.9894764203829044,0.7795551666714428,0.07668098919445084,Planning,8.928540191463895,13.774260329292428,0.0382656795957671,0.009470648576736422,3.63748583707325,0.5106704990558724,internal,0,0.6363406500880361,0.7714081779742393,1.3362438010077207,2.3542185405243803,0.07402414651059612,0.13744837576950542,0.616772193982603,0.8277160795359515,0.6927798672447891,0.9620383464256628,0.9536374401335675,0.993579226808582,0.9484422894193828,0.9998033704957318,0.9829296891720904,-0.051272554521826094,-0.03713817002946169,0.09825787216586575,0.08173004438631469,0.009183258850443701,0.053447230600708114,-0.008532179241159461,-0.07165135570028888,0.03568382946917671,-0.1564123339464439,1.453410131231242,0.541609080885588,0.6565692042500383,0.3650783987268772,0.37721906939691763,-0.3405108695702172,-0.24119267281621296,0.7047777485355308,0.5737305704365893
222,175,20,0.12287664283364037,0.6451066468993278,0.998938841620382,0.7684848877204599,-0.14243925016528727,Planning,9.76344839661533,14.750541600607852,0.05002701619204958,0.014634182277652357,4.190470392361263,0.5640533485778423,internal,0,0.6499363912420025,0.7599886100063097,1.2845998722366625,1.9191520335255063,0.0680040986397867,0.08829296312842498,0.739115938814136,0.8406304762710722,0.7542657830030502,0.9309767774319061,0.9261240580168347,0.9966905662671153,0.978527748353668,0.9999631503492349,0.9932210034987927,-0.05442222659447342,-0.046839208340750324,0.09665219883664505,0.06912846586686912,0.010227852748697554,0.07757409619537904,-0.01318144496881915,-0.07113563510376117,-0.006020047870809425,0.16380779353839164,0.9079281550603586,0.5226669533223935,0.6111689339208184,0.4309279027545993,0.4093811338387973,-0.43223661040146844,-0.3111981054482062,0.6793863792458902,0.5047389419187465
223,175,20,0.1245609587144825,0.7009748752392422,0.999955830258071,0.7610856425097873,0.029890876169677588,Attention,10.556084623707468,15.688701781199716,0.05853112391301845,0.02066833573806037,4.585567416527596,0.5865667936871581,internal,0,0.6453766521845687,0.7638645016068217,1.2281761734161039,1.786746126666715,0.06508557170244175,0.08392813198673446,0.8741669228773953,0.8525369496047085,0.791500174819851,0.9023863578942788,0.9123634604175812,0.9980399288789779,0.9918450408290673,0.9998839274485823,0.9967864171544641,-0.0011706472801856983,-0.09259592825638376,0.061281779552605345,0.08880502030975242,-0.047325802533244136,0.0853469234855988,0.01522638920057864,-0.04448216277627986,-0.0029185269373449424,0.3083980924255512,0.7873621308261702,0.48589596928937445,0.5751039817719426,0.4639807610606153,0.4667786954700719,-0.008171004208741837,-0.6852873169447158,0.410221606242063,0.6016915835352155
224,141,20,0.12574642492032873,0.7634336280516344,0.9998747225804854,0.7573915552251339,0.10776817944308745,Memory,11.338081810009712,16.604619475284952,0.059836399889500416,0.026726686116178358,4.783884566363692,0.6267450868290503,internal,0,0.6493182039878171,0.760516843975224,1.204335842580067,1.9509293542803894,0.02991168446672448,0.03348345827542567,0.9328969499093417,0.874016648758257,0.8180803160664655,0.8858452737697521,0.8843741544718337,0.9980084995504181,0.9969081275553386,0.9999980428888058,0.9999086282842068,0.08563155867391173,-0.05361329048636263,0.05442711126563641,-0.08124767967203307,-0.0795719778391914,0.05630647286448279,-0.06283817646806242,0.11081766612834308,-0.03517388723571727,0.25571834817634886,0.3695684382567921,0.4747908224610152,0.5561008695410411,0.4752444382562917,0.48935488319793574,0.6091953251530727,-0.37986922445456167,0.40352652131457123,-0.5672272690198283
225,141,20,0.12704016433466556,0.7636808040814027,0.9990834402914074,0.7546328782242187,0.1791160140800901,Planning,12.122413391084478,17.505125102652784,0.05364069845400294,0.038123244540279426,4.85146662953775,0.642548418238555,internal,0,0.6567903768538839,0.7540732065735615,1.194188600679297,1.9556838798951355,0.0344529844691687,0.02498649814435064,0.9583293300013253,0.8800986708309625,0.8311148035686494,0.8798538056913077,0.8720847398625556,0.9983458008404757,0.9983642214615726,0.9999502225959966,0.9999469706265949,0.04577613051223909,-0.02084633214436794,-0.08965578148650866,0.08568305648221812,-0.033717212595106516,-0.04430424025342622,0.11010715695053881,-0.018589792996418015,0.0045413000024442235,0.2671503891949269,0.4107636443112939,0.4741958457574673,0.5444330406712792,0.4961545024447929,0.482246465820383,0.3257169642608935,-0.1367388785055029,-0.7462942003153561,0.5641417418285835
226,141,20,0.12879138713719432,0.7021869694938602,0.9969234541333419,0.7502869138469985,0.29132895998887987,Memory,12.905335977790699,18.378057051971407,0.04280353505949941,0.05258824473929316,4.976927014668758,0.6375725260742681,internal,0,0.6676839753584503,0.7444448327777797,1.1725945441268135,1.936170133925405,0.0304207845654047,0.030306526388034515,1.0134753292997152,0.8804193860708002,0.8388043027414007,0.8682342453396706,0.8760355823553521,0.9987659226144976,0.9994171258038604,0.9999516404590237,0.9999837967475539,-0.009788031422835883,-0.01042291893039033,-0.07915694170102046,0.11629779642304244,-9.69713778975457e-06,-0.04033004318377822,0.11749855208830114,-0.06366793157012422,-0.004032199903764001,0.2690207357092232,0.33328823341872016,0.4689536332389458,0.5228672874613732,0.5142324601154877,0.4921963495791597,-0.07223172863231547,-0.0723529173576147,-0.6130287308575652,0.783417773523037
227,141,20,0.12762728486154684,0.691975837854798,0.9984943957560677,0.7525249484993467,0.4535016961527875,Planning,13.67947295182908,19.268147171640543,0.03122163990308202,0.06524398096012929,5.085394760692926,0.6445374447054117,exploration,0,0.6562489787922613,0.7545444174030542,1.179639129439982,1.947418453504157,0.021602440848646577,0.015399259786075,0.9953213697181065,0.883222783602074,0.852414097862754,0.8576508448518299,0.8704842035418989,0.9992730652404908,0.9999813597650746,0.9998785950861032,0.9998649349102917,0.08797309546103989,-0.07505141099935361,0.05613844619611284,-0.0669760670121463,-0.0783249472977472,0.07094617715614807,-0.057932405440989355,0.08482955278558223,-0.008818343716758124,0.32263821472548077,0.3507267198777008,0.46512489320134154,0.5347930479162868,0.5139349909972387,0.483245315191144,0.6203247120038949,-0.4960482975029686,0.3869815359669437,-0.46837872394287533
228,141,20,0.1276925796050682,0.6665887233671807,0.998420305314323,0.7497376944406783,0.30834987310693757,Attention,14.419428178923722,0.14612202594732082,0.021449015912027587,0.07277630920251561,5.083609945983432,0.6382717206338008,exploration,0,0.6444455012557967,0.7646502441712583,1.1482045039537554,1.9597060227191077,0.01781108226252635,0.04410750158319021,1.0777047995056608,0.8852450674235708,0.8449830709431568,0.8578291320223754,0.8754849859794558,0.9987858499502144,0.9998912294476986,0.9997645082168299,0.9999179092056368,0.01900588994206016,-0.10990148924200914,0.08951963774806243,0.018458214910136047,-0.0717598824227479,0.10789965867988195,-0.03515546228685098,-0.0002554850660062478,-0.003791358586120227,0.4072421499899016,0.2509034954900283,0.4383427514475659,0.5201043242166128,0.5449634982973217,0.4902671615646792,0.1404552615681498,-0.7980714849649674,0.5680133191974138,0.14392739002000593
229,141,20,0.13065943348755002,0.6480551601174354,0.9933514706432973,0.7464340131738006,0.2518658904675203,Memory,15.213647902445608,0.9924552280415769,0.014285075727859324,0.07204981370524469,5.26978098978393,0.6431870130952755,exploration,1,0.6842998027114757,0.7292007816843283,1.160631232648122,1.8486912569295118,0.03867196723109736,0.0401865888614224,1.0447007826647596,0.8988078929396439,0.8541027376850916,0.8384597662285378,0.8715722032535316,0.9983273624129102,0.9998454934267756,0.9992517977687598,0.9993257365794369,0.10869713010827546,-0.09023271239647523,-0.002262357448612705,0.007689151261580309,-0.10049228275911212,0.0561700183550705,0.0049218893614877204,0.054181130748883394,0.020860884968571008,0.4110528908184731,0.4246009536303499,0.47318163857936046,0.5042298994732044,0.5330686430147429,0.48753373957474255,0.747415372847859,-0.6620736057986271,-0.016535973739288213,0.052491547014673505
230,141,20,0.1305527478977378,0.6373367790825992,0.9935885408389303,0.7445159508697295,0.2980155891443692,Planning,15.982637100689805,1.830938775555642,0.010625810578738713,0.0612126645736349,5.198411858088457,0.6412736177023197,exploration,0,0.6759057596881409,0.7369880623323536,1.137716593211168,1.9475253146432097,0.010684483172323624,0.03467797635960489,1.1060478693913633,0.880964887173998,0.8635694548746319,0.8460719922981621,0.8731041450037074,0.9997589723218763,0.9997920600940758,0.9994815087152044,0.9999485029722527,0.051917071204599895,-0.04260626008488748,-0.09242286641404147,0.08561188045963072,-0.0466218435073177,-0.027398091449871907,0.09938860592732611,-0.017184012963114528,-0.027987484058773736,0.3651674588281774,0.52859903206313,0.4532971766990378,0.49426211143738513,0.5596611488323819,0.4868326337484009,0.37920396543825763,-0.2839187783579419,-0.6304430952100186,0.614927624679235
231,141,20,0.12959360012891147,0.6283052216360425,0.9955426283204987,0.7462026357784747,0.09993745303192225,Memory,16.744236367980246,2.682343269924034,0.01494906793864199,0.047458729460313966,5.357966892994291,0.6407828436238806,exploration,0,0.6667055418715876,0.7453212196346705,1.1423322883329685,1.9566907177785882,0.053798035365815046,0.01425379588634752,1.0935168625914649,0.8913594479710458,0.869312924275094,0.828721540822615,0.8734952672897709,0.9995803804818103,0.9989301691865826,0.9986731215178932,0.9997188037388309,-0.06978457398537824,-0.041532455075429894,0.03126830731952022,0.10892699679062322,0.026709937768706137,0.04831906053149656,0.03491030443693499,-0.08501954242065796,0.043113552193491424,0.2779227452859164,0.34359000076879187,0.449924591401643,0.5029781877404762,0.5633169742840961,0.476712461755934,-0.6393337593861529,-0.3109442557904965,0.20809138537217714,0.6717618545540904
232,141,20,0.1284409011954578,0.6249321774939902,0.997451447162983,0.748760386324416,0.014018686244895523,Planning,17.49838135026839,3.5521643561716165,0.020087639299583387,0.034188821077387264,5.379901845704577,0.6336987232291538,exploration,0,0.6550793609608909,0.7555600775868658,1.151226900481094,1.8918748449808027,0.024415170858501478,0.017656215671404893,1.0696216162588956,0.8930665473544218,0.8642991019304151,0.826240872952366,0.8790592837014138,0.9992960812139774,0.9990893930889343,0.9981231532881493,0.9998205864022629,0.1088678876342676,0.00850825081501948,-0.07422625619718834,-0.022602433710437925,-0.04755926717963634,-0.052309279521740644,0.027435496731345956,0.07630077228687167,-0.029382864507313568,0.22912792370068003,0.3743466650032019,0.44737567082162355,0.5159973229207602,0.5518272061596045,0.47863189032721576,0.8110675237839768,0.04984682075055301,-0.5621700156713951,-0.15378439388967222
233,141,20,0.12746967397586645,0.5872036789897306,0.9986662125425594,0.7508424625199543,-0.07874704941605633,Attention,18.24787658580188,4.436916858459173,0.0255306402106713,0.03941301682556393,5.310963236957627,0.635042323229051,exploration,0,0.6463736028967827,0.7630210780038992,1.1595387438078546,1.908157360428413,0.012962480312999413,0.014221150501353997,1.0475783580398086,0.8943461327439864,0.8565901922236244,0.833958469260913,0.8780156655664895,0.998822073436758,0.9996790033409263,0.9986597132239411,0.9997557323473268,0.0470103754923663,-0.11515351234986575,0.020842563211481955,0.05958729256372194,-0.09282713439094212,0.07953481161803604,0.020978501279698258,-0.007010417111497186,-0.011452690545502065,0.26313839707561926,0.4019382227524058,0.44631435852252666,0.526858246441815,0.5501153664645146,0.4696774905326906,0.32709218416512426,-0.8303627926485123,0.13903441379574946,0.4291593729880829
234,141,20,0.1288675429426652,0.5840369770584826,0.9968025953238827,0.7480469285068396,-0.051091490215467945,Attention,19.00800999949508,5.301190167457827,0.03020563573747935,0.06177222887866955,5.300692198787088,0.6287742433728833,exploration,0,0.660418744330857,0.7508975177322497,1.1509870369645188,1.9914291211624258,0.026019603920490676,0.016637117134113113,1.070261769691871,0.8948762425010585,0.8499531649478269,0.835088664470578,0.882838065828103,0.9983768531944994,0.9998647674454362,0.9983811266210352,0.9998635317011414,0.11752115272805543,6.313384656370062e-05,-0.03175986428327665,-0.06928749662801643,-0.06133870787842848,-0.015340667355852608,-0.023365815631358786,0.1095278691228045,0.013057123607491262,0.30556080502014826,0.3416333512535446,0.45087810541896217,0.5126493653688676,0.5554730555750154,0.4747096236347844,0.8193484041205847,0.0004225176722724891,-0.20955137366480595,-0.5336255578015923
235,141,20,0.13223010079095712,0.654538492164427,0.9894262168040927,0.7418087017331284,-0.25663939182991613,Attention,19.796097986210025,6.117620874590102,0.03226992047927701,0.09045909044832882,5.332838333450092,0.632296736544349,exploration,1,0.6945078811959974,0.7194850957154334,1.1347430433155004,1.9393800251384357,0.008869255370145922,0.03834667060920214,1.1141697827659038,0.8925855309090057,0.858598056677787,0.831534532271114,0.8801424706953278,0.9990456224236933,0.9995414277358521,0.9983679852466185,0.9998580046006957,-0.0018811925626140028,-0.03284865258958586,-0.06815384046903908,0.11888425962318494,-0.020489042421862842,-0.01894821185501839,0.09449487232580744,-0.06218893668072627,-0.01715034855034475,0.31624104006331216,0.35857803767761914,0.4638953038514063,0.4805787898600922,0.5595081278190014,0.490709495227467,-0.013337079461783821,-0.24604124714097034,-0.4811003799694981,0.8413252946452701
236,141,20,0.13737028778290902,0.7210112555632644,0.9715792034236432,0.7353238993710303,-0.04686885340310305,Attention,0.6591889679598353,6.8678029917369425,0.03055860174700617,0.1177894091414028,5.3570487669140086,0.6434966466592269,exploration,1,0.754749164923842,0.6560134892262224,1.143546785953581,1.932101482559537,0.021899426351323102,0.06755263926943184,1.0902347843402365,0.8858900285931571,0.8769515506102097,0.8288248600541056,0.8713232388028317,0.9999304129010755,0.9984413251375305,0.9988159860702253,0.999820233623642,-0.07004973422414547,0.010522081289974783,0.12481350620181432,-0.057581298748199845,0.05088284145169958,0.051166002536036446,-0.08468474148699785,-0.0031692306688588688,0.01303017098117718,0.3505734571674434,0.8167226349161799,0.5101739234366109,0.44343338314213804,0.5329369087398851,0.5089868700311748,-0.49680500697211466,0.08146126941765304,0.7371895965106865,-0.45066655681192147
237,141,20,0.13957322568824815,0.7347096197336005,0.9619788624174116,0.7328089416209006,0.07528610889961244,Attention,1.558716584536539,7.5850707696002235,0.040763849514892564,0.1281720022451043,5.197621452439311,0.6562908090218224,vigilant,1,0.7818660379327877,0.6234464682130169,1.150488156455813,1.8876726339870034,0.032455677176876335,0.033113502212514224,1.0715939323859294,0.8600712543969784,0.8963073305416173,0.8461549773077083,0.860774279910105,0.9988858043320367,0.9979952702155865,0.9998565886251837,0.9999996477259839,-0.06608978018656082,0.0933878036107878,0.05080780445188534,-0.06397864336365634,0.09803754656838355,-0.02544751577391182,-0.05272325295333629,-0.001538285176715077,0.010556250825553233,0.3770553530710206,0.5093814871715476,0.5334374558214441,0.4253538096164314,0.5190329537590738,0.5149013403407959,-0.4792611411956511,0.6637273995763006,0.3449865097377746,-0.45908496565502155
238,141,20,0.13970518621847433,0.7415573835892951,0.9613723844834059,0.7341380178401401,0.2764441243017667,Attention,2.4827549840972707,8.298523008177888,0.05879337473658123,0.11644118594389892,5.114197722554443,0.6604309382385571,vigilant,1,0.7915242550168702,0.6111377534729698,1.1674164041139043,1.9637907758142277,0.008617548670118972,0.0274804334185825,1.026927783916873,0.8458395090299002,0.9050271449113929,0.854754226385877,0.8572494411856278,0.9970752040817685,0.9978036424510575,0.999995732433449,0.9999140994145488,-0.09834444819372529,0.09882205046555155,0.01642906305156483,-0.010484353382452107,0.10471897634070639,-0.04968632988245954,-0.014957010391062996,-0.03788039933800387,-0.023838128506757365,0.41394117648603035,0.4775347560388368,0.5522079068672576,0.4263610338077056,0.4990063953474692,0.5140771283058744,-0.6343089147051163,0.7619043638334781,0.1050807891148686,-0.07817908196005288
239,141,20,0.13716564411394325,0.7238843306575456,0.9724178411151425,0.7379520288984619,0.44767349421313307,Motor Control,3.375463923230207,9.050530860451977,0.07932502883147607,0.09095408341537128,4.994038372084815,0.659853989814112,threat-lock,1,0.7648044114758613,0.6442625335894223,1.1672382189980501,1.8883042478623144,0.01695702164499387,0.030369572487993067,1.027392381213833,0.8337064360402714,0.9045530748468908,0.8665982993420147,0.8577439599715012,0.9960327716055337,0.9986797913598773,0.9999432166387134,0.9996364448381284,-0.034290918306055906,0.11555828866721325,-0.0681875412779854,0.0037660333318569957,0.0804616523728208,-0.10880941282759886,0.044616575581918255,-0.016157655897175237,0.008339472974874898,0.4516607965358882,0.21348063114858687,0.5334428859478106,0.44936621712574526,0.49451202037948555,0.5186198338272794,-0.2116709007866092,0.8341766290031573,-0.5084296003851955,0.029053792132265506
240,141,20,0.13749243124290197,0.6775060778595268,0.9710741427227778,0.7371444676043416,0.38993275874394145,Memory,4.267623817112348,9.800001615411245,0.09360212504771748,0.06526259760175636,4.967072122276914,0.6630338836790955,threat-lock,1,0.7656810067143216,0.6432204878243097,1.1651848303127743,1.9231478090061973,0.01895321300953005,0.013629111843072196,1.0327545912544847,0.845836084439975,0.8933476360676805,0.8691707869053225,0.8550049488639943,0.9982312141028286,0.999490334222351,0.9998546927726905,0.9999450677715844,-0.09596999770802603,-0.020037138956638424,0.0278529491530059,0.10818324752540197,0.03709196912658342,0.023353333915129764,0.0399261131552165,-0.10144726320114307,0.0019961913645361803,0.426098165724499,0.3777258241256589,0.5326249919967384,0.4474386907541312,0.5053455215976016,0.5106222867433471,-0.6962582644032654,-0.1518551783154647,0.17716684540291833,0.6788050846589979
241,141,20,0.1369811354851403,0.605755301325235,0.9731657560856728,0.7379995061595179,0.3253684061977469,Memory,5.155573825622614,10.558443868158731,0.09630967242025008,0.043482053995550045,5.032073129585609,0.6574356007203429,vigilant,1,0.7603800412086517,0.6494784006658952,1.1677713253741353,1.8724792715417335,0.02733773945420883,0.009889582035524942,1.026002705232926,0.8463513527058285,0.8943146057246366,0.8629170868015277,0.8598051378461095,0.998184174873424,0.9991613480501047,0.9999930389130316,0.9998789629129743,-0.023790248244936356,-0.010869734445882235,-0.07889532366153,0.11924521195581395,0.006377415687574036,-0.03801713442952264,0.12730069486278883,-0.07401314227009674,0.00838452644467878,0.2409827134416103,0.38760034310951647,0.5307254472970965,0.4533189931646619,0.5089440952556308,0.5037938843742861,-0.18023643941838866,-0.07675105264437704,-0.5573433859856752,0.8068410326215344
242,141,20,0.1348330100854087,0.5949815949935827,0.9812677890846861,0.7413288820590824,0.33013497774223527,Motor Control,6.018276957565587,11.348953680272269,0.0855439330000238,0.027635169536964783,5.053664571533785,0.6526557190620002,vigilant,1,0.7372824286475518,0.6755846508081484,1.170112155697904,1.9500567778333344,0.03217352491737369,0.024644657466459073,1.019912676914397,0.8475438006133943,0.8913483529610782,0.860799571749552,0.8638238923479509,0.9985009365891486,0.9992261625766934,0.9999933688098503,0.9998186562832355,0.088407314173982,0.048304859648622155,-0.025429871162844463,-0.09685657518210553,-0.015935370506996123,-0.033505293554531704,-0.04309505738037226,0.11028351888161961,0.004835785463164863,-0.09114151972691116,0.3514414825000239,0.5161728731672293,0.4729781379911626,0.5089864942067448,0.500789351628774,0.5775329661377196,0.3233539641365049,-0.1668682640804073,-0.7307892099259314
243,141,20,0.13277775963068242,0.6370660342030787,0.9878739226027216,0.7432064118051042,0.5269871184834898,Memory,6.83844733034379,12.166742719058577,0.0659308362811758,0.01715478947409477,5.053918965240468,0.6505525461401418,vigilant,0,0.7081340542637922,0.7060780135310295,1.1582134312561614,1.919961487537844,0.04819294314130107,0.03728484207211939,1.05107523981645,0.8564844188179078,0.8810741606178544,0.8607745021398031,0.8655691886150224,0.9995334448670928,0.9996757970103909,0.9999832015719594,0.999940835064841,-0.06091602071565593,-0.003507050615450459,-0.051649430342147556,0.1379799684697408,0.03205885291744983,-0.020946698046753944,0.1007803878346344,-0.08560706636051608,0.016019418223927377,-0.1395833954423,0.3684344807444299,0.48810613733880587,0.4866889394308146,0.5286198632516933,0.4954263770778244,-0.4394806425043732,-0.02832282139528066,-0.3439484629145389,0.8293093738231111
244,141,20,0.13160174320457912,0.6852200226996933,0.9910923897140828,0.745340955532376,0.5005821664184881,Memory,7.650868383057455,13.002569558934635,0.045756142072644126,0.010566355210714947,5.17171917951016,0.646798463954477,exploration,0,0.6969953071794797,0.7170756876158771,1.1656047671271668,1.9338976295737278,0.018736883212861734,0.022231009782571556,1.0316567321595225,0.8727842768562165,0.8735753381927488,0.8488586658491535,0.8686499294806805,0.9999994978873863,0.9995603527532404,0.9997245101660732,0.9999866034325389,-0.10115258486713256,0.07552556663081605,0.042348651965355644,-0.011181224911639477,0.11391869605749735,-0.0195732258695118,-0.025949028544887297,-0.05519996724763615,-0.029456059928439336,-0.21188338597034156,0.2331872137162765,0.4851117544017032,0.4990877862088241,0.5353545037068183,0.47851175822550474,-0.7827225133741502,0.5422459600110723,0.2956227573459446,-0.07695434521912703
245,141,20,0.13074798722772685,0.68164008052067,0.993151757338574,0.7466188403072223,0.47700513370204145,Attention,8.451824241498624,13.849526131574377,0.04458995332961561,0.010993284281215534,5.212127022240909,0.6349582307578533,exploration,0,0.6871005724475416,0.7265623189666943,1.1657039603213546,1.9444887156000048,0.03768241945487311,0.009554952427183672,1.0313975003508284,0.8744521605181226,0.8665514275999967,0.8446274620381198,0.8780811424126134,0.9999511664403966,0.9996711272152498,0.9991918990418024,0.9999891099531041,-0.011872328952575388,-0.0401029655303529,0.11741725055145895,-0.06798012440294281,-0.015641853162750043,0.10292682443824884,-0.08140239610917933,0.0343380126229658,0.01894553624201138,-0.2519992097740518,0.35245415148274756,0.47828693587468396,0.5057560409573318,0.5355909416203595,0.4781158408395581,-0.09159555804098668,-0.2850514682310132,0.8056402211913779,-0.511174870475077
246,141,20,0.13033115224347475,0.6657702632911732,0.9940685137042475,0.7487625207818662,0.41817392216088567,Motor Control,9.266916620976573,14.706029802181462,0.05772063384821703,0.015932654193048786,5.213545649722157,0.6346810885876906,exploration,0,0.6893777563948443,0.7244020354665015,1.1823595581913462,1.8957773324561447,0.03853914113163355,0.02757012220383821,0.9883545816788434,0.8782036224000701,0.8626765453630746,0.8444775529978715,0.8782967825095079,0.9998113442672241,0.9997774449057714,0.9991738118876442,0.999999992681622,0.11513482293903528,-0.05913609609129559,0.012639313715364777,-0.06517332656264899,-0.08305938395638393,0.04364068033365277,-0.034811508290997745,0.109304639044907,0.0008567216767604371,-0.1788023760639515,0.3312278223737185,0.4903102517454653,0.5152207785640763,0.5128158024618072,0.4807944874011724,0.7834931742952079,-0.4108383793210965,0.0956188649276145,-0.45629738611960974
247,141,20,0.13173805983498105,0.5999597574780383,0.9907415635610339,0.7446895497603518,0.31104982192167235,Motor Control,10.072658634384927,15.537427459733125,0.0673584433566053,0.02194839751785304,5.076894814770844,0.6365561411808207,exploration,0,0.6959402490394732,0.7180996934735986,1.157774700515493,1.9157911650753685,0.033044828797534315,0.031982789017190184,1.05223431836147,0.8715479632386289,0.8570574916695988,0.8584986589890844,0.8768333115601602,0.9998448543752197,0.9999985540214125,0.9997436259765002,0.9999773623005505,0.08181121427014848,0.005387444951095986,-0.10557171411800545,0.03682183227529947,-0.03815338636335793,-0.05962343626090292,0.09263774445280284,0.019735129590453853,-0.005494312334099236,-0.160046800441049,0.40193349648483295,0.4794235579932404,0.4946888910565668,0.529872167263376,0.49464271900705786,0.5291281114123191,0.039064366352896646,-0.8021112940437449,0.27407095607186843
248,141,20,0.1311711404630334,0.6208141126241163,0.9921610967887566,0.7442303681984523,0.2514941472639507,Attention,10.853991873408516,16.37109224441535,0.0690569186686915,0.027933711928368004,5.179233003580256,0.6462499033049405,exploration,0,0.6838351511738618,0.7296365437798614,1.1425754257913798,1.93435005864498,0.03911373954075592,0.02289919274361288,1.0928593047687214,0.8775836412811813,0.8690701330566293,0.8480775204806074,0.8690964133167628,0.9999417407033784,0.999690486363304,0.9996896733363643,0.9999420926067176,-0.016676658738402392,-0.08922885049738391,0.08907233266409767,0.0336359589235777,-0.05099911909317406,0.12728414301553956,-0.027247647626839264,-0.026726419106659377,0.006068910743221606,-0.09300127729082844,0.29044408310086856,0.4616356168673118,0.49255469742752844,0.5434775224420694,0.4989134092029725,-0.12549890956050574,-0.7561123274376096,0.5960427114172104,0.23932667666272595
249,141,20,0.13387926900807234,0.6387907829708441,0.9844816910835885,0.739188092605691,0.37617512780419515,Planning,11.66201834830274,17.165357114218576,0.06328605555534372,0.035371626047540954,5.260865134652416,0.6492393864420807,exploration,0,0.7131536088921087,0.7010077960509152,1.1330328625126092,1.902673269461593,0.013552731149839115,0.03452280114231481,1.118858726304989,0.8870696438146977,0.8702814861813623,0.839423717018454,0.8666518361714509,0.9997609740428438,0.9993515061880571,0.9995033866304542,0.9996525311754048,0.029004849256555398,0.10702097556906116,-0.07107839309333792,-0.050038761459809934,0.04420106236087122,-0.10219692948554467,0.012173298196787084,0.04446662980525679,-0.025561008390916806,-0.08168831372620088,0.5208889842164326,0.4752409375794364,0.4671470467116888,0.5608712538672518,0.4912668364374858,0.21249156577992406,0.7423175804272915,-0.5261922960382082,-0.3562774366291061
250,141,20,0.13314767484799694,0.631795565320424,0.9867742355731461,0.7410589169887194,0.3009834693048984,Planning,12.468924055357105,17.972774985490158,0.05100056284906676,0.048153032186613216,5.365227523203511,0.64388678550624,exploration,0,0.7068824071968709,0.7073310840020797,1.1414992067126626,1.9368452653799884,0.04374668611834536,0.013253399101142387,1.0957718097534137,0.8798556965387616,0.8841796380737256,0.8279030319391774,0.871009121990134,0.9999836220982097,0.9978015265616161,0.9987880718594336,0.9999357905787388,0.028508610396943048,0.10124503192162711,-0.10354989051891776,-0.0008409590068574817,0.029022198181117995,-0.09233929200230927,0.061143004053625306,0.02055798309311641,0.030193954968506246,-0.008583381983623156,0.3204548418145394,0.4765024947051064,0.4768049433370452,0.551891610242631,0.4909358910221518,0.22882292752720895,0.6468969548051197,-0.7274119582266829,-0.006020027455355558
251,141,20,0.12955847776811905,0.6409592481580407,0.9956080048028872,0.7464412667987935,0.11254635337080382,Memory,13.22514985815468,18.825452129899304,0.037817346036978214,0.06078678347600817,5.311349661455786,0.6436551237155062,exploration,0,0.6635255522331959,0.7481536216136578,1.1397086370711464,1.881177550902826,0.024799056778730538,0.04482986188107984,1.1006284765960952,0.8791731160578604,0.8790091247891962,0.8339158497428488,0.8711956990746142,0.9999999771312055,0.9985895033346419,0.9990706682262283,0.9999479179103751,0.003455018517914119,0.08161343693446346,-0.09591867642598799,0.03250349014608499,0.05276730397113944,-0.10780649329559892,0.07456778686912717,-0.016382809938411735,-0.018947629339614823,-0.00851296538667617,0.25836920811755354,0.44619598354936096,0.5031051779669827,0.5395441135079936,0.5066423331569687,0.025130651391829323,0.6145251851792913,-0.7549700741307828,0.22748062402749916
252,141,20,0.13113586575615255,0.6215677099326323,0.9922459551910882,0.7445041769994071,0.08564088418510493,Motor Control,14.01064746069551,19.660753688845215,0.026953854345297224,0.07153034731708573,5.237264681047962,0.6546496332098781,vigilant,0,0.6850554443596325,0.728490932100892,1.146619020413871,1.868146574113984,0.035511287944895366,0.027699447276002962,1.0819599207335107,0.894935271560311,0.8642251875759437,0.8419573289406662,0.8621563321809432,0.9991900078378401,0.9996679958741509,0.9997293315763229,0.9990861421183965,0.1272441316156713,-0.0580066631486524,-0.0024265763956958994,-0.0403764216334492,-0.09943875538097692,0.03587735084570417,-0.01937015095950954,0.09200837300180383,0.010712231166164828,-0.028604869414756377,0.39434564182609916,0.46497765890634357,0.4944592600959598,0.5471336378782843,0.4898475059915075,0.8487768910809832,-0.44219276577057987,-0.017893781821016856,-0.2893495457732871
253,141,20,0.13448841072951145,0.707250844867894,0.9824576354192512,0.7409730120399244,-0.10249233719653461,Memory,14.856113305337663,0.4549938948288883,0.01797225487949515,0.07357872869335198,5.282801827269706,0.6428932541940553,exploration,1,0.7288417415950524,0.6846822005198404,1.160012930642352,1.8961375186003473,0.010439502941209778,0.05393585506450372,1.0463288154604953,0.8853224115507532,0.8692008025857583,0.8370452653920084,0.8718081303102506,0.9997826851806129,0.9993061117269709,0.9991792379317684,0.9998453607167437,0.02958508794119185,0.08340589145215835,-0.09959245741404076,0.00945166854928704,0.025762716709618074,-0.11325293826120106,0.05896429827756165,0.01611523568663461,-0.025071785003685586,-0.08779214183423141,0.4394728912078563,0.5035719527310286,0.4730612052506712,0.5191239857071784,0.5031288621951816,0.24526091355424232,0.571633489680522,-0.7805374762331436,0.061995854327543516
254,141,20,0.1299120209296586,0.6619097379661526,0.9949297708161225,0.7471717077932115,-0.1283827125802868,Attention,15.633826504955609,1.3085198292889513,0.011249631360647485,0.06448649012177597,5.11474391424307,0.6521902035366272,vigilant,0,0.6735166073753308,0.7391720906457605,1.1547053051129135,1.9322175581111536,0.019029888062953183,0.05450653624442911,1.060364043798493,0.863953287713629,0.8810295634150094,0.8546989423615412,0.864211399464062,0.9997672464802926,0.9994694142929492,0.9999360369590444,0.999999950917692,-0.12083535618702843,0.04723576450716747,0.020889997245784584,0.05905318047363525,0.09485419164389658,-0.014882366207972236,0.017826948772848718,-0.08511247218537878,0.008590385121743404,-0.03983160831722906,0.25856605390972726,0.46209686969801206,0.5071428165470534,0.5281142552865057,0.5003678247088694,-0.8457038161067427,0.34627205609738665,0.13298084090520418,0.38366237050397045
255,120,20,0.13107949801741944,0.6792415957703671,0.9923807021984575,0.7451678078784211,-0.2276955736870585,Planning,16.510209059484033,2.206443581522482,0.012011926066191246,0.05280574692698266,5.168685531719034,0.6502574772962086,vigilant,0,0.6984705852468175,0.7156387647025335,1.2547164806070374,1.8824251250920843,0.012469229754801484,0.38901695660386093,0.8101286238258982,0.8868294530205764,0.8618620298406361,0.8491733202269591,0.8658129330224437,0.999492586923958,0.9998900436418999,0.9998075153685342,0.9996337664298021,-0.028136389187364406,-0.024305386161828025,0.11406018587299954,-0.06675988046253695,0.002459973608645611,0.08818925358074883,-0.09465449783116718,0.02161597033530411,-0.006560658308151699,-0.033662162975329556,4.113815105203305,0.5427221094815432,0.556062042138652,0.16856043788611602,0.6064940856716711,-0.19942190862079154,-0.17054845879213448,0.8200846589422547,-0.5085324746102594
256,120,20,0.119419874011831,0.616967634701521,0.9922668583556781,0.7684456455277345,-0.16263633289934773,Memory,17.367725074250817,3.103104010729127,0.016673771033266557,0.037658452954005585,3.011362627316696,0.7245458599701697,threat-lock,0,0.6911556446713121,0.7227059393965038,1.2406988518115707,2.106377013876911,0.0552005654540231,0.1369597513455619,0.8438025314883768,0.8399123204178625,0.8311407817628069,0.9856913199432475,0.7950879930482733,0.999955510558631,0.9617282629981684,0.9508454438819208,0.9989827663607314,0.015261395387603778,-0.004407177033978171,0.11841236639219538,-0.05172649275991736,-0.009477259812654472,0.056955140718958325,-0.1074739597794348,0.03765655234125041,0.04273133569922161,-0.14501251322929198,1.3746172617899992,0.5282306880893254,0.5523436849527666,0.2998638385806551,0.5709382209716335,0.10567489646807418,-0.03002951006301903,0.9383318944683205,-0.32781748062806143
257,141,20,0.12503700470415632,0.6884563050264854,0.9999996884133988,0.7593303875237711,-0.37653536814991057,Motor Control,18.204146894489458,3.9884631248867746,0.02154521185208825,0.03133847599028082,3.7991830314839303,0.6996567546801434,threat-lock,0,0.6867317209513115,0.7269109597737883,1.2179746394705173,1.9956631725603515,0.03560915646902154,0.09517960816804812,0.8991365604485172,0.8491008977621165,0.8336164871159064,0.9539820105816501,0.8209930214774644,0.9998546302764806,0.9839344302089096,0.9814577621430797,0.9995439126418182,0.03663943980480428,-0.027746065127116287,0.11062408057197,-0.06471581695680168,-0.02850083247850592,0.06927665202931696,-0.1078616836364389,0.04789338226179307,-0.019591408985001557,-0.058270845695711455,0.6829086845704684,0.5106628471437427,0.5405406638619383,0.38864250720212284,0.5440553545875123,0.22226803423805597,-0.18068599414646302,0.8351826340940322,-0.46948850910646234
258,141,20,0.1258124206842562,0.6999797214915636,0.9998517479171003,0.7584527771272025,-0.25514819653798027,Attention,19.023173193246095,4.890669018471804,0.025530492168205635,0.0494150075822129,4.331855043212737,0.6808387482112586,threat-lock,0,0.6721510138649687,0.7404140831725817,1.2185153066230043,1.8452322398377548,0.045109591044467594,0.055844532200612085,0.8978074507104229,0.8597810484837198,0.8413178857413467,0.9213886251603783,0.8390493222838656,0.9997768041043712,0.9942150042978407,0.9939433702139487,0.9997211962403111,0.008775499518101075,-0.019438392524100068,0.12314098189972406,-0.06731380372176099,-0.0171496643214606,0.07454464130439901,-0.10950038322887753,0.05205071211844264,0.009500434575446054,-0.11784927275892257,0.5574337697284834,0.50015081200968,0.5509456911963603,0.4308208598398729,0.5105892452117524,0.06726518061393197,-0.14639931131056078,0.8401639115104016,-0.5178486641098061
259,141,20,0.12731013433872082,0.7677998828310449,0.9988299471430208,0.7550436569871265,-0.04006966137304223,Attention,19.826133275906663,5.786890885547513,0.027805798189594517,0.07387461032775872,4.584925159039237,0.6574124716482266,threat-lock,0,0.6672919629088285,0.7447962380660114,1.2033114847664916,1.8501517341113627,0.014278030487803971,0.05464540525135369,0.935451574714371,0.8659383120310904,0.8345410950226481,0.9024374676479575,0.8598247597390339,0.9993547618830888,0.9963859755644365,0.9984079838843208,0.9999727594065017,0.05173433970536776,-0.09824866773200087,0.09751678375897134,-0.01855927549898288,-0.07364229629441467,0.078759354800334,-0.05962119288879537,0.03633898463732469,-0.030831560556663622,-0.23862170722573484,0.3186025669124462,0.48731208863367054,0.5439121562266407,0.47827036034384374,0.4877949743465089,0.34914100116172886,-0.6876671230458992,0.6238885510221498,-0.1264023935415949
260,141,20,0.1335833527935142,0.7565425837200682,0.98542750540771,0.7424987807860478,0.00807380190476692,Memory,0.6627577509978266,6.587363420089628,0.02763932547195886,0.10066842538629034,4.869622162063062,0.6414564820425562,internal,1,0.7225456331096755,0.6913232298094272,1.1578846189831868,1.880011362520975,0.010119841090146742,0.08317729002538032,1.0519438567758703,0.8732278760565366,0.839142157439551,0.8782126495569819,0.8729582225075792,0.999198787100045,0.9989222078187838,0.9999773201743841,0.9999999417053441,-0.04410826998484878,0.0012083942568236524,-0.06705940560325829,0.11424651927164425,0.02902894899896808,-0.03549737959172232,0.10671834406692605,-0.09441731032438593,-0.00415818939765723,-0.13363347258356292,0.6584370442080633,0.4978238380429926,0.47631203874394884,0.4906970917861795,0.5333991114889539,-0.33564124244706384,0.008890335058604645,-0.48914208976945933,0.8049881578800419
261,141,20,0.1366550309670363,0.6589525659413344,0.974468300367627,0.7375139448428634,0.12125768529906417,Attention,1.5308855536551809,7.348763039502056,0.04149418941439786,0.11483301146287529,4.944182550717077,0.6733793780422677,threat-lock,1,0.7518089099932953,0.6593810452649462,1.1547186939631993,1.8999656203675297,0.04446626260500143,0.042448505918329146,1.0603285021843234,0.8672781683634115,0.8792763144827241,0.8713302240236637,0.8458636900664056,0.9998843039276251,0.9999482662230165,0.9995440304150778,0.9996835499031517,-0.08644997926890713,-0.01561898916917067,0.1284263542562139,-0.010290840691382808,0.042665041162653294,0.0765027642049026,-0.059340468142841565,-0.031427619746466226,0.03434642151485469,-0.2062243188780007,0.3197143490165819,0.5158220351454875,0.4524065466422267,0.514222059497467,0.5146179147102983,-0.5778624508535604,-0.13948253662973445,0.8008213287438655,-0.07283412179576929
262,162,20,0.14100457025586455,0.6011122633232425,0.9552265291543401,0.729672160868025,0.12552554739707852,Motor Control,2.435014388190453,8.042861921343578,0.05981576375165122,0.10995042992989916,5.085332356984802,0.6602325402972087,vigilant,1,0.7932107701717932,0.6089471849704787,1.1398342893648006,1.9405443976954695,0.02335960004291204,0.04941007765388675,1.1002872132555326,0.85669575856145,0.8918118144889198,0.8576570807950888,0.8574196152193213,0.9989941130300682,0.9990442538481527,0.9999999608246609,0.9999996375234214,0.013620792412565188,0.08816741837134788,0.01596165076573497,-0.10938108591306045,0.042946019081055116,-0.0390610840947548,-0.05833156998838996,0.0694374594084141,-0.02110666256208939,-0.2416456443034229,0.5428406443743302,0.5334950240605042,0.4095636435030271,0.5313316614089532,0.5150993368358282,0.09230336834310295,0.6317183447442734,0.11348787798225486,-0.7612703348069971
263,141,20,0.14303167564022667,0.5837813807832463,0.9450582263502231,0.7291915465808946,0.3403550831983265,Memory,3.399393602007449,8.696707072085607,0.08203421630897884,0.08858199775848918,5.187989968453719,0.6605695357850797,vigilant,2,0.827697043128428,0.5611751997339666,1.1651355067935891,1.9595739090398325,0.02681377682431298,0.06217826487192252,1.0328835818613022,0.8458032002840001,0.912281545667708,0.8471638920176223,0.857130484748405,0.9961528528810112,0.9962862413781315,0.9999341257387115,0.9999153960922804,-0.033444532857736214,0.05209606142335427,-0.0915061861075531,0.0988573342016041,0.0421898138516596,-0.07792008795716848,0.09858614185588058,-0.06204476758572778,0.0034541767814009403,-0.19819030849995156,0.3412402446911228,0.5757276332414771,0.3903409734985837,0.4910315266759405,0.5244612822144417,-0.23213863489097766,0.38279306664183077,-0.6535879624818832,0.6102490455712951
264,141,20,0.1409751446465898,0.6140512395805019,0.9553690875656082,0.7319007792562318,0.407235593089167,Attention,4.333362049868196,9.389441428860888,0.10547775721473758,0.062210598335898856,4.946189160055643,0.6671228975501091,threat-lock,1,0.8031844279931625,0.5957304546766904,1.1628318668905993,1.8121110083243166,0.04776233665601179,0.032074463111912636,1.038917945859442,0.8176415386300877,0.9206703652019359,0.8711417995874079,0.8514342945625162,0.9913707141382722,0.9974621326892765,0.9997205738160755,0.9993427242942762,-0.06259287038824056,0.11657385274088683,0.03490179633061511,-0.0443564321091906,0.09548182469888072,-0.041471236045046565,-0.03996965827991836,-0.010804940291974761,0.02094855983169881,-0.1753064189731956,0.45342144951107183,0.5569951606031656,0.41312924991327743,0.5014213024838065,0.5173560392490044,-0.45280705000628974,0.8002350292278856,0.23301955573347663,-0.3166884274914694
265,141,20,0.13810073525398314,0.6680997704741215,0.9685096184188924,0.7369684189310233,0.42341315362788123,Motor Control,5.250378516420709,10.133799866275504,0.11574756583373613,0.04152905413811386,5.0085278149028385,0.662149227474303,vigilant,1,0.7764112006870318,0.6302266635486964,1.1810963903419505,1.9699909574406018,0.0275430955150462,0.05381410803211845,0.9915864804481229,0.8305157342640551,0.9106723996327037,0.8652032549564787,0.855770251469263,0.9948121931619672,0.998049225563795,0.9999365190248692,0.9996071078245808,-0.03984031377265742,0.09146189226552412,0.040383770215978984,-0.08091391311406416,0.08315085897611767,-0.032914654659061175,-0.05875219423692945,0.024967649840137614,-0.02021924114096559,-0.21158410391245275,0.4636214268468166,0.551319987525182,0.44751615635921593,0.5160278524447258,0.479051976986947,-0.263846118974727,0.7274034464791053,0.2800285608820084,-0.5682019505797608
266,141,20,0.13644662494767068,0.6651760714481129,0.975287586971597,0.7385088983163157,0.39462911177354654,Motor Control,6.128842802148242,10.90152113629724,0.10599022324875072,0.026627613564624987,5.096167114668355,0.6353363838908629,exploration,1,0.7529737197540333,0.6580505887542193,1.1666599546322705,1.9802429161108093,0.021978125324086186,0.03295169228433173,1.0289009226038883,0.8342938722515565,0.8942758443524471,0.8565718009460066,0.8777865337058531,0.9973025529947707,0.9988258475343974,0.9996581377167866,0.9986934801400271,0.10508741383626181,-0.0780749131183251,0.013262028895714798,-0.054864747727075565,-0.07710989381861466,0.055341667722489184,-0.03834926160530679,0.09668583113894247,-0.005564970190960014,-0.2175236400612312,0.5642832644453394,0.5247952707508354,0.458637304109135,0.5190040518632644,0.4948499987143188,0.7173346795853855,-0.5611552576256638,0.09364106623980362,-0.40220279091110245
267,141,20,0.13656252433977156,0.6376955969382786,0.9748332389822848,0.7384967400017455,0.2818749206381889,Planning,7.008380660783172,11.663517639065113,0.0829789972729784,0.01675027531029658,5.114024311179586,0.6463949991000231,exploration,1,0.7558037490278438,0.654798207813259,1.1637119553405761,1.889547219634861,0.03607467712236321,0.029235945665040036,1.0366102664788748,0.8512284759626096,0.8886235530711238,0.8547717758340382,0.8689784081754561,0.9989051815268309,0.9990885485513058,0.9998541347878723,0.9997757950322474,-0.11448316174826251,0.0698053597684516,-0.0044830631503103326,0.05827491361999339,0.0978165994535833,-0.039739047090506546,0.03633692387991275,-0.06745384761049845,0.014096551798277023,-0.2404964975455653,0.29469288932774945,0.5247421445670841,0.4546156542205172,0.5005292412816995,0.5171467366964344,-0.776680913669071,0.4604034550570714,-0.030354107533668073,0.4288053696836399
268,141,20,0.13573530381304935,0.5790277422940348,0.9780046605970657,0.7390618079242405,0.19904247796224128,Motor Control,7.867315029220033,12.437718367569001,0.05890896929437749,0.01025136685987122,5.003175447690197,0.6620027156875041,vigilant,0,0.7427952217390213,0.6695186767833129,1.1563541919749252,1.9524508480693301,0.018624478962764,0.01740156581943855,1.055992208922991,0.8512612267737389,0.890687713401478,0.8657196275998542,0.8558967504177625,0.9987698121322358,0.99947284667494,0.9999309623270544,0.9999855773405245,0.10931123766395015,-0.015827624378376755,0.00246904601905314,-0.09463833856013988,-0.06396233484023145,0.011673507107452285,-0.04992523560515501,0.11952422155621152,-0.01745019815959921,-0.21524302823152833,0.41523228060389167,0.510742072492048,0.46035750708233053,0.5091008175884397,0.5177159825533646,0.7383919130670871,-0.11885119473251304,0.019399939296720858,-0.6635325301619094
269,141,20,0.13259809927267036,0.5400290438306958,0.9883932341184767,0.7440252471757345,0.160764695885939,Memory,8.691856701144854,13.25382342023754,0.0388541707611499,0.0082234350638634,5.054604905530638,0.6624011877873552,vigilant,0,0.7107335057846345,0.7034613591058737,1.1601277626760313,1.8899923155697136,0.03910564685874595,0.035625684538126,1.0460263459314583,0.8597339880274739,0.8877336094992468,0.8607068910769532,0.855552544294306,0.999365147360489,0.9994058458987991,0.9999814445606334,0.9999878410704511,-0.06966416222108629,0.0769293567711319,-0.07337518987669517,0.07924603657954514,0.07567891393533341,-0.06697923419576406,0.07913387382890034,-0.06186394796261936,0.02048116789598195,-0.1866121482541694,0.423360281918413,0.491134790555424,0.4861095536601709,0.49638334143682333,0.5254404606530123,-0.4756389305918124,0.5215887606611329,-0.502317525557227,0.49938950326926684
270,141,20,0.13151176344780374,0.5891805309803723,0.9913206894973212,0.7470472042282782,0.18089018128708256,Planning,9.523465857027272,14.094190687466883,0.044466145733039,0.011630144237331027,4.97830004862094,0.6678083224571085,threat-lock,0,0.7033931795146569,0.7108009812966366,1.1822820864658241,1.889807366632315,0.028315737729106404,0.04904105929628801,0.9885526511828996,0.8710835853590724,0.8738978756779646,0.8681034347451311,0.8508303689850465,0.9999936867284815,0.9999736119724882,0.9997888986696067,0.9997057369485329,-0.0011506134561926928,0.1233878344334635,-0.03213342128877484,-0.06930253282700041,0.06710365680112478,-0.07444048771373302,-0.023600272686898807,0.03845157446711788,-0.010789909129639546,-0.1832019957495588,0.4078587981642653,0.5002289855241416,0.5054971588278984,0.5102905078587401,0.48357746230413606,-0.007788503385017441,0.8155004507002317,-0.22778464576764598,-0.5319892003370449
271,141,20,0.13030951076821232,0.5744456184280594,0.994114482541009,0.7492528805958824,0.06459540255914392,Planning,10.34497865980483,14.952014664302492,0.04880086153196047,0.015774058840387323,5.06174304715244,0.6385042236128953,exploration,0,0.6916558206524841,0.72222726738717,1.1877479784708127,1.9258344086364554,0.02105916441091779,0.013716246796770085,0.9746244989170894,0.8658931556705565,0.8628282664044952,0.8600020885913923,0.8753015670468907,0.9999930615633005,0.999994255934655,0.9998215873802001,0.9999306792895465,0.020426086526900592,-0.04673407512551642,0.11095776938875725,-0.07897117909660036,-0.029359551435325804,0.08465104216701538,-0.09518106569247603,0.055270137678163175,-0.007256573318188613,-0.17117427941906144,0.3708603673920347,0.4953186131968776,0.5172118817097657,0.507340419567231,0.4793297607212689,0.14405885973375993,-0.2967042951370519,0.7253212706899963,-0.6042538046748925
272,141,20,0.1298671315417046,0.5911542016328044,0.9950183540869774,0.7477587949621081,0.08792161615191524,Memory,11.129756992466245,15.808548427242084,0.05134343936211902,0.020227009701914322,5.044042517403386,0.6355308325048883,exploration,0,0.6755479740208554,0.7373160345444264,1.161691490228918,1.8981563012276317,0.03236254295061659,0.037055386200345326,1.041912383120266,0.8687113827469438,0.8558573853559329,0.8617457244023119,0.8776348761825353,0.9998801640157274,0.9999756382615577,0.9998038315027912,0.999936087105421,0.05196271489526056,0.0030446389378930233,-0.11400459505971577,0.06550231503688335,-0.025265782538289143,-0.05335716870524178,0.11060277606426866,-0.0061223556804423165,0.011303378539698795,-0.14138344816952156,0.4456823580945487,0.4677810391391561,0.5105521355652913,0.5273530808830305,0.4923577199308311,0.37522301890040455,0.02191508939895003,-0.8114637630780094,0.4474974593840492
273,141,20,0.12958287850374778,0.5505743591665195,0.9955626325782804,0.7492166104923424,0.18133646791495223,Attention,11.925985929745078,16.67364490374127,0.04876453493042629,0.026256918272616104,5.164118485298182,0.6446504039515817,exploration,0,0.6772132154912197,0.7357868310618523,1.1757433538878663,1.905507152890187,0.026304368134232318,0.021329447097829513,1.005340256130914,0.8838443839532286,0.8598467954563958,0.8496462337475196,0.8703929404449235,0.9995425536899167,0.9999294295676032,0.9996937842878019,0.9998489852845738,0.0552109060884563,-0.10090113887250088,0.08081102821890086,-0.021745294384712056,-0.08193398173746903,0.10254140639486993,-0.049780915877800876,0.042102358304488045,-0.006058174816384269,-0.22913328138591396,0.31465952044695444,0.4775851373475864,0.5188924946131328,0.5259759458221757,0.4754075094443003,0.39541961216139127,-0.7437050086397696,0.5156988059283446,-0.15684684251311762
274,141,20,0.12925915466847915,0.6145057141205227,0.9961470299503951,0.7484369839245877,-0.0046079440540901795,Motor Control,12.699560513260208,17.536949273657534,0.04145574290985272,0.036643620236560745,5.155855674933054,0.6327852566110101,exploration,0,0.6673429592226471,0.7447505453344497,1.1591859520271646,1.9136433229852001,0.026851548362443273,0.025228167786179406,1.048508560280084,0.8785854722353992,0.8548395016898581,0.8504994408485242,0.879765704857767,0.9995733345286906,0.9999874561008166,0.9993605038201067,0.9999988144834521,0.04742368391326871,0.05094442543347512,0.02422069151235537,-0.104458058784267,0.0039423701495350984,-0.013939390001304302,-0.0708325425540269,0.0895503686934072,0.0005471802282109549,-0.30220897745034925,0.44361537454096917,0.46057945438733683,0.5140037743477128,0.5297442077915904,0.4929885804605408,0.3062970091896064,0.35210106453030404,0.16062423240799611,-0.8697165276579898
275,141,20,0.12975796962085093,0.662300082088201,0.9952307862331468,0.7478607370796179,-0.12123090288653096,Planning,13.485101237396885,18.39578779085025,0.03242825100478537,0.047509567147778715,5.178465246749543,0.6450920063223785,exploration,0,0.6749175065444701,0.7378931896689352,1.163906279685336,1.8869691997539144,0.05977128198255277,0.0248067338903673,1.0361011124066002,0.8876184776995895,0.8577879194022757,0.8481574551336974,0.8700357778131362,0.9992862057438023,0.9999380577690908,0.9996621989033301,0.9997373776462908,0.1257400228420845,0.02218731828373476,-0.06886663302290377,-0.03650216211318111,-0.04095618515941837,-0.04914830398607909,0.021285182403365136,0.08603204273495071,0.0329197336201095,-0.14155610122916773,0.33860746799764857,0.46870338319899046,0.5124374921137657,0.5420977836917437,0.47313309773377443,0.775672446313077,0.13415743867661428,-0.5557291341510904,-0.26739328176694466
276,141,20,0.1299672252817996,0.7191743798673658,0.9948198554176761,0.7471428218901764,-0.24068499811792096,Attention,14.272507906669874,19.250370289618882,0.023406907170501527,0.055729618357643756,5.252586702150462,0.631193168413642,exploration,0,0.6776113265715534,0.7354202132807742,1.1620329212278047,1.924586031026978,0.017026728302773242,0.020395074811316583,1.041015336849939,0.8833556102636769,0.8587245259246357,0.8403154092597017,0.880990957588043,0.9995217175427401,0.9997800425808456,0.9988102602585736,0.9999950943951544,-0.1087547881916284,0.0029491163574687784,0.0709471789709485,0.03248076802728724,0.07699377306151754,0.04058693415330504,-0.01846551043651221,-0.07971074363961325,-0.04274455367977953,-0.3563421461874628,0.28417479526182043,0.4694201260403352,0.5094676485966576,0.5563503652939821,0.4588700375265265,-0.8346146574343135,0.02155690949822245,0.4995535568591278,0.2310842207466433
277,175,20,0.12783507598421523,0.739980048383879,0.9982527296326765,0.7526524886729701,-0.08332565518935864,Planning,15.059443053828568,0.14343322209613873,0.01595236945839606,0.0582930574090583,5.338102191763893,0.6212090262685686,exploration,0,0.6611200481681552,0.7502801356227794,1.1903059804934821,1.891003688406761,0.020768473249904062,0.04078537627222556,0.9681378068888391,0.8829749378443985,0.8604898080990977,0.8309478111451687,0.8885033958569387,0.9995989685631498,0.9994503516511262,0.9976215679074675,0.9999721735203746,0.10527587212522968,0.02655863021138015,-0.04071858928625896,-0.07582957714711434,-0.04297655836981417,-0.03899933362170251,-0.019439156912339207,0.10689718625052341,0.00374174494713082,-0.34220873712944283,0.3752696286571543,0.47498829808311993,0.5390462529346758,0.5428489300653182,0.43489110477082527,0.7360484671110535,0.17243042539951398,-0.2983905621617738,-0.5826349413421679
278,196,20,0.12648242954619726,0.6556244476331854,0.9995116907748613,0.7532383943004735,-0.1375258608925978,Attention,15.813648608749183,1.0447804773031635,0.010403027177413123,0.0547444614094605,5.257093580391909,0.6044237733395776,exploration,0,0.6417311583579348,0.766929671086328,1.1752671583696834,1.9972829327516028,0.026832362951877197,0.03345586223765439,1.0065683688745057,0.8799921091532429,0.8422761609981971,0.8398303597950216,0.9004830499286097,0.9989736178543881,0.9999963849050532,0.997082019626418,0.9995979729512064,-0.057636306703914494,-0.06305914603312267,0.12419905760038046,0.006716652793019479,0.002042997914938717,0.1018098418841609,-0.04932180459578593,-0.03791892990779926,0.006063889701973135,-0.2755832931020303,0.3547123204329723,0.45228462870676495,0.540523078884085,0.5662071721487839,0.4274141247515158,-0.453247793743195,-0.42741304179087597,0.7806028947505879,0.050434609951891876
279,141,20,0.13062622472249344,0.5993005647667893,0.9934256802369466,0.7463597686039447,-0.1447452192579568,Planning,16.615336874258073,1.8921054214412751,0.01037336385312806,0.046569286447889206,5.397243032892703,0.599189887326061,exploration,0,0.687274352923913,0.7263979376436972,1.166474875860303,2.0278702930845425,0.023375955881160464,0.04890423113923548,1.029383998543185,0.8918736516707249,0.8413291837031049,0.8242629627707715,0.9040559508732543,0.9980515957991822,0.9998350682337505,0.995172469878694,0.9998453525472429,0.027960548022196358,-0.10520698177847784,-0.011903958589571353,0.09504521935958588,-0.05871232984887886,0.05031506760906548,0.06034812690356425,-0.034469735796323474,-0.0034564070707167327,-0.4039281018635023,0.3771148559678819,0.47888956758120566,0.5061506991642116,0.5595181484881391,0.4487935753891475,0.20370132320697998,-0.6577045819866086,-0.07902694559827368,0.7208919444874892
280,141,20,0.13046221727364604,0.567235551985968,0.9937866658540375,0.7447117288806548,-0.27827445209336205,Motor Control,17.387509572867422,2.7317523624162767,0.01412746622897053,0.03495361244358713,5.357108890928835,0.6141555027724033,exploration,0,0.6769129030622876,0.7360631234261,1.1407268130303243,1.9479358887486065,0.03369565482162998,0.03693756439632832,1.0978651326647086,0.8778751491387273,0.8624450501985558,0.8288180953933222,0.8936354528896299,0.9998141904098858,0.999287725156198,0.996930305655028,0.999773532165125,0.13764106157744987,-0.013187787442793418,-0.045356671693696886,-0.052701520921370155,-0.0705522617442167,-0.0161813208322167,-0.007358640118922862,0.10139279599739678,0.010319698940469513,-0.3455967791920138,0.5515857789327325,0.4558250339858481,0.49565608327687377,0.5667821708016855,0.4746646567466372,0.849807619974861,-0.09235787151438077,-0.30996456177809373,-0.4161958710075217
281,209,20,0.12925768725552808,0.568944439671861,0.9961495920546588,0.7472595343087005,-0.246795912267252,Attention,18.196056380711813,3.8694680954208893,0.018143434915982973,0.026069101079936808,5.400693024810113,0.632265259722646,exploration,0,0.5792879897476992,0.8151229508080787,1.395759660400592,1.9742626320323662,0.01337594469637082,0.4067573483834923,0.4693902775776411,0.8900693985507001,0.8685188784345957,0.8238676862437897,0.880166722348449,0.9996032931820118,0.998734469108841,0.9978763358840138,0.9999112632146746,0.10547836564662766,0.013416084984255562,-0.03206786920294152,-0.08003281351624081,-0.05548111613337935,-0.026595906911712815,-0.02377842191704679,0.11243762174680888,-0.02031971012525916,-0.3311275104749882,3.530178371673277,0.5243923744957368,0.7378786842558007,0.340445143014176,0.25425335689363104,0.7791218183631505,0.09579156911341921,-0.22793572638593057,-0.5760542266785351
282,209,17,0.118679448771397,0.6328252991755231,0.9899659362071639,0.7800772655674174,-0.25211117216398726,Planning,19.000359024540305,4.934465468688735,0.0243674008190352,0.04656840192009171,4.0426708580850566,0.47797734982554174,internal,0,0.6026603843857616,0.7979977826360208,1.3345868828730918,2.30945734452921,0.03977524860301531,0.12227418331478633,0.6207309369607462,0.8514767360718188,0.6749333570306796,0.9402643789276651,0.9671376475019221,0.9885402355578633,0.9596995824572876,0.9981410160535394,0.981586702668086,-0.04173243068168768,-0.05021275631855148,0.07510215686242064,0.09765247756613218,-0.0024803697936622553,0.04172089977931345,0.010498606683780887,-0.09077333549473045,0.02639930390664449,-0.402902686320438,0.9103222911730404,0.5120349909765348,0.6779984183758525,0.40437151304544117,0.3385586686729323,-0.2791429560150423,-0.3056190233485379,0.5514614174417943,0.7242696512679219
283,175,20,0.12027316944182753,0.6699632191779424,0.994523335316906,0.7730190828122976,-0.25603229304346653,Attention,19.792631919024842,5.952937303804303,0.028469971017294215,0.0756465476760264,4.426229078272647,0.5369910680710526,internal,0,0.6140024845806663,0.7893040915444242,1.2903415122588977,1.9908483871603173,0.04884582976929189,0.0779773980043772,0.7255433805276995,0.8589645876124689,0.7350633547433499,0.9145948152964437,0.9409452829862412,0.9930901621240175,0.9811035407086053,0.9989165804582923,0.9924479747065229,0.0013127648252924434,-0.07494981660617944,0.028466266540203233,0.10470825514377378,-0.0455119250850316,0.04874864255755331,0.05400221862229791,-0.06793057622861771,0.009070581166276577,-0.2459122535980303,0.81110943270049,0.49697445513842814,0.63886381681618,0.4313821369574656,0.3984706343228515,0.009498231580215035,-0.536801883440003,0.2022679169464926,0.8190489675875555
284,175,20,0.1250448867400942,0.7539786452488322,0.9999995416417614,0.7601642014359032,-0.047407461375241614,Planning,0.5868978393323765,6.886416043077125,0.029212021658901435,0.1093549312000413,4.588292821744794,0.578929444025996,internal,1,0.6480315290726896,0.7616135091552091,1.2256593771665734,2.0664315679670167,0.03961895215893493,0.10180426204199883,0.8803064038843167,0.8677651675426759,0.7693198394688757,0.9021693012912452,0.9171810892113301,0.994954121716183,0.9891792940771819,0.9997291715691478,0.9975712999807782,0.09123318649088981,-0.08500420484361236,0.05748481518817465,-0.04407349694203612,-0.08982975871713175,0.07028251198321972,-0.05296978162365452,0.09249568062308551,-0.00922687761035696,-0.17671263078984537,0.36024354569789174,0.48641209879859915,0.5716666687370348,0.4721848493491035,0.4622141690205293,0.6232720823231161,-0.5531379650495536,0.42625198606245435,-0.35196526447258814
285,141,20,0.131358014400982,0.7705433474006699,0.9917047194450161,0.7478787327387879,-0.0419946366864027,Planning,1.4255767966955015,7.728793703925497,0.039280142317162384,0.13212474852294692,4.833109096094621,0.6235499183143705,internal,1,0.7055492791026627,0.708660860184696,1.1886894115033046,1.5827199655093478,0.030266902704287373,0.07578218196982804,0.972234870858198,0.8737295150162779,0.8204859616832482,0.8814995539341791,0.8867683224405228,0.9981812606333708,0.997522773527838,0.9999751460740903,0.9998536043298402,0.043626369194687147,0.020517849138558204,0.041925912439951536,-0.11366777263033959,-0.017286453283628406,0.016940679511476486,-0.07848768401572584,0.11669800234930787,-0.009352049454647553,-0.18575357270110418,0.523280610713822,0.5058720415655089,0.5081030152495395,0.4990451334514995,0.48670189873874714,0.3384515789327404,0.13117875941103116,0.3412752733209154,-0.8670489315010153
286,141,20,0.1350874492531562,0.7544062203641442,0.9803689792408684,0.7425081797986464,0.057122851113712486,Planning,2.3167489226381486,8.51622940327916,0.05403234409853547,0.1280861785182222,4.994270800708997,0.640691329117123,internal,1,0.749375716023788,0.6621450265869517,1.189219382062759,1.9240583000292637,0.03248448499169817,0.04652862897851504,0.9708908358372963,0.86260852792239,0.8612963025179976,0.8665759919347334,0.873568118137748,0.9999987556883062,0.9999794884835618,0.9999619104130363,0.9999081221833962,0.08314659791047954,0.0028654805352832133,0.0179186511883838,-0.0977501902932545,-0.0427333365964471,0.010558647793618781,-0.06825762736117955,0.126736261814814,0.0022175822874107957,-0.17032134908443203,0.26528525923678875,0.5376562177573923,0.47507062610807554,0.49312409811515007,0.49199826785797923,0.5993981131594077,0.0189840691256102,0.14125266888112786,-0.7876605808305596
287,141,20,0.1370452953780303,0.7295563070412041,0.9729065697995539,0.7401122570842774,0.17252411933543432,Motor Control,3.2425010629417947,9.269473137904484,0.07007377367160192,0.10204741650525642,4.9587445886909,0.6443987875005854,internal,1,0.7756749863421858,0.6311325657601974,1.193479429663153,1.940620469549032,0.03271357850068309,0.0328067970881793,0.960117577376698,0.8431641511150902,0.8799476664527686,0.8699589754666275,0.8705961748042274,0.9990202809852183,0.999918514715567,0.9999996831265013,0.9994787020165291,0.08355389235385163,-0.1025998989799783,0.04480723927011157,-0.028748649454326744,-0.07693784776931639,0.09284832088385359,-0.042680362239220435,0.062470884435708175,0.0002290935089849233,-0.1412053093716329,0.30576140072443464,0.5595292234243379,0.4552642802920399,0.480498076761993,0.4987815768986774,0.5587751941688365,-0.7356932630362502,0.3156182148206902,-0.2165891215598194
288,141,20,0.13731452603808988,0.727139121361456,0.9718086593675592,0.7400002947554716,0.366302415018014,Motor Control,4.177143454006642,10.016996809480418,0.0828772908395735,0.07089344101693307,4.8829884605719585,0.6491471038290741,internal,0,0.7809463435728643,0.6245981175605428,1.1968074359485659,1.9698035330780916,0.03496987525943222,0.007908368333006444,0.9517382004397581,0.8288106188225792,0.8903563505389871,0.8769957774189848,0.8667277159356913,0.9972785020785837,0.9998408012036163,0.9999164249116188,0.9990770048819541,0.046510695824521595,0.08710786550830306,-0.07368658506331086,-0.04362447725811356,0.03310148023509063,-0.08715647635899472,0.02319482205468714,0.049522550317248955,0.002256296758749131,-0.09867850276360084,0.314997091801331,0.5656944123960924,0.4524403859561063,0.47646696502946884,0.4982637255275062,0.2764019323215722,0.6592409937455463,-0.628731322693859,-0.3061048967885293
289,141,20,0.1324712474333148,0.7384277822223416,0.9887540021764477,0.7470965353214637,0.4636786889245802,Motor Control,5.045120140256553,10.844052126990992,0.08587770102137592,0.04556645728759343,4.858801790176813,0.6487846078692543,internal,0,0.7239667686211884,0.6898348483022548,1.1989178562753546,1.9760344716825324,0.012026194250677903,0.0657793713194084,0.9464407821873788,0.8246149558333422,0.8917946473612028,0.8791923718364867,0.8670255214573654,0.99678822355569,0.999855670456113,0.9998812182510205,0.9988626287877372,0.08893579026561611,-0.09346610726945885,-0.029143904565444967,0.034674840834890155,-0.0990528468402174,0.0431554937207725,0.03934765790174488,0.02757527020277547,-0.02294368100875432,-0.11045802333537161,0.8495409950060054,0.5258090716376685,0.5010194347178835,0.4887734759389194,0.48332682052421094,0.5801308177274188,-0.7361660078098746,-0.24697260110267485,0.2459926372328384
290,141,20,0.13229012860218076,0.7457520026381096,0.9892605620230788,0.7465115111600616,0.4576084821372185,Motor Control,5.896736121647395,11.67234384106036,0.07340089785838866,0.02878932101449691,4.932640855633516,0.6383287743669477,internal,0,0.7168553405750695,0.6972219307286605,1.1879886124691024,1.9190788570781796,0.036987593259213254,0.01621655126267523,0.9740134438895429,0.8506026185324687,0.8654360294180048,0.8724107315025552,0.8754399921696991,0.9998463566691371,0.9999625084198368,0.9999925834585474,0.999548712745967,0.059506628766149657,-0.03960746513952967,-0.07993912753959813,0.08497630624351411,-0.051844559546986156,-0.025958047177329843,0.10657433364317845,-0.01672047599018517,0.02496139900853535,-0.16886969592820364,0.32442238535550716,0.5135216774189226,0.4994572197980962,0.4950274430359029,0.49171717791292396,0.3597076516963709,-0.31068444170258375,-0.6523147542024166,0.5903990552540519
291,141,20,0.13250818758529548,0.6860843969961871,0.9886494505695722,0.7452603007971794,0.6230571407520841,Planning,6.739050636845188,12.500237133662393,0.0556140279062026,0.01766910247814321,4.970164658215417,0.6442020245390467,internal,0,0.713185631190434,0.7009752174388922,1.1810592899801131,1.9230556600539883,0.030316040461155054,0.03561908524035132,0.9916814816588788,0.8580766175272484,0.8663385484916569,0.8688773364178131,0.8707549667442915,0.9999505465341462,0.9999950942573279,0.9999972605323968,0.9998811338833692,0.02929659865823737,0.09929471371845688,-0.011250481222190672,-0.08384524138380463,0.03126848682202355,-0.052478213725613405,-0.0556161866535582,0.07364636424760419,-0.0066715527980582,-0.16952422368139403,0.31161927697450803,0.5064002388378356,0.49773018693316046,0.5232257706946002,0.4712305507947803,0.19800470026647501,0.6185530940049994,-0.07819338032805861,-0.7563544168193225
292,141,20,0.12841698171161592,0.6150800193587225,0.9974857769344386,0.7512000709041955,0.5214214648894364,Planning,7.522030378902172,13.380132090924537,0.038668249621025864,0.010621898590063137,5.139354624167601,0.6298613855563462,exploration,0,0.6647673038789021,0.7470504880485491,1.1778252893731609,1.9145373731911521,0.026323801414946602,0.049128913456843615,0.9999798325270453,0.862298552113116,0.8673319180457872,0.8521941019544603,0.8820100699859788,0.9999812073730353,0.9998374805926369,0.9993238957048663,0.999690725429174,-0.036235981414725546,0.06535732070529075,-0.09461080911220537,0.07602002783666953,0.0493703734820945,-0.08113389529927888,0.10084603778144677,-0.05328927256434518,-0.003992239046208452,-0.16394808281332027,0.28435349736765925,0.4700662004594754,0.5282497836752034,0.517049503995784,0.4823377692562534,-0.24438923773171278,0.42068180010343353,-0.6693474496695487,0.5614932903993761
293,141,20,0.12989761088213275,0.5419113273906798,0.9949582848885747,0.7491962427303712,0.38595658188779963,Planning,8.328666748151093,14.242682385098913,0.05441238399441313,0.013328769895908402,5.102297023974704,0.6376364384793773,exploration,0,0.6830372164354616,0.7303835711214324,1.180955224458313,1.956065821267402,0.018962513264376722,0.019962210934508742,0.9919479811925459,0.8826311589596758,0.8490890179871231,0.8559554924592135,0.8759853147719247,0.9991533092014644,0.999968637941359,0.9996987284795542,0.9999623514403565,-0.03696029979950305,0.06386186637836236,0.06402322131060559,-0.08652874332263595,0.0661552669497253,0.002797646799054189,-0.08825078595071696,0.03386434089948527,-0.00736128815056988,-0.14173991428625393,0.31322868922272,0.4849286206133974,0.5185426052052748,0.5208230140012734,0.4740265473412751,-0.2991745014222702,0.441617948511936,0.47420784040407643,-0.7004249633973272
294,141,20,0.12891831399153914,0.6076820955648337,0.9967208157961338,0.7490857593523298,0.1556136266177252,Motor Control,9.100262664341233,15.111234182940711,0.0707687895788866,0.019542947832644764,5.12493808400764,0.6318185831388925,exploration,0,0.6641473767276062,0.7476016733433917,1.1617841810833556,1.873927807834684,0.02471082194876517,0.030317705396180988,1.0416688123226652,0.8745537308862434,0.8550517886124783,0.8536646781153006,0.8805105495801027,0.9997174850969796,0.9999986999330597,0.9994523727182658,0.9999702857575298,0.12377945869375655,-0.04879307611972055,-0.054490913391468956,-0.006539911732847592,-0.0885822473075228,-0.0028190145736427964,0.025984943183500205,0.0761715831967111,0.005748308684388449,-0.07593045908600914,0.5117103027331632,0.45994269590827114,0.5177373895494927,0.5332427955072587,0.48585266592185306,0.8468054805882431,-0.355061440133209,-0.3934079308439055,-0.04562950498704937
295,141,20,0.1265584629011857,0.6611180940736501,0.9994609780460031,0.7533448531906474,-0.025455956619896136,Attention,9.849320696064938,16.012034622871393,0.08318644415336018,0.02729888203011463,5.199456773043552,0.640096866145297,exploration,1,0.6393735148160653,0.7688962924554591,1.1715499850493374,1.928779695737667,0.00920522102600709,0.026084915617019918,1.0161814818944317,0.8879485977520464,0.8555395900258582,0.8459622422737516,0.8740407211885082,0.9991645943787526,0.9999398937889408,0.999438386188204,0.9998321542740234,0.028069253226989777,-0.037562646496779484,-0.0839511000731856,0.10456574821866471,-0.04485884691935138,-0.01861157391072119,0.10514138608364224,-0.043586999103252,-0.015505600922758081,0.13805530337570976,0.43798486620035293,0.44846238708843394,0.5393108390440912,0.5288311843476093,0.4778732726556375,0.21686016129760557,-0.30391328349595176,-0.5634512285650596,0.7369742869226922
296,141,20,0.12624532286982837,0.6660297875030697,0.9996540824615322,0.7538575991055678,-0.12602604502508602,Planning,10.594235149910112,16.916041883557245,0.0874705867308135,0.03631014056791088,5.172987106085656,0.6345112908589462,exploration,1,0.6359299777109969,0.771746761216716,1.171378107581063,1.8979343119547742,0.04308575549868845,0.013168346788624087,1.016627128637078,0.8938017024735937,0.8421067705894604,0.848727030834075,0.8784287852263671,0.997934506521394,0.9999725438318908,0.9993506119435913,0.9997837265611131,0.07521210742030308,0.0706175403168245,-0.09962443295017821,-0.026770076845768355,-0.006417055289494495,-0.07112701203477162,0.04074314607290351,0.06045153880887,0.033880534472681356,-0.05697701969369136,0.3147351240451626,0.4459476934188876,0.5411895965446955,0.5202870228054284,0.48738677580236944,0.5248713030708002,0.43853031117176927,-0.6966394613723272,-0.21655193893203856
297,141,20,0.12608565038049427,0.5793458199508539,0.9997364234244448,0.7531403787474994,-0.22946728922721504,Attention,11.324621041713968,17.817926886444074,0.08026724834193977,0.04705422033038834,5.12172213683257,0.6411707430616586,exploration,1,0.62934839727487,0.7771232816275371,1.1605430234930076,1.973707067164396,0.01617410090411407,0.01833046647447164,1.0449329557758866,0.8950590208232677,0.8409005974157959,0.8539914569165518,0.8731861920702803,0.9977296677225648,0.9998907646344014,0.9997293568075035,0.9995706084156516,0.11530558629998121,-0.08758524004028279,-0.0026821500827841774,-0.009225482136588015,-0.09808401041231886,0.03954699681179749,-0.003956541566994314,0.06285494203130351,-0.02691165459457438,-0.14706948905546352,0.42662578228938886,0.4351332117217346,0.5373051729416499,0.5345061822773739,0.4860713530899577,0.8061488745886192,-0.5876257845906105,-0.016576155875296577,-0.0674178043262311
298,141,20,0.12922145157543208,0.5530075386728193,0.9962126091115124,0.7499918493958996,-0.18640576599709732,Planning,12.118502544715733,18.687567875940367,0.06540693594685801,0.06895191932669181,5.207037093664243,0.6402499471629703,exploration,0,0.6742052010909331,0.7385440723626008,1.1775072362497112,1.9330064794151731,0.016483344160471085,0.047555016425619774,1.000797800771894,0.9003660834738372,0.8433878973262359,0.8451645611320262,0.8739191238210339,0.9973868081470949,0.9999980414108579,0.9994133447364679,0.9993511159002271,0.09010599769318296,0.03502424220042446,-0.024948028274302245,-0.09605487424534057,-0.036942759928794304,-0.032130786378267176,-0.0320099816101814,0.11343953470374939,0.0003092432563570162,-0.0731221740689426,0.2434215407065989,0.47654492960490186,0.5220212368647749,0.5171658260979731,0.4826367647073218,0.6829689278312013,0.2329528080941035,-0.1829845701897136,-0.6676848657043658
299,141,20,0.13483969653063638,0.6057517035077798,0.9812443878592915,0.7396066543093951,-0.31971792089158724,Motor Control,12.955099277253824,19.473943284240388,0.04673615836557267,0.0905051022627156,5.102994956587839,0.6378457352951252,exploration,1,0.728638761086144,0.6848982083805223,1.1481639149844565,1.8741343099932177,0.017254105931787667,0.0679657671424964,1.0778136037949688,0.879150115467274,0.8529324843223192,0.85588521600001,0.8758206144492445,0.9994828426332902,0.9999941062290851,0.9997018915395819,0.9999907223430482,0.002520510508020962,-0.059382371332552586,-0.04561905636080842,0.11541300976580046,-0.0396958701958631,0.00933867429894,0.09231784752927341,-0.05763863828102305,0.0007707617713165818,-0.004410287730916722,0.23005663056049608,0.4955829346396668,0.4658328408616469,0.5211795651044472,0.5155280401560225,0.017280058985205658,-0.4504375267760784,-0.33384458335349987,0.8278618412506072
300,141,20,0.13631381660433367,0.6416650628189305,0.9758042606335312,0.7362075434953231,-0.2835469380991642,Memory,13.790228184291053,0.2331361050570635,0.030634933608395143,0.10022785916219477,5.127077390626683,0.6608696281092157,vigilant,1,0.7399468104275093,0.6726653831870313,1.1286337007855027,1.9212063236589594,0.022311885611583825,0.03898772848832468,1.1309810699834084,0.8685606196357856,0.8848727366321957,0.8534470431639049,0.8568727061225242,0.9997787084906584,0.9992338915525055,0.9999920150343997,0.9999005432436731,0.013578729669857372,-0.08633856970644148,-0.029155662674991985,0.11313944418414291,-0.053541786204819655,0.03743443273917402,0.07183943784631883,-0.0446441402416562,0.005057779679796159,0.05926536068739474,0.27265029232560406,0.49013652987838613,0.44556969776533156,0.5118493832280663,0.5470320058296672,0.0948439358505265,-0.6563943826970204,-0.2131544520575216,0.7174372598103866
301,141,20,0.13522093561166695,0.6713040392249143,0.9798906533237878,0.7386735245909146,-0.17360977676468822,Planning,14.624841924569647,1.0092960091515084,0.019378108394269945,0.09571824138049397,5.0710962993683975,0.682922404080767,vigilant,1,0.732285166909885,0.6809981162409788,1.1397386946952905,1.9020602847807655,0.02431259780965999,0.015563556560089838,1.1005468358779478,0.8716456718611713,0.8952472510222201,0.8590752025576615,0.8371116882551328,0.999503326016398,0.9989011470628876,0.9996904978647436,0.9991903984605581,-0.005565475290200735,0.13349961650083647,-0.023287711507371918,-0.07146613612752212,0.06113615108801514,-0.07979694067533655,-0.02629139785691505,0.03608449167815477,0.002000712198076165,0.1517953496482607,0.35099992006889025,0.4924542486496739,0.4579642341800486,0.5048388507491443,0.5411980117978441,-0.04389978928084712,0.8498878888523351,-0.16499013796259288,-0.4985395062162102
302,141,20,0.13362156914505802,0.664755484914679,0.9853067589507291,0.7404502098636339,-0.13100242343121482,Memory,15.431425832953972,1.8086366096215456,0.011939544805105637,0.08065764247080377,5.029033104494865,0.6788386082584908,vigilant,0,0.7102888670295442,0.7039103106034792,1.135571660805399,1.9567030310097349,0.022743469970296123,0.03134794666219166,1.1119025844031751,0.8703383296953415,0.8889706159471434,0.863213606054298,0.8408951814396461,0.9997025654858785,0.9994505416171321,0.9996694482131071,0.9994058348605529,0.03385966407385121,-0.10945749005704176,0.0010342612966240236,0.07178326099885023,-0.07137450099731737,0.07259311883977192,0.041507678985578195,-0.017202523170020294,-0.0015691278393638666,0.031591138981291886,0.46791397909372506,0.4749712377931882,0.4707058874805868,0.5233765372875732,0.5281242950082657,0.24134643110252665,-0.8405364344513925,0.007165125400014956,0.4849732606358989
303,141,20,0.13208033953915943,0.6345008367791535,0.9898346191370955,0.74268243155811,-0.028958147924300848,Planning,16.220055707990714,2.629460541997937,0.01564277378454402,0.06202140171764882,5.1402592237254385,0.669687006505786,vigilant,0,0.6928238632983634,0.7211068536939104,1.1382833600480633,1.862885333276358,0.04718957251077876,0.028229268576677995,1.104504214892038,0.8800013174748269,0.8822901807568796,0.8521015166860257,0.8491670762835408,0.9999954516862432,0.9993062099760582,0.9999943646831653,0.9992934384984693,0.1230622504793892,-0.046911132044174415,-0.011092863700108115,-0.05380207866712224,-0.06785482785894646,0.02095161089088165,-0.025354363661893642,0.10819097707275277,0.024446102540482635,-0.15418247388275852,0.36768673069694446,0.4650002997430871,0.48398290081711576,0.5376774408131976,0.5103314830546706,0.8545368240669089,-0.31933567231171117,-0.08368215966652309,-0.4009848386864705
304,141,20,0.1306410784219374,0.6551639478788227,0.9933925338900561,0.7436123647475282,0.07086154695976168,Planning,16.97259308736495,3.4630654519800728,0.021304973663066752,0.0443544877671896,5.226064644879186,0.6572320381382694,vigilant,0,0.6700920008207899,0.7422780546641471,1.1230359091773374,1.9312467129769133,0.04077194403440581,0.028784177967349108,1.146536068018599,0.8853105200518568,0.8750774520189796,0.8431506175404475,0.8599777742445694,0.9999099111543143,0.9992789641328764,0.9998130321663429,0.9994861389180127,-0.012528977272602234,0.0961488527292172,0.03722992629952858,-0.10004960536441314,0.05750038320033064,-0.027678593006288,-0.06559136215567518,0.055741319604307935,-0.00641762847637295,-0.031040567954088126,0.3342285363797963,0.44045507185992805,0.4879033528331608,0.5412575570279594,0.5243947796534493,-0.10486626881960964,0.6172594717046779,0.239409005036229,-0.7420762350070768
305,141,20,0.13058971466067318,0.603264057037325,0.9935068343028644,0.7449861153328254,0.07455343812832443,Motor Control,17.74395168149199,4.303416700690961,0.02758351491010878,0.03656768807012638,5.247545342167756,0.6670763457574145,vigilant,0,0.6762182929218581,0.7367013101100393,1.1406946576291102,1.8920991193276475,0.03173497192071887,0.026714167097955332,1.0979523348004079,0.8977746520107237,0.8728976535272154,0.8408568552976883,0.8514752548210596,0.9994370066661679,0.99928807879355,0.9999289091564286,0.9982369772039666,0.0916733938797156,-0.08200228871442763,0.05289651774250545,-0.039904213222510906,-0.0991268026512152,0.0865070370587517,-0.042314916862807125,0.06400624469070698,-0.009036972113686939,-0.006628424496491896,0.28884809248617915,0.4553375245075427,0.49606429515170225,0.5411150803175696,0.5037682043406145,0.6078945920676049,-0.6541172169047696,0.3585615309100349,-0.2720817157310851
306,141,20,0.13112311125035808,0.6703719971197725,0.9922765368376875,0.744412637330321,0.03222497640879997,Planning,18.5234000690251,5.137244091411752,0.03309474794744486,0.057776833179632225,5.246690481905418,0.6526377430384301,vigilant,0,0.6828843662069358,0.73052648301766,1.1414061092986199,1.947241529980899,0.037887516036738185,0.017053949168134703,1.0960239850808733,0.8903188949072329,0.8682857882945072,0.8409485501485781,0.863838868782804,0.9995852465197067,0.9994924778894908,0.9996512418906072,0.9994134452777783,0.08465309028684813,0.050776308178596026,-0.10257456074885997,-0.016961186698203127,-0.019028205663046666,-0.07029924038116267,0.05038959796148166,0.06093171310108479,0.006152544116019315,0.004713469224301771,0.307046297725674,0.4602678555003074,0.4923789068306613,0.5297347822326139,0.5148762509526511,0.6116712109822395,0.3373421903986417,-0.7038566714975959,-0.1290130312057376
307,141,20,0.1365471152789396,0.6114588411962983,0.9748938302189272,0.7350567190146715,0.07210939398813135,Motor Control,19.353703607592603,5.894245697313732,0.03612841861877416,0.08668959902397307,5.178408693395683,0.6604133756668558,vigilant,1,0.7389735041406807,0.6737344878941877,1.1235904046830831,1.9005452735975132,0.0367795479726897,0.057420965583573416,1.1449886421279747,0.8877800949313781,0.8703809552487194,0.8481633420991401,0.8572645104652226,0.999742186856651,0.9996510737615012,0.9999448044876743,0.9992542026647876,0.09696168230643228,-0.08293863227174818,0.04773309924847553,-0.038270336765645376,-0.09352226969621434,0.08288293061359316,-0.043881949321350255,0.06781502385914687,-0.0011079680640484826,0.03340415468951961,0.48066448404474243,0.48610376082839196,0.4431889188584591,0.5402355077407983,0.524816436562784,0.6348639514213916,-0.6449448675704708,0.3201595147503256,-0.2801638201034545
308,162,20,0.13991467505065802,0.6281543821391964,0.9604027272633937,0.7284501985690202,0.05369876621754266,Memory,0.20359398883090307,6.597397475133125,0.034272847025749814,0.11514292160801577,5.24141304644479,0.6673715055939488,vigilant,1,0.7704859441607769,0.6374569866670818,1.1030576062799051,1.977749051548678,0.030527088384581236,0.039699187486628824,1.2033102552751773,0.8739010979411559,0.8964282337548888,0.8415138681799622,0.851215426554953,0.9995394730329221,0.9976427114448211,0.9999405612933331,0.9996252619625795,-0.048625163321596644,0.015659306754690717,-0.0736360407466062,0.12462827184274877,0.03416707528007927,-0.048173526017525406,0.10485267367969041,-0.0783455090868997,-0.006252459588108467,0.10373475371938327,0.3676420741872031,0.49245091233998933,0.4074263483205089,0.5503018576296781,0.537274338787909,-0.37049299298958704,0.11296099207862229,-0.5072064188914952,0.7698807732691448
309,141,20,0.13991555278827936,0.6394221391242454,0.9603986469122904,0.7301715275101586,0.07580942123534551,Planning,1.0726457093677553,7.303939196508994,0.032998096189912354,0.13174137582548007,5.301811145778069,0.6760920371515362,vigilant,1,0.7759229237706184,0.6308277232075766,1.1200232573535422,1.8259859112728503,0.032356296224884645,0.031977658388990964,1.1549692923136918,0.8703402174354464,0.9132380671952114,0.8349657833905321,0.8434075403427514,0.9981910697278152,0.9948835581190886,0.9999575700372073,0.9994975888918608,0.040036556794263954,0.11603945969869316,-0.06077345761170103,-0.05776755075934205,0.033931576101442394,-0.09125186192295175,0.0022784965892928884,0.049863077335187064,0.0018292078403034095,0.2001482602320729,0.34493060849632157,0.5078932282078227,0.4129187564480346,0.5239530888700507,0.5449914769779298,0.2731116662919026,0.7665805209239531,-0.4264086253528325,-0.3948923991417523
310,141,20,0.13930766524223848,0.6175409118185017,0.9631890729607488,0.7332166466798686,0.12820519173115352,Planning,1.9664979590152105,8.022505934103107,0.048096674789865554,0.12952427634392294,5.143718533220304,0.6814940338845508,vigilant,1,0.7793843419291953,0.6265461256408783,1.1468696528274096,1.8534381963380473,0.030689346967045256,0.033057517188673016,1.0812865863722574,0.8614200273860515,0.9107678612926252,0.8517471192632661,0.8384415806014153,0.9977424140361967,0.996913079655653,0.9998893404314725,0.9996558707652015,-0.02706106012128746,0.12947466911089892,-0.0072107821311079255,-0.06052187633290728,0.07972085355750912,-0.071764768947719,-0.029857917650392113,0.017910229482051003,-0.0016669492578393896,0.20146118500323998,0.3408152536676019,0.5291804662507065,0.42540753394341935,0.5069975082065775,0.5309896146595219,-0.19085209926682897,0.8765387293247253,-0.0489976245574383,-0.43915209778272574
311,230,20,0.13811511212670474,0.6722086905407607,0.968448032648547,0.7371453315407074,0.19892128623957034,Motor Control,2.718209758642872,9.101896814353616,0.06638276122063387,0.10903848082711025,5.041985049239465,0.6716927302616653,vigilant,1,0.5714902473505071,0.8206088576071162,1.3153536794594158,1.9464021823573745,0.019485633515004222,0.4179083840598644,0.6664337982910007,0.8485092978502645,0.9050018930615246,0.8619475166920955,0.847378323704966,0.9973041608017541,0.9983343818497401,0.9998560843482521,0.9999991817451575,0.12322764800772966,-0.04774956630418427,-0.06737879624335476,-0.0029913681148575695,-0.08548219094624873,-0.002356024026537902,0.03868022605950611,0.06353570508295167,-0.011203713452041034,0.18456415119776864,4.039161860149105,0.47555972789768935,0.6828612156433287,0.5131972819725108,0.21017144227835194,0.788977270370011,-0.41796608661563356,-0.449820021044271,-0.02193549512619012
312,230,17,0.1237308025875991,0.620906293726597,0.9996259565829018,0.7669886137811971,0.13897098425392135,Attention,3.5183568163523695,10.096990179406832,0.07110144302859081,0.09058535590795094,5.079183691835064,0.4471200095948463,exploration,1,0.6266377972430909,0.7793106383633723,1.2768892352643988,2.163869891032039,0.06924935046242679,0.12127303815318378,0.7573675170880063,0.8796834320816999,0.7305481167211051,0.8582706708894066,0.977664545724788,0.9891981834594683,0.9927774546784556,0.9767741137646103,0.9822344568501719,0.022292967603226868,-0.08777969432396354,0.057320165605665656,0.0852985103993416,-0.064080099447542,0.08352444127067525,0.017458985324858626,-0.04478592596983564,0.04976371694742257,-0.0071635483729363585,1.128981686941116,0.4995381261929648,0.6212446451889708,0.5170852403723614,0.31167224049209546,0.17372867674683762,-0.6177851391955942,0.3907969493276638,0.6598769681244107
313,175,20,0.12466819381299124,0.6997587021530122,0.9999748154974455,0.7619862708009173,0.00040575019135694057,Planning,4.308079558234302,11.056119424984637,0.06799852114530774,0.0633168021594646,5.102511442234168,0.5181705683444668,exploration,0,0.6356360750090003,0.7719888471650043,1.2424133445710266,2.0702428873128533,0.015892626153689537,0.06575200903392187,0.8396673236535915,0.8662918997018373,0.7836166684708691,0.8559339044819344,0.9501896718886758,0.9962899986795095,0.9972840162589774,0.9893951431648347,0.9911373285988121,0.05889634729423058,-0.11497590793379675,0.08537263107009774,-0.009760308562345636,-0.09287167563699798,0.09594494719992869,-0.04659863787184115,0.03988523059441403,-0.05335672430873725,-0.17640421353696614,0.45445802434777455,0.48678937443484716,0.591212460647093,0.5274791230697171,0.3677902745304539,0.3898922711518879,-0.7269026541467265,0.556534699835894,-0.09932611020793311
314,175,20,0.12744426979174422,0.7206098374735292,0.9986929727670674,0.7542004889142208,0.21606867693940934,Memory,5.09983790178871,11.95805415089451,0.05703816287508209,0.040846300616290104,5.164874738418303,0.5574531921713177,exploration,0,0.6597144371017354,0.7515163747248229,1.2001531253928142,1.793029634685818,0.040169519441610395,0.0839316310673184,0.9433458478951626,0.8735193759718242,0.8065158519119084,0.8495679897224807,0.9299087650170348,0.997270228886793,0.9989839992712626,0.9936044160384477,0.9964535147057131,0.04258740976940641,-0.04488210201635086,-0.06800299256875054,0.1166333490125339,-0.04418086661378589,-0.010208981398073368,0.08808062867739325,-0.03985692542076251,0.024276893287920858,-0.24557955282991586,0.5556958577140667,0.47988415337610424,0.5466619781999493,0.5277690962006658,0.43855631568275627,0.28506786808350865,-0.3024674470354,-0.46789365760744195,0.7799521006067877
315,141,20,0.12970206779404536,0.7713885232161629,0.9953379288815744,0.749025933208983,0.3889918956236505,Planning,5.902278169885452,12.823321113227218,0.04385526685006207,0.02516132056622944,5.166614577203995,0.6069894209779294,exploration,0,0.6799859509675512,0.733225140381012,1.180083598719871,1.9359512861357506,0.04989631404745927,0.03298387940059617,0.9941814864472751,0.8773318612320431,0.8373533755911754,0.8493878828455926,0.8987037076413256,0.9988845584006725,0.9999107607688353,0.9980082864468335,0.9995729112469569,0.1069654661209661,-0.04182192724305869,0.02843404205464709,-0.08461177039817028,-0.06071009095180599,0.03399851896895873,-0.04831796259054525,0.11596003808646758,0.009726794605848875,-0.12557679058740365,0.3345259467288553,0.4822235342815646,0.5199790056184568,0.5447936871721014,0.4475288986413877,0.6828621656072884,-0.2561937696649491,0.19048458734303853,-0.6570994119246641
316,141,20,0.1303631456310388,0.7354511793195341,0.9940002598233284,0.7486784592983322,0.4326101351898346,Planning,6.719214861127102,13.681642706377302,0.045559963760902183,0.01505950190818221,5.268762123032609,0.6132702290489713,exploration,0,0.6894283659451033,0.7243538694797348,1.1849478953796042,1.9124936651536883,0.036124773961921826,0.024200046434795532,0.9817479953517901,0.8760482054855034,0.8541790376195552,0.8385701118461317,0.8942694677083225,0.9996435675668653,0.9998460460408582,0.9976320866739584,0.999699025265535,-0.017056375834387728,0.0706581448575942,-0.10291355181746115,0.06733225883806548,0.0468654340457441,-0.08179788816656916,0.09425252508182826,-0.04121577304289217,-0.013771540085537444,-0.0563447219302822,0.3218902887689196,0.49196849533055304,0.5168909503256275,0.5274979044572952,0.46101701255765754,-0.11475376000521251,0.4587635950956588,-0.7352138949173848,0.48562132068102304
317,141,20,0.13024177295464745,0.6539390303210689,0.9942573166560841,0.7472304417349662,0.3038547642700871,Planning,7.511449958458136,14.534502381087481,0.06833154272646089,0.015583424848340358,5.164987426743771,0.6227119087903603,exploration,0,0.6805866993033354,0.7326675540321075,1.1640472817673113,1.9550966713059699,0.033567902920380144,0.028886459906238383,1.0357317559651555,0.870612999421509,0.8560512485407334,0.8495563284610937,0.8873912946845046,0.9998447057479967,0.9999718727348781,0.9988944616234083,0.999760472737095,-0.11319039254674082,0.07584438819134193,0.02640603837545248,0.017284734057735014,0.12027632902783228,-0.02545072764913919,-0.0034238894812679793,-0.06417857705483358,-0.002556871041541682,-0.14573440910221377,0.3009087895484693,0.4727276523724543,0.5089024119066693,0.537175469112487,0.4785283661628512,-0.8399148279253454,0.49306026540438175,0.182366672383536,0.13482230273309329
318,141,20,0.13016635463051862,0.5695676689327793,0.9944144709896566,0.7470294909168919,0.31338463089055846,Motor Control,8.297972743675473,15.386816359910018,0.09468706610670717,0.023718540876308748,5.223052814674922,0.6349698563139958,exploration,1,0.6781736788847061,0.7349016677542536,1.1597660152644333,1.919465908065253,0.007286012693887975,0.006728081858589433,1.0469793630146447,0.8812085804241564,0.8608242154912489,0.8434705149635247,0.8780720916860334,0.9996727931544577,0.9998001385827694,0.9991397593046799,0.9999915878943303,-0.09415136362728728,0.043842279577601055,0.08074228244822575,-0.05091750111313828,0.09738107236684661,0.01569719326636658,-0.06465813661947037,-0.020649813605256077,-0.026281890226492167,-0.20524406764276015,0.3511735887356208,0.4684121033304132,0.5075939197462143,0.537756666722344,0.4834834655772833,-0.64496547418038,0.35810631213812816,0.5618149244735244,-0.37435731188386734
319,141,20,0.12726807814629576,0.6033992446493235,0.9988713920712189,0.7501033363316039,0.3459544799199405,Memory,9.027601467390415,16.26838424730382,0.11753552630251375,0.03440069752375187,5.226540000334064,0.6384384259040983,exploration,1,0.6375963944791624,0.770370584684522,1.1443426123997447,1.8679809947075243,0.005657086226402944,0.042442420153979456,1.0880874984930282,0.883510100149134,0.8615964295909198,0.8431000899135463,0.8753534907901018,0.9996161226269951,0.9997725262970218,0.9992633335559146,0.9999432118964258,0.06715605202394966,-0.06311153952612135,0.06805761818744437,-0.081095157189784,-0.08321763021501474,0.08049633805890649,-0.06468929026095083,0.08206069514797332,-0.0016289264674850317,-0.0459482716916648,0.6445988414125218,0.43144560538479804,0.5212905941090871,0.5416704727050689,0.4987022008048237,0.47839573868837115,-0.47218002291910516,0.5108383072119885,-0.535936346076389
320,141,20,0.12254008971423773,0.6744755724093117,0.9985682245079366,0.7579429335928158,0.38311015698995843,Planning,9.701864640722766,17.20708432641408,0.1301746748311044,0.04784239034747372,5.250022836230413,0.6490915405633766,exploration,1,0.5833921259784135,0.812190634855135,1.155763239350439,1.9753734860306242,0.023707554457311333,0.06095211815617176,1.0575578385494455,0.9021389504235723,0.8533792305058001,0.8405909190156028,0.8667733901882826,0.9979799291167368,0.9998961597436271,0.9995383253214911,0.9988684974214674,0.07369302110769352,0.05714022030134905,-0.006265726889128947,-0.09360535336038626,-0.01197789920343783,-0.031327618518678324,-0.05516288710184612,0.09121379812174624,0.01805046823090839,-0.010723803262948337,0.5339848207726766,0.4008239299463501,0.5580216592438239,0.5093212351141495,0.5182121809253488,0.5145125635765585,0.36040465518557874,-0.041324743439124,-0.7769669053583508
321,141,20,0.1203736900668098,0.7331935070756233,0.9947619227926442,0.7598105539978933,0.5938901993963983,Planning,10.325148125385516,18.162991285391453,0.12788856245002278,0.06386364844400627,5.055927410684897,0.6627485266477442,vigilant,1,0.5461853339668431,0.8376643605642585,1.1411574897772472,1.9801151102727108,0.014960319457288221,0.037917778099200466,1.096697608358586,0.9161551036638084,0.829826380387581,0.8605764778761723,0.8552520857442232,0.9938030170535574,0.9994068912715571,0.9999802375749736,0.9965490450189839,0.034908812126173444,0.00867813826205414,0.07948883836607562,-0.10901401839815017,-0.017883044631295555,0.0370843930309398,-0.09704461684691357,0.07874181754840452,-0.008747235000023112,0.00834767796235448,0.3837854062074282,0.36800850097819343,0.5644011043196988,0.5272039898701151,0.517761595443212,0.27632502315183427,0.055246326947397846,0.5334458341554867,-0.7975135528385187
322,141,20,0.12889706692093345,0.6631459167255767,0.9967551567329823,0.7443170098130617,0.5149246929196751,Motor Control,11.028199225826913,19.009055581471635,0.11050476499942635,0.08856997276080826,5.163223939220691,0.6624331168102484,vigilant,3,0.6391094648950447,0.7691157857446236,1.100048018467155,1.8126752631478815,0.05860601636634736,0.09066049841038805,1.2120432769614242,0.9298224241752988,0.8255006887167652,0.8497387525035307,0.8555249411458795,0.9903105433603541,0.9996540338159379,0.999977710048005,0.9943776974192552,0.12114511610036674,-0.09499808105210356,0.0186807843984567,0.0011687351382785266,-0.0864297711936106,0.05849592102988886,-0.007425350394607831,0.04796866233967853,0.04364569690905914,-0.056901694587743204,0.8917830885150408,0.40673392225761806,0.4894708925293934,0.5453336069265113,0.545524517330318,0.7726318797630024,-0.6232631224135584,0.12052595690750562,0.0075201279724123665
323,141,20,0.13455421815981802,0.6214940471065594,0.9822328799822085,0.735735520208612,0.34027018686044996,Attention,11.797854244543789,19.782150620723183,0.08093542292718664,0.12737333593711436,5.2720016415590685,0.6818671621312227,vigilant,3,0.7055283221700387,0.7086817244828104,1.0908917396109596,2.0080720390130344,0.031851881614382016,0.06784331578062103,1.2389214626747977,0.9135466672132158,0.872019633136189,0.8382190949918212,0.8380948604064727,0.9982871815297796,0.9992195347064063,0.9999999908883042,0.9951726408855198,0.1199845750352628,-0.0030995200263110585,-0.04777477474288535,-0.04933320368734739,-0.06027541317005265,-0.021303401706056085,-0.001402530650618088,0.09505615056238984,-0.026754134751965343,-0.09449084547177637,0.308538208239312,0.44313062713532697,0.4451112267803852,0.5243270208457219,0.5749716499971917,0.8897072498288097,-0.020910971752154447,-0.3132342822218978,-0.3314634599821965
324,141,20,0.13670124392614236,0.6307628953695688,0.974285231389728,0.7353157513733893,0.3635298868197255,Memory,12.633394166480343,0.5363829174858203,0.05365466329794346,0.15833912634586722,5.145962125074331,0.7024801549980342,vigilant,1,0.7423009953414539,0.6700665879709917,1.12560797733029,1.925570775447361,0.03568043655879044,0.05710565300320208,1.139370557510376,0.896457050486804,0.8954752882306274,0.8515169814588986,0.8181733282672445,0.9999990193057609,0.998429981982988,0.9993585746584691,0.9956450030867199,0.0030131134679158397,0.06663620213482047,-0.10352234401291646,0.04524329331223478,0.04548311548717295,-0.09579162229659728,0.09372230404233756,-0.019103625576177445,0.0038285549444084244,-0.0953847836784397,0.4020488145689886,0.4896541125454303,0.44200514688567283,0.5204194499314526,0.5422489062486497,0.02110835658962931,0.5318086104419424,-0.793352985977615,0.2955081704154684
325,141,20,0.13924710715810867,0.6222476803993303,0.9634631040636719,0.7332602338453205,0.4048647512937787,Motor Control,13.52583512866972,1.2559839831514852,0.03322353787172208,0.16479301832664486,5.122516699588716,0.6795742343740547,vigilant,1,0.7784596628472864,0.6276946338146354,1.1464190179426805,1.9201168242711684,0.008171954066048561,0.04515163771806428,1.0824974214621346,0.871916765105671,0.8970125117407102,0.8539107627361054,0.8402178989950925,0.9994322328267555,0.9984616159259387,0.9998808616098633,0.9993082076166476,0.046629010084550185,-0.09957673279950016,-0.0407327037142645,0.08025939309838086,-0.06933509908124297,0.03680991516125356,0.06976988731638928,-0.015651715999517694,-0.02750848249274188,-0.10384443605749208,0.44530973836394566,0.5282337245913287,0.42593019285437317,0.5078202809223737,0.5307269969620984,0.3210910423443925,-0.7099347825291671,-0.2822738043366576,0.5596558285828586
326,141,20,0.14090187901211965,0.6641111703615912,0.9557233769957894,0.7318936108234746,0.5318035424536194,Memory,14.455696805801598,1.9468031380734852,0.01967615943510963,0.13990475534030308,5.046921685534242,0.6715088978734688,vigilant,1,0.802717083096843,0.5963600292646181,1.1583927845966824,1.948872338237455,0.02570888792027991,0.032739240685992904,1.0506016194463523,0.8490990087286967,0.9047560263335643,0.8614630329425462,0.8475428302230356,0.9973800647658937,0.9983220956540285,0.9998688119822973,0.9999984458969825,-0.050195352479176246,0.06546732655691058,0.08629333980824291,-0.08263245936297818,0.058846955337752,0.011345074900554789,-0.07826751057492894,0.01485151373390299,0.01753693385423135,-0.09020696632618963,0.4861367184526135,0.5534316762664919,0.4111592211055933,0.493035288084413,0.5306389161279558,-0.36853353372433956,0.45183863091421467,0.5890807638085357,-0.5594718400822078
327,141,20,0.13914952220553814,0.6740907451608574,0.9639031512439132,0.7357448877825925,0.5303279519897244,Memory,15.38630814886396,2.661281031295401,0.01772038204326407,0.1013435723444492,4.958211728506478,0.671447241289569,threat-lock,1,0.7931908379643156,0.6089731476588002,1.173250242590711,1.9998278159825171,0.014544871045963442,0.02446930625333954,1.0117785219858766,0.8328945753092074,0.9115635422278644,0.870009310204289,0.8475979796220265,0.9949267681838914,0.9983226706636522,0.9996464292762925,0.9998701140835436,0.014634840736843124,-0.08993483186343706,-0.02924476568402537,0.09747610272139108,-0.054290015531316446,0.043383777079363375,0.07490216124123387,-0.042382397654089125,-0.011164016874316469,-0.07480956756309542,0.4030328650653404,0.5575772798878512,0.42808057650763287,0.4759918648283136,0.5284754692398264,0.09995881451748433,-0.7147444319392942,-0.22185255821282343,0.6556905328174722
328,141,20,0.13823270667445225,0.6651470471931744,0.9679426343878006,0.737049349391974,0.4509328532456839,Motor Control,16.30395523744195,3.396427910192264,0.023890959397156443,0.06730815194366396,4.855951188969882,0.6699328284678785,threat-lock,0,0.7804416406302458,0.6252286346372581,1.175804878679903,2.0021753822958726,0.015666183223285963,0.02514150796814086,1.0051816387284092,0.8301250331940362,0.9037405691635509,0.8794496802467886,0.8489485690113172,0.9957988259378217,0.9994259623417697,0.9993111305326505,0.9997882487307171,-0.025597617295852273,0.06962597260090142,0.06361606915988192,-0.09822793511035917,0.05664413872622658,-0.007618480459542418,-0.08349483933482518,0.04071887493685506,0.0011213121773225206,-0.036212884685573266,0.16917825060959885,0.550427665750811,0.4409594773108721,0.4892725577358544,0.5130267716149021,-0.1645420099740745,0.553063231067648,0.4511990672317798,-0.6807836595599785
329,141,20,0.13676374066733166,0.5833022534512279,0.9740368547489278,0.7372461942907723,0.3627344025268015,Attention,17.175033815661315,4.158182140466407,0.03028882823136997,0.04250201172633276,4.935635346415126,0.6591187401304315,threat-lock,0,0.7527648969982628,0.6582894574935823,1.157172155201301,1.9496606329442618,0.03887957057144974,0.053106241538941314,1.0538273774902576,0.8348828532896408,0.8975270110035922,0.8721309302273023,0.8583726034437297,0.9969996779036656,0.9994162911953077,0.99985892437676,0.9996502321036741,-0.037156077833157226,-0.07474757460650078,0.10978462404369344,0.02236233854433888,-0.026198606266539155,0.12106948704120009,-0.044973343663745946,-0.03126127668783955,0.023213387348163774,-0.06187392492844277,0.29387927456826457,0.518156926745509,0.45312586116064624,0.5269488215878404,0.4985130616555799,-0.2659033549857743,-0.6371767654154897,0.705437705392679,0.16018370464025095
330,141,20,0.1375335050727499,0.5714225406897654,0.9709035515897598,0.7357630041571381,0.43159313754720724,Attention,18.049823433658876,4.907433956808259,0.035992573757652274,0.052345461279630884,5.161692929527042,0.6489591431589059,exploration,0,0.759500157990265,0.6505071175727152,1.1517964924620494,1.9353672915831572,0.031181663077536222,0.011192609987877803,1.0681023969777406,0.8552855627778218,0.8914465490657077,0.8498970136869244,0.8668821848375439,0.9989421806151546,0.9986366131893956,0.9997978314491643,0.9999035249854386,-0.07340453650075406,-0.01622746705728567,0.13149486919753997,-0.019476723561015884,0.03524206954460938,0.0769620487458701,-0.07079194349736938,-0.0326166537940582,-0.007697907493913515,-0.054053515954546404,0.3551872803960581,0.5190814134558669,0.4445899721025138,0.5264849569111385,0.5056756006154575,-0.5625610784751686,-0.13383247656334846,0.8032722555354358,-0.1427150471701899
331,141,20,0.14051546487495775,0.6001242977046027,0.9575761605387949,0.7292921598847476,0.4302055214997792,Attention,18.92874711798971,5.606193777119903,0.038647272838800505,0.07836288405899332,5.158909741466831,0.6539729204308202,vigilant,1,0.782767647704446,0.6223140764174053,1.1228410971102065,1.883218262260445,0.03328184846832095,0.04582587724198065,1.147080077422759,0.8547247982924173,0.8957341976015403,0.850184441520086,0.8627236995865426,0.9986117927037828,0.9983218948137583,0.9998917368100156,0.9999550700352725,0.02563850934656733,0.11164051473598557,-0.050936120322289336,-0.07276778209947204,0.03775621030472873,-0.07334674978233013,-0.013844419203353728,0.06914168548848451,0.002100185390784725,0.022830481836974212,0.6215691331000834,0.5143787502264158,0.40894017249516557,0.5325923239417492,0.5334115044826933,0.20524553899918518,0.756100879837767,-0.34334317726550717,-0.5179779829825926
332,162,20,0.14084521043068252,0.695202201054012,0.955996758914347,0.7288391699208275,0.4459353373160607,Memory,19.814902563152668,6.300585297595905,0.036830014401405556,0.10588034625710319,5.195553943650495,0.6733880531378853,vigilant,1,0.7871260969127195,0.6167921104869517,1.125811288227709,1.9788522159930284,0.02388551813234329,0.012365046179893186,1.138805490348115,0.8575631148924683,0.9125611935509612,0.8463719104539842,0.84585587495462,0.9972168034343576,0.9961702026101887,0.9999998322357928,0.9999094344634857,0.005068816838439229,0.1040301011573017,0.0026417468999323916,-0.09334352767758457,0.05567411270350312,-0.05875127995287959,-0.04699356114380776,0.055559109307438764,-0.009396330335977657,0.1556813608855994,0.3282436014462916,0.5193681876344266,0.40697697843747427,0.5385592850152071,0.5240041042016633,0.03624012058684272,0.7664675255996444,0.01846308315914579,-0.640993994060216
333,162,20,0.14140046316716823,0.6429920928219253,0.9532939313145978,0.7275080428773602,0.3760211633700084,Memory,0.6978741662623378,6.9845474417130955,0.03187391730443084,0.1274142235639439,5.2313557100912425,0.6668028729411644,vigilant,1,0.7905627912148502,0.6123809869244679,1.1168899079512924,1.974949942364191,0.021401443699290493,0.016180266803447287,1.163787321786228,0.854550572101351,0.9134384137474575,0.8425876160514641,0.8517157350245991,0.996837051840125,0.9956621154411328,0.9999470352741808,0.9999946270548536,-0.0652302705913605,0.08578671907539429,-0.06215488523655032,0.05463859217337785,0.09047083076143031,-0.08855885285477047,0.06729821877961949,-0.060848908407850184,-0.002484074433052798,0.20583527633042245,0.3185624851851768,0.515224078748846,0.399099772134003,0.5354686307408496,0.5371562585072976,-0.4602348404181915,0.6733798609549518,-0.43555976334322594,0.380829551219341
334,162,20,0.1390859799135172,0.6756758202117009,0.9641886643025673,0.7322327292237019,0.1737940306815054,Attention,1.5751751850479174,7.7080396835112595,0.04120137031051553,0.13224695588525073,5.212811784445098,0.6760093809551083,vigilant,1,0.7714946107302466,0.6362358569070005,1.137144714407251,1.9618336563810126,0.03239081388948004,0.03723696660475449,1.107606869073305,0.8570555077523068,0.9169075028033861,0.8445551135114199,0.8434827491869689,0.9966230845067603,0.9953400258279468,0.9999992879778627,0.9998797376388379,0.09895738568848877,0.019131395169571314,-0.005055168878640228,-0.09993976891408765,-0.03504439324047381,-0.013876691141842498,-0.05416746279908908,0.1223855180055532,0.01098937019018955,0.11955461262929687,0.362332218720715,0.5170028859031645,0.42636172639578496,0.5374441391061793,0.5119350267114176,0.6707796881114859,0.15359937955319833,-0.03278051346131595,-0.724836035635055
335,141,20,0.13884838930162915,0.6681821542057109,0.9652490094637501,0.7353522430432767,-0.06053165661343307,Attention,2.48829973804989,8.436737368558964,0.05821090095044569,0.11962668254628278,5.224664834637076,0.6583545186979922,vigilant,1,0.7816206566718565,0.6237540773925698,1.1682451649756291,1.9659257176417628,0.014286885450887297,0.045106295198296044,1.0247683733502093,0.8559836509082555,0.9045527483951948,0.8432993487272367,0.8590241691504914,0.9979439313004638,0.9969104015255492,0.9998373080586205,0.9999935791800612,0.10711860429210689,-0.07816777078223706,-0.04058350463870099,0.002591880690433256,-0.08597063560127739,0.027725783792146543,0.024530786570005556,0.0570417411284105,-0.018103928438592744,0.02693053674929977,0.26713767070341027,0.5458875366665726,0.4356327764460692,0.5043223260862714,0.507828566358819,0.7515616756666631,-0.6056397642477515,-0.26074720245592803,0.019142101307145238
336,162,20,0.14070597526735618,0.6541010704795545,0.956666038910963,0.7333626440205845,-0.05170537335392475,Attention,3.44181052751887,9.136247957016902,0.07700836156528101,0.09288672111187114,5.025933956517628,0.6554799964511733,vigilant,1,0.8062963691105864,0.591511762485823,1.1825810285128575,1.9611483242810224,0.036035194160658965,0.03734492301305136,0.9877884610998947,0.8378584554401622,0.9001244804417804,0.863515481230302,0.8614581487410987,0.996956339968208,0.998819739912029,0.9999969265650033,0.9996378130978603,-0.08926917334591063,-0.028355347755685035,0.13092164260408895,0.004915570621239571,0.02664111404345487,0.08410231244669826,-0.05623336842569986,-0.036687556027527164,0.021748308709771666,-0.04036941113989695,0.42890160179744286,0.5736293107497684,0.4208235304214622,0.5059176762194754,0.4877542977589456,-0.5897747522774893,-0.20637495777498363,0.7798994429026063,0.03649626473495749
337,141,20,0.13861499875849193,0.6226655826535129,0.9662793874580125,0.7369886784487828,0.0007156047820339184,Motor Control,4.375799383093332,9.86996537960246,0.0933370947731557,0.06361112825389631,5.035506057316852,0.6414280084312618,exploration,1,0.7863719031321286,0.6177533730902279,1.1877190065595853,1.994060860767636,0.017516835669860058,0.024621981826120402,0.9746980807910652,0.8191150146762987,0.907142520611835,0.8625817641070082,0.8729809506855781,0.9941454604411003,0.998188105069905,0.9999175195175604,0.9981546678737581,-0.07947335436220307,0.018099394405548273,0.11148598411683956,-0.04185434811397976,0.052009565615991946,0.05232132454536574,-0.0748207670873024,-0.020250963450400214,-0.018518358490798907,-0.01700992332446632,0.401191466622992,0.5631273584741915,0.4423782484995155,0.5004561145710418,0.4865518685423244,-0.5407428260291918,0.14209032192185436,0.7761088819577057,-0.29165482999680825
338,141,20,0.13904844252254028,0.5968466001982953,0.9643569493013768,0.7351880996191595,-0.1843232773761792,Motor Control,5.293972548640458,10.595791750450946,0.09653036964427707,0.041231092388857395,5.002736687426251,0.640586307979627,exploration,1,0.7844866750688042,0.6201456737247244,1.1704126975344697,1.9756805108752786,0.02541155304080515,0.024669558299272986,1.019132168853682,0.826370117922961,0.8968285685351263,0.8657619028229575,0.8736516894527246,0.9963482453812857,0.9991563845077308,0.9999516668165782,0.9985329724712211,0.06626046506381368,-0.0017233286353512893,0.058004305880120226,-0.10469480349077276,-0.026186803749737243,0.03163794089249259,-0.08699944317650399,0.08911322025674392,0.007894717370945093,-0.1512628564745185,0.4536914337360336,0.5494349959269131,0.43433463759872365,0.5044226761989836,0.5050072787299018,0.3893167024863177,-0.011820496495117022,0.38557564974186387,-0.8364354125417744
339,141,20,0.13866835783284187,0.5871708286652387,0.9660448067816694,0.7365874012323539,-0.14577179843283458,Motor Control,6.226491114782152,11.330934413431288,0.08619754363326959,0.025754844715469048,5.026536057193901,0.6535050951109312,vigilant,1,0.7853151697362943,0.619096183304384,1.1874449928871615,1.965087194999668,0.02459799640934982,0.03446063927525638,0.9753941382746946,0.8355364619294378,0.9007515855158237,0.8634568655397342,0.8631150811621037,0.9966824738219728,0.9987711616649048,0.9999999145599648,0.9995064226670052,0.03547871890065996,0.08330750846260178,0.006257745004654697,-0.09536673787139757,0.02632049107224563,-0.04165020128499944,-0.06418641705728545,0.07443688918287018,-0.0008135566314553325,-0.1994638387487978,0.3230660212599237,0.562174998406524,0.4431856269623541,0.5116825711847245,0.47510703801098153,0.2199007820716638,0.5814532326619015,0.042846470391504694,-0.7821252867963578
340,73,20,0.1349782649830945,0.6540766155566423,0.9807567622453762,0.7423053670744959,-0.3796637123386477,Attention,6.8090183090563015,11.965756534059981,0.06765190663498634,0.0155028778105887,5.070095427108347,0.632574926607687,exploration,0,0.6761073140112472,0.7368031622763958,0.8615898426214318,1.8981740397795563,0.05851915727156696,0.395547803439124,2.1631026167961145,0.8270182977698739,0.8964298612417732,0.859174569636296,0.8799280072359111,0.9964540955809675,0.9988263534114341,0.9996655016419999,0.9981029932128629,-0.10174266254723549,0.022171939962604824,0.07068975246470516,0.0515316739738757,0.07858395745843137,0.021157010230256665,-0.005707299066901083,-0.07816521520417022,0.03392116086221714,-0.17907099348197789,0.6681833098362757,0.2837129715178641,0.30918259610739524,0.5623435499810227,0.7125186200043724,-0.8161967450043919,0.16403845356171573,0.42761237014797593,0.35222424688505916
341,107,20,0.13657037816869408,0.6743972028671473,0.9748023345553284,0.7222371681939584,-0.4462273010496461,Memory,7.457118544752329,12.672375679848694,0.05056951527029864,0.010967237615406699,5.374061299886136,0.7987630340030607,vigilant,0,0.675932036159463,0.7369639628186186,0.9588245578334005,2.333101292313249,0.05057286510380836,0.10794662220790509,1.6954842931766452,0.9589092491903262,0.9510026920848055,0.8269036978213232,0.7016531949575371,0.9998378114000027,0.9838469215665806,0.9943458774220524,0.9529233211934831,0.1006553954430724,0.05241197934938206,-0.058031800756699566,-0.031065978733795102,-0.026143870604011965,-0.0678139042122077,0.018901547991661046,0.0616594966264072,-0.0079462921677586,0.1475502817481753,0.7370812741704033,0.3433885647565836,0.3743941460556956,0.5643766121020999,0.6506860508004935,0.8091097622550142,0.39634245441703075,-0.39290490927334504,-0.18406461832525797
342,107,20,0.132867954001062,0.755154258135063,0.9876095496945083,0.7338448255048504,-0.47185262937692474,Planning,8.144939677730264,13.450418461367116,0.03890569865711721,0.009377807367544878,5.386259672612599,0.7554802355603454,vigilant,0,0.6623321152326785,0.7492103637373189,1.038483741251626,1.924082222267223,0.05951719595228751,0.08754767234640869,1.402907260258847,0.9391934258906224,0.9272696590506365,0.8255174336995621,0.7593468606809686,0.999759634589504,0.9909355836463537,0.9981359327873598,0.9761066164058385,0.04275311858121496,0.11701974348863396,-0.012721928503094431,-0.07952127423021861,0.03682620864551656,-0.07143360385989879,-0.03151854565710547,0.05811347748723931,0.008944330848479148,0.3007068521592583,0.9548864006473106,0.3844438971680578,0.4348714872940862,0.5409973696449305,0.6086144144749608,0.3258748478265702,0.7721739338758459,-0.0902867465662064,-0.5379603171156773
343,141,20,0.1334933822782594,0.7567248830430688,0.9857101176881945,0.7364835777938545,-0.23721961404667516,Memory,8.890341653978119,14.23484328348864,0.05105575376483828,0.01339394775286611,5.245984217869583,0.7260300901324725,vigilant,0,0.6888458249863829,0.7249078764910954,1.0821027713459537,1.8959239424052188,0.04501656555334909,0.056803974019232,1.265177005981519,0.9231483558856494,0.900492523986997,0.8410242803771301,0.7934661222038915,0.9993640623174378,0.9971803490016253,0.9988563297984887,0.987356971455951,0.11286316806555524,-0.014525491438616858,0.005407215406217093,-0.08322412901824268,-0.07469948636778571,0.013815965379534901,-0.03513857763524316,0.12051790116193027,-0.014500630398938417,0.4002250513055035,0.5790168829833288,0.42714876932118323,0.4495106104773514,0.5338241970922764,0.5749050761083353,0.8591693104844357,-0.11737749103413875,0.04209905010929665,-0.49626433530944475
344,141,20,0.13397516064340878,0.7565066934436615,0.9841698910173421,0.736878321727911,-0.15646168437582106,Memory,9.65768743676605,15.017866819829425,0.06162975131719291,0.01838963123224683,5.202945182553658,0.7024335532758347,vigilant,0,0.6999205409888452,0.7142207195971582,1.0963327090012656,1.9091476814375936,0.042262319444398226,0.023068335013538353,1.2228927184300664,0.904181356376252,0.8932749895901138,0.845595483017507,0.8182201090505982,0.9998749791974259,0.9982212227181799,0.9995780012949255,0.9945270417057538,0.11844304269852678,-0.006787397664589074,0.004093393536145777,-0.0913798241815773,-0.05595180486081353,0.005908830369864092,-0.041195732311431116,0.10913181185827259,-0.002754246108950864,0.46043340575193326,0.40312186556438023,0.44307051490217625,0.4521229531835658,0.5359863653805453,0.558562395937778,0.8068103866803635,-0.04752836798306638,0.027938845243683726,-0.5882325008939897
345,141,20,0.13339370490458974,0.7556777934067144,0.9860204973649874,0.7399674377649307,-0.08833508494500092,Memory,10.449737163874506,15.817443919704681,0.06696942561505659,0.023863117733355876,5.215918192283272,0.6909936771564446,vigilant,0,0.7037547498717844,0.7104429970327685,1.125462708781372,1.91008434019394,0.027928403810072635,0.03697232101878374,1.139774425353728,0.8964867622548753,0.8919556217191594,0.8442266344890618,0.8294625028321838,0.9999795131300246,0.998240183511469,0.9998725725896489,0.996659827912237,0.11302598759353204,0.0026856493654322986,-0.07696650474733918,-0.013046131017702736,-0.059140300089982514,-0.04940316687672044,0.04014981035567703,0.07062305922717615,-0.014333915634325591,0.47499322974883096,0.3148209681429606,0.4641343883270377,0.468545364601953,0.5290987293024524,0.5339466504563829,0.8019671013338611,0.020564593407386,-0.5908071396923986,-0.0858649495698933
346,141,20,0.13429163161680951,0.7488356986656448,0.9831226792380504,0.740518444049195,0.10481015277490224,Attention,11.285023237968252,16.613769983207117,0.06487051098674552,0.02901508292192713,5.174592375814714,0.673762655319468,vigilant,0,0.7237849290629569,0.6900256346407215,1.1540528692344332,1.9755121991923408,0.039280222638665034,0.05350028342744975,1.0620968289796127,0.8857647911630004,0.8834394359091587,0.8485602683674456,0.8455181658395299,0.999995135810148,0.9990829019531152,0.9999941243977425,0.9987808187883146,-0.056318565361304945,-0.047429565002925826,0.12130912623896996,-0.010803670819064458,0.002364934900922898,0.11302967964885577,-0.05796796684081955,-0.024903750125968818,0.0113518188285924,0.4288831478889994,0.39825316757198886,0.4961564567896029,0.47301437240558786,0.536669658006029,0.49200795934645664,-0.42874068041991853,-0.40234967774331676,0.8056248357889185,-0.07255887080841646
347,141,20,0.13128156195459928,0.7554228718941869,0.991892813177827,0.7450077023278553,0.2291522758461892,Planning,12.0793877170472,17.44955560889076,0.05505747135424041,0.038499269958396566,5.2200179480361735,0.6444055715425197,exploration,0,0.6889172578985939,0.7248399904596062,1.153062243645923,1.9192686946310724,0.02859252581724113,0.03497900324205404,1.064730997994908,0.8682331285218093,0.8810547083031129,0.8437924344384979,0.8705906978014994,0.9998661020155778,0.9989864875297586,0.9995012087618879,0.9999956974828991,-0.08041603451649823,0.13196005476644976,-0.002866384867821917,-0.027107314640390855,0.10122575138568547,-0.059013716907505016,-0.012662485622738742,-0.02252734377993932,-0.010687696821423905,0.35540905514656235,0.41273971766078155,0.4716341599268291,0.4962269359089095,0.531111353199188,0.499240180446471,-0.5541323656310637,0.8081746368166024,-0.01787346489793199,-0.19867465117376237
348,141,20,0.13121815996462882,0.714886746680275,0.9920473467531944,0.7447027867167926,0.27358121506579686,Motor Control,12.87019783498428,18.28524872890625,0.04341326192878188,0.05163360524886323,5.186668119195128,0.6494681263125297,exploration,0,0.6873326813014337,0.7263427463773434,1.1505492746827,1.8814747831534973,0.055646268702388764,0.017894757846720136,1.0714306744308912,0.8817943154395478,0.8681928490570577,0.8473020269429004,0.8664636387311019,0.9998487874067257,0.9996957230592667,0.9997460248300694,0.999809458750973,0.11072469497678111,-0.04381168517786152,0.03438704486412114,-0.08547998336733781,-0.06813527042225616,0.045290624875446724,-0.0478942019216413,0.11056504487513659,0.027053742885147634,0.3330262021879333,0.33981135765084947,0.46897913219682386,0.49559638314959564,0.5445556023948573,0.4877519599899461,0.6931694932804645,-0.3067641147258151,0.24083974200977198,-0.6061419389635214
349,141,20,0.13167285615327548,0.6409077096252026,0.9909101156448363,0.7446755552236689,0.35797180578537374,Motor Control,13.673680267605796,19.11715991223061,0.031630325889332955,0.06330175863978328,5.267333614369144,0.6414263719929623,exploration,0,0.6947098827883962,0.7192900518957098,1.1565726248150272,1.8786201097001458,0.04976780033533148,0.017184839738625324,1.055413849583356,0.8832092442707113,0.868552946052742,0.838724740287162,0.8729822568460912,0.9998228647959468,0.9994005690420023,0.9991930109205638,0.9999118913508334,0.13834394174423686,-0.0184542670098237,-0.06033075038068223,-0.031024460570247724,-0.06070703141919156,-0.022800649995040372,0.015765769348180043,0.08897524861790018,-0.005878468367057285,0.4063806690951792,0.37545859291566475,0.4778167995510516,0.4947228750600675,0.531462160139688,0.4944576172934308,0.8642449027539562,-0.12249215156187326,-0.4351928983328887,-0.22064351816939476
350,141,20,0.1307709924354485,0.6443816531038378,0.9930994403471566,0.7466399761701717,0.36350111678274966,Motor Control,14.475409821066355,19.96394138699327,0.021551986189477405,0.0690684919072209,5.1887729608381274,0.6461203321054015,exploration,0,0.6875256644576668,0.7261600792607946,1.166108546788545,1.9190543420863435,0.019738366481375152,0.01889155245299914,1.030340521183034,0.8784595047586333,0.8690507879275351,0.8470820306740238,0.8692017371191336,0.9999285435982831,0.9996624992728405,0.9996576073289679,0.9999307683983243,0.13868114292983616,-0.03960049234769141,-0.07553110146833585,-0.0036837296541535553,-0.07421480980230827,-0.01487833347727935,0.03473792497136438,0.05422776532994304,-0.030029433853956327,0.31699526973392966,0.3906089773725642,0.4788357160704473,0.5057431300530383,0.5339979590823359,0.47936041045969785,0.8363916212832284,-0.267303784052329,-0.47775877906197667,-0.027281713797485573
351,141,20,0.13158384758306554,0.6288259389071381,0.9911380030864049,0.7449873162424622,0.19304521269738223,Attention,15.279953729265925,0.7975372575788136,0.014051515169450203,0.06693573935022104,5.203987754494015,0.6355522873217885,exploration,0,0.694457233242737,0.7195339819611322,1.1585218926193452,1.9224883678970277,0.015411150557519664,0.019000612231160875,1.0502607582994727,0.8779045235273578,0.86268411442939,0.8454857621468455,0.8776181358018704,0.9998189813807021,0.999800396234308,0.9992534058537917,0.9999999311739457,-0.036129105428353146,-0.06293873801335927,0.12385149528852327,-0.024101981888795948,-0.015892617664838384,0.11259437590710965,-0.0773499151494718,-0.004622362493294687,-0.0043272159238554875,0.3635999596946468,0.41712509077877735,0.4788736499113408,0.49616570709190155,0.5287427386684636,0.4949047532937123,-0.25782936387048183,-0.4519792879482512,0.8319933136677081,-0.19242107058261881
352,141,20,0.13142950706147424,0.7103610459387083,0.9915271024343938,0.745445231362846,-0.036311078942067254,Planning,16.08606846509155,1.6342344856553908,0.0096044880553321,0.05724285327458188,5.172456432010781,0.6464333273055987,exploration,0,0.6938231094252658,0.7201454664353971,1.1618447481424723,1.8878082798149938,0.03933777307724925,0.005485726121613458,1.0415096729269804,0.8778838321978392,0.8682278423216861,0.848782133833062,0.8689472252495315,0.9999252433938459,0.9997346490425435,0.9997137066987923,0.9999357488656968,0.07788193197991902,0.06603312398997836,-0.08167922432117528,-0.04711420246582571,-0.009813820778564283,-0.07060518719706436,0.020262561217024955,0.08437259065295655,0.023926622519729584,0.30786214759096864,0.3081334433360443,0.4805322655050169,0.49876276500219846,0.5290114916296365,0.49037869833478603,0.5723815240740037,0.43575451767955475,-0.6004850844650295,-0.3491633637076
353,141,20,0.1324466934070529,0.7121579055244918,0.9888232663798784,0.7443671183869579,-0.2718211622635453,Motor Control,16.91252756499935,2.459336622939825,0.013420577934509,0.04421392594762959,5.174068949777819,0.6432650888343502,exploration,0,0.7076875183376504,0.7065255666917495,1.167830544544779,1.9193908760554461,0.019457889239274856,0.016084536815721636,1.0258483981318334,0.8769770448481334,0.8667385414715695,0.8486146570304658,0.871509453425628,0.9999169087682827,0.9997712274613426,0.9996268071766553,0.9999757616458984,0.12471856443692861,-0.019852983140659097,0.0028356504790570244,-0.08199909383691321,-0.0747950582883008,0.013109631216572345,-0.04448800740479886,0.09992918577738884,-0.019879883837974392,0.2775323253090145,0.27833086253194106,0.4939855387024921,0.4931744641888495,0.5280726502640206,0.48362846428719447,0.7663018275321787,-0.14443055727617318,0.02011383683471584,-0.6257129987570368
354,141,20,0.13315277514377918,0.7123513902543531,0.9867587900877881,0.7440081049695971,-0.3300368185853695,Motor Control,17.761043476646442,3.2781552960780145,0.017565916710719887,0.03121615092802742,5.1684359015841235,0.6385399250010362,exploration,0,0.7195870736969662,0.694402220163672,1.1791705863860749,1.9318926160354926,0.04648803573188061,0.024081005980750882,0.9965236896494217,0.8694701160319263,0.8699304242339247,0.8491991936325329,0.8752733880642487,0.9999998355395165,0.9996954827807081,0.9995060565832887,0.9999731823922606,0.12644005668099517,-0.04654434769595486,-0.06706312301805051,0.00920166546984469,-0.07438915569707757,-0.008773747211705532,0.04586322861705042,0.06175345858677886,0.027030146492605753,0.20777418332561723,0.33985207833833875,0.5097100746984587,0.4918707137024731,0.5305369549058297,0.4656064435044034,0.8008696583827966,-0.3553061737782502,-0.47754114753083476,0.06572492352080969
355,141,20,0.1351912726424,0.7010432124609031,0.9799973460285363,0.7392808202648952,-0.3301138701761521,Memory,18.610156576875816,4.062471198768338,0.0212530581869683,0.03462963839421552,5.183221729434979,0.6259245104530824,exploration,0,0.7345795408066819,0.6785225849065338,1.155917164936172,1.9063431941257463,0.030315993747431783,0.035715162858684354,1.0571499083616869,0.8603462294652238,0.8706682469019364,0.8476618039348605,0.8849918843874104,0.999920436133018,0.9996261605623633,0.9989454511145324,0.9995135991262444,-0.0893696490619106,-0.042514609713117574,0.03980078750497282,0.10095002476197254,0.024593639341869422,0.04820345295188814,0.028432076345920845,-0.07977972838416382,-0.016172041984448826,0.21259653439752513,0.3281000610181083,0.5048011671879109,0.4662789715706455,0.5371456624477193,0.48911575275309066,-0.6178137664618414,-0.2926973152916997,0.2698026374379989,0.6781157485435391
356,141,20,0.132567656304749,0.6638810513648086,0.9884802614102222,0.7430290261028811,-0.32709674922919063,Planning,19.420660032391886,4.88132521132031,0.023316751194030285,0.05056990863273048,5.2228739746863155,0.6423810269271635,exploration,0,0.7034735767826283,0.7107214129099076,1.1521448456144538,1.8841255626486388,0.04907458192603518,0.032736333501194405,1.0671739045854132,0.8632356436741142,0.8846377316861916,0.8434894969964621,0.8722188805708709,0.9996289412614929,0.9987436888470673,0.9994231155343042,0.9999384900505348,-0.00907837503234406,0.1368089615505652,-0.07309687389848732,-0.010514902034898209,0.06796812339831658,-0.09859695486901011,0.03468286863400469,0.0009017341778884095,0.018758588178603396,0.17748455081391235,0.37314482506606067,0.48101274982092496,0.4859685885345535,0.5324810065599956,0.4989240654859938,-0.0606528492198569,0.8095717564233018,-0.5792989213518256,-0.07299015552671961
357,141,20,0.13590635310860683,0.6318938489317936,0.9773626724839127,0.7378270012393658,-0.3256909793161984,Motor Control,0.2727836109179371,5.654180064740442,0.024046955864964144,0.07022274984215321,5.194886039359973,0.6492468458401957,exploration,0,0.7407196470299848,0.67181426339709,1.1503995903750552,1.8808140888764828,0.025229818895876752,0.0374870063060114,1.071830535217238,0.8767135962687163,0.8739762732675338,0.8464419483829665,0.8666457014839545,0.9999938598966878,0.9994590023923342,0.9997184432837165,0.999919792974599,0.039264834175361314,0.05207171142133875,-0.11063412821737502,0.035601184278475514,0.007481524346815971,-0.09415698103444144,0.09390765518498759,0.0016940187407140503,-0.023844763030158426,0.07899201700163541,0.3735035824780909,0.505305199740051,0.45829922551026886,0.538239822468889,0.4949003420102942,0.28259690120307174,0.37582331587710427,-0.8430134064762466,0.26119767069190025
358,141,20,0.13624595329155387,0.6398917867939925,0.9760666299451394,0.7384249272854629,-0.33462039912826536,Attention,1.1411790924063792,6.422940857724579,0.034456777187660895,0.08611028358596762,5.229438934813334,0.6464302394072059,exploration,1,0.7487548423438336,0.6628470306689628,1.1597861307582285,1.9540744873427787,0.025918607409605072,0.027966762041194946,1.0469263561548567,0.8629406990107884,0.8887979611228368,0.8427917226188657,0.8689497376602316,0.9994474569337098,0.9984010969620614,0.9995303120456164,0.9999729343670902,0.034327142617467894,0.05835122736764429,0.028405409562952358,-0.10610319439355026,0.01605735960609165,-0.018944988299903907,-0.07635426042797724,0.0901799113768803,0.0006887885137283195,0.07506964030696693,0.3713952886736689,0.5171759495917352,0.4578381642877746,0.5158671528795649,0.5067487672075605,0.23725882763377842,0.4357874748919392,0.1859727476248913,-0.8480634779177801
359,141,20,0.13773708560239134,0.5960505664140783,0.97005248514181,0.7372109145940985,-0.2677505213812692,Memory,2.0428396180901753,7.166643228390605,0.053022791655961944,0.09252745272930508,5.095202917277389,0.6547241370452923,vigilant,1,0.7714436494811819,0.6362976470765511,1.1687963551066745,1.9339165815630093,0.015989447312329225,0.03430284556097174,1.023333549753723,0.8558790988303928,0.889035551105515,0.8566685912637451,0.8620937778443704,0.9991193690357536,0.9991578044572513,0.99997921354423,0.9999728180969102,0.021410762076546637,0.03370408183556411,-0.11928483410089868,0.07210524323844926,0.006876518408012925,-0.07757848139822747,0.10370683465574906,-0.02495067740286662,-0.009929160097275846,0.20780713731089073,0.2436919278631614,0.5391664235375668,0.44471210166855046,0.49508199698665706,0.5161632596573018,0.1441065253153447,0.24213871070291043,-0.8308225434389943,0.479933386475905
360,141,20,0.13711654557827613,0.6662160676815513,0.9726176287906867,0.7394969538010244,-0.034687268334177866,Memory,2.960414816044321,7.9211601323737355,0.07837140833099679,0.08471829301579782,4.970491981919942,0.6613142817601112,threat-lock,1,0.7723981536226294,0.6351386402041314,1.1879562291165777,1.874673775756997,0.03372942411426545,0.026057318208930248,0.9740956664169109,0.8421992412226572,0.8956735692619163,0.8688462530032854,0.8564902124669909,0.997767102309412,0.9993655171144598,0.9998888889159943,0.9998677048592266,-0.04709274880750666,0.09401723025553317,-0.07079723298971867,0.05594206858165343,0.07522430966198841,-0.09253606601974881,0.07692563874403849,-0.057953775311973925,0.017739976801936227,0.15897897868528296,0.3245784843411355,0.553287215004631,0.4549649526377073,0.48893715465119725,0.49781581773435074,-0.3561688034881442,0.6440645980476317,-0.5705628730199452,0.3643934479306569
361,141,20,0.13660843246241805,0.583493533644104,0.9746523851992204,0.7406566711868886,0.09953024799959996,Attention,3.879269296689173,8.677967163016104,0.1068235481463649,0.0679349381296057,4.933622927907184,0.6484710724140454,internal,1,0.7718876334559163,0.6357589805247152,1.1903992768104494,1.95227786418293,0.03529820106060657,0.019365327919451582,0.9679015943507127,0.8329905471193738,0.8905093417431077,0.8723190093197976,0.8672827720284491,0.9975802555508291,0.9997114307307068,0.9999802921408699,0.9992304348906073,-0.05619335570586867,-0.04761106631182612,0.127287671942506,-0.007454333073401316,0.004143777560394331,0.10891092783687635,-0.0679702159342447,-0.025815205253829306,0.0015687769463411175,0.05028154053896397,0.41561384704758464,0.554635842965896,0.4568213076658941,0.4735547086018343,0.5093518356913305,-0.40773831711575725,-0.34874231436654185,0.8420723775195837,-0.055157718810642194
362,141,20,0.13475277152602325,0.5904638465841139,0.9815476807188512,0.743362771384076,0.02592805918479786,Memory,4.773107234138223,9.465170179872958,0.12794983748712707,0.04914218575259848,4.841328251611006,0.6565462849839313,threat-lock,1,0.7504529543642349,0.6609238710214601,1.1910645860622768,1.8796377422672195,0.015567911528638286,0.02431556371259863,0.9662178818746058,0.8320931892194826,0.889558479634111,0.8807644029342986,0.8605583665791577,0.997605211617477,0.9999299958715903,0.999679590085371,0.9994872081833129,0.1061379844039859,-0.06885343189799029,-0.05678720144333475,-0.0029622573604296664,-0.07226668250753468,0.006470418961934246,0.03367236676012105,0.07015671461188645,-0.019730289531968283,-0.05800977469712308,0.5030915915850306,0.5396879597303237,0.4753031531347899,0.4768322693819325,0.5054253511839185,0.7701601194762541,-0.49165305001394155,-0.4058526966457085,-0.02035331436688444
363,141,20,0.1351702042234554,0.518873343983278,0.9800729868469772,0.7432222975897699,-0.10487736935598077,Attention,5.6799169766712065,10.25136848643715,0.12751543147142871,0.03347035190802284,4.860993616291595,0.653797745828743,threat-lock,1,0.7555667874096271,0.6550716218578663,1.2001715237403108,1.894156136347325,0.029674855101980376,0.02564317253140064,0.9432997830595924,0.8418651318929704,0.8798220888918993,0.878994301647592,0.8628703316673884,0.9989631115803905,0.999999415450693,0.99979558802205,0.9997064753296635,-0.05224910880287655,-0.029844692690967334,0.13025847518968794,-0.03164727704980085,0.011829594426262593,0.09078228050309532,-0.07759908286635397,-0.01185533360706674,0.01410694357334209,-0.0870738202760532,0.3540967050062294,0.5496209341537569,0.4765178707464049,0.4865131059975031,0.4838930928345784,-0.37619886471723846,-0.21414731404850698,0.8738571233270735,-0.22133474666622727
364,141,20,0.13424065088557094,0.5092719385137586,0.9832932476058772,0.7433813010799762,-0.04124350817694135,Memory,6.553516814713593,11.051019037319492,0.10798093477410596,0.021450339639961378,4.919078635985018,0.6387251649842048,internal,1,0.7376373353493548,0.6751971278809643,1.1843216119594022,1.9431198657062023,0.027166977847007678,0.028484157405870153,0.9833446123632449,0.8354141623761335,0.8791647822326448,0.8736732758640495,0.8751271164946212,0.9986630918416844,0.9999750235056566,0.9999982838812496,0.99891937882622,-0.0501827009223405,0.029660943419717836,-0.08003201499977901,0.11169663764838654,0.04594810288761962,-0.050622138061826985,0.10252765317718314,-0.08182950530195295,-0.002507877254972698,-0.0701358945775191,0.2969584855723954,0.5259499126387673,0.4814288179363241,0.49588544632101855,0.49568194115146813,-0.33236963284726784,0.2369953365702721,-0.5676955365528407,0.7149023817157824
365,141,20,0.13271610078231152,0.5507960552078517,0.9880532473030336,0.7443802193476774,-0.08834780511649483,Motor Control,7.388459521627203,11.87295880472632,0.07923342756753605,0.013448017036057197,4.975312677926111,0.6469773588060277,internal,0,0.712634093508719,0.701535921224998,1.1716289109923066,1.9317066073386862,0.024575170844786345,0.03750274830942035,1.0159768757197307,0.8505155400479623,0.8764851901915889,0.8683879428050557,0.8685041210624972,0.9995043451848659,0.9999477501078661,0.9999999896464112,0.9997709362358264,-0.048363119168576,-0.07720670476951333,0.025450428831946193,0.09943487201127392,-0.017402909573071293,0.0644329591424859,0.047728448527070935,-0.06949880415682998,-0.0025918070022213323,-0.047758693459976125,0.36494432652935316,0.49989915410011115,0.49211399901529973,0.5194245468125523,0.4879782452861768,-0.330808280576152,-0.5719014409329799,0.17686296671011464,0.7295300640600961
366,141,20,0.1320751483845241,0.6086548635799498,0.9898486499745833,0.7455941240340254,0.1262780238887539,Planning,8.21886037984988,12.70457393612844,0.052712854521573,0.009807089266711094,5.116547280875314,0.6415847717003238,exploration,0,0.7065899785620456,0.7076232063716452,1.1752230903594116,1.8923470563904157,0.025313619064024923,0.007862439927124891,1.0066820592902614,0.8660836164783511,0.8705307617366826,0.8545163162706513,0.8728557884124778,0.9999848477249775,0.9998135161029023,0.9997527519593371,0.9999644723514449,-0.03109146555632922,0.12990650506338658,-0.02496170188949472,-0.06051544970582686,0.08905028709405065,-0.07638881457101498,-0.01708278004610224,0.016397038675355736,0.0007384482192385779,-0.02615151554208319,0.36804180856508373,0.4979680607253267,0.4986962262304204,0.5184816374059884,0.48425887303654247,-0.23237768722456448,0.8536431703028047,-0.18191316890135517,-0.4291870772236812
367,141,20,0.1334661374700055,0.650718843948068,0.9857952387152824,0.7420633451540782,0.16531938156869008,Memory,9.049123973248212,13.513598766281257,0.04112045559356804,0.009209696011737756,5.11088982443593,0.6389812111255797,exploration,0,0.7162080091978043,0.6978868730395479,1.1592492442639353,1.8948859211099633,0.013636112228241886,0.02629512433404918,1.0483416436600628,0.8671953675719316,0.8667768276608364,0.8550887593089749,0.8749247620198193,0.9999998674437378,0.999902129584887,0.9997071577155708,0.9999530134384202,0.09732773287424618,-0.03710363065534834,-0.08173764996248226,0.03153302093677602,-0.06520315587275236,-0.03136598359254651,0.05883579908036997,0.04134997941997918,-0.011677506835783037,0.01912988568213141,0.42332770234821754,0.4943458088356458,0.4817000735790887,0.538204722749131,0.48365578339546184,0.7051026414208221,-0.24490814485452894,-0.6331085185342209,0.2049972424319331
368,141,20,0.13207244689560213,0.6564006487678082,0.9898559483166409,0.7448601614026487,-0.01794783056547241,Attention,9.870906643290127,14.344028402093297,0.04805160365358433,0.012712829349735803,5.229228336494786,0.6385590483768233,exploration,0,0.703396456596759,0.7107977383525667,1.168306525196249,1.9294477387561402,0.04166963304321428,0.01710633685390833,1.0246085909763374,0.8692653314145657,0.8763361423982183,0.8428141376468959,0.8752582924542072,0.9999600205449772,0.999201487328336,0.9992558263917903,0.9999714304303405,-0.1090815508813307,0.0675453729016006,0.04087527884428541,0.014740511580477553,0.1152355024735008,-0.015211549125256045,-0.011505028444885051,-0.060928904305178305,0.02803352081497239,-0.2897359834577976,0.2837413534537656,0.491294624912009,0.4964641277009208,0.5332747066580846,0.47725363139346877,-0.8430596709193661,0.4513793500222192,0.27045453493771426,0.11118191478146959
369,120,20,0.12909975452388298,0.6758776183935263,0.9964207172960226,0.7494820046078499,-0.1288822528345893,Planning,10.049952898976219,15.396263019797459,0.04995340580382224,0.016768115116817785,5.199648239948508,0.6340775419754281,exploration,0,0.16774698513975317,0.9858300811887022,1.0673590081927613,1.8866312441322188,0.026368697612397688,0.4144843388825391,1.3102877493827663,0.87099344814146,0.8680572360028026,0.8459421265969199,0.8787655926164302,0.9999933190377774,0.9996611879156204,0.9992151017332132,0.9999507114095847,-0.08364575984547447,0.05638417148806898,-0.03437813998484272,0.08151497283455712,0.08764689361306276,-0.050537054276975975,0.06485979215742646,-0.09547617837342447,-0.015300935430816589,-0.27802592380697955,2.545925835612917,0.10177041966381051,0.5980932592988015,0.5695321910532308,0.5545811917268081,-0.6810557687284208,0.38957921984620264,-0.2449614240771041,0.5695480419243676
370,141,20,0.11187115556233998,0.6590619118439769,0.952210406089603,0.7676607704589086,-0.0735109918456834,Memory,10.45720328568446,16.408233929194218,0.06649803348091006,0.02633078596212569,5.417193146319385,0.6882068342087656,vigilant,0,0.3733355432504361,0.92769637928899,1.0908427929538305,2.0507994930615783,0.06425012715014836,0.13491129159656265,1.2390664250671577,0.9948079118474632,0.8014265069406605,0.8219690242745423,0.8321296146825559,0.9363929821207517,0.9997960455423789,0.9999441153421201,0.9473548439214863,0.11223563336354427,0.007490687688485692,-0.036327182079053555,0.00353105465724507,-0.08953514804530152,-0.02149903469224098,0.020396355269531156,0.06795776098793821,0.03788142953775067,-0.24873122519342727,1.3622418109946355,0.2344692449164244,0.5826294160737835,0.562113241595773,0.5381410784698271,0.9662553207248866,0.05307702071905848,-0.2509887434402204,0.0231977522345244
371,141,20,0.11691473203808271,0.6961595986007598,0.9831395371792788,0.7621188181213417,-0.1753337214813875,Planning,10.987591490477811,17.38332173388939,0.07592726280141664,0.03736204703900842,5.372679449574639,0.676698754928879,vigilant,1,0.4778256845782096,0.8784546745036793,1.110003547133594,2.079704238236923,0.018308304759486718,0.07695597214180917,1.1833399014375445,0.9721235374626069,0.812737938536418,0.8270602742867705,0.8428547762642468,0.969222495816978,0.9998947661070062,0.9998563235244275,0.9766737980671937,0.08390238818777843,-0.021265272673141815,-0.07627347432143722,0.05004404315856534,-0.08123735517319373,-0.032516834104535014,0.07113410956594059,0.02452070011951016,-0.045941822390661635,-0.3469732742709789,0.26209006043565103,0.3084163008746061,0.5670053953579083,0.5518317718420207,0.5280775914350025,0.762165113902054,-0.13572463751643052,-0.5211705549808997,0.3592553611883943
372,141,20,0.11977864785219725,0.7192637146127845,0.9932664112185491,0.7591471246616581,-0.04929144023967279,Memory,11.581113721743897,18.336740471148367,0.0726914233005872,0.05776217026274197,5.310990631052125,0.6696543140045017,vigilant,1,0.5284841141555824,0.8489431907290318,1.1230654155317823,2.0131368161196646,0.05573649389731052,0.04129627377197865,1.1464536878648766,0.9512514827596518,0.8237140736962071,0.833955448147805,0.8491961209561414,0.9831408034653419,0.9999424386295426,0.9998589247743668,0.9878635828049162,0.09394666248588869,-0.023763765283681477,-0.07588629925518886,0.0535963776215673,-0.06397829053943534,-0.02975973845644989,0.07065900592175009,0.03092254140286,0.03742818913782381,-0.3553786162347751,0.4531567672076746,0.34738962327622913,0.5580376917885131,0.5435381637363121,0.5219967708193604,0.7408076053276327,-0.15383770614905568,-0.5672248602229153,0.3252599114564065
373,141,20,0.12605345885947222,0.7853701834645519,0.9997516939243926,0.7499193764634,0.14251577735422336,Planning,12.265162419221749,19.221872131900017,0.0601933611286415,0.08526367158698167,5.261228982417872,0.6653977395735522,vigilant,1,0.6114941377435468,0.7912489617720053,1.1186512760400882,2.0213486473191806,0.043679958543444114,0.07744467762621086,1.158824448728176,0.9377208791673826,0.8298155989828891,0.8393844522348397,0.8529474578217808,0.9888446264061422,0.9999474395392135,0.9998839853657816,0.9923488155424754,0.11842644337305802,0.0019680586412004182,0.0028346102838899346,-0.07548721902537421,-0.06613205384518307,0.00042141067144554987,-0.040324468637485636,0.1019731770818931,-0.012056535353866409,-0.2151393032373561,0.3007908362597779,0.39950094761857574,0.5169382509480424,0.5177266307305656,0.5523884080893882,0.8166574565352502,0.012892392343423672,0.018639294897761977,-0.5766775195815711
374,141,20,0.1311404836003704,0.75816732789163,0.9922348696700014,0.7425594919998467,0.1439776914385162,Attention,13.017842814046364,0.04702740160210794,0.043519554271467475,0.11051905744558503,5.106359784383393,0.6866718856625718,vigilant,1,0.6739166218758692,0.7388074084356603,1.1168746553980293,1.9448967209278827,0.025140475710077385,0.05482200049226648,1.1638303648025947,0.9167327798545887,0.8560226862428431,0.8555461007284744,0.8335868524070957,0.9965461553563084,0.9999998446143143,0.9996995951700438,0.9941391813934571,-0.014102608620271026,0.10738861228482509,-0.0985163975551826,-0.00017589132606226257,0.07454611701580799,-0.093995064327536,0.05802498226300374,-0.008029274024507574,-0.01853948283336673,-0.24572390096636443,0.6461679790354528,0.43919431461297076,0.48148391484347736,0.528126648124357,0.5443930724212345,-0.11349237056471506,0.7461300000177985,-0.6560547792389319,-0.001277315465273944
375,141,20,0.134052580111285,0.7259155605689239,0.9839162767116126,0.7393641486739662,0.1788541942093319,Memory,13.822923452485032,0.8356203418844504,0.02878907517907144,0.12110145426827976,5.168759888746141,0.681075150694864,vigilant,1,0.7143840782324908,0.6997538058259594,1.1269577010038856,1.9353427836295554,0.028715601407704034,0.04474522049378144,1.1356228692215025,0.8983920915468573,0.8764549247454865,0.8491656128004478,0.8388302431199576,0.9995527974240721,0.9994559658605723,0.9999338486708262,0.9972294673580072,-0.013478448021191532,-0.04525020601853407,-0.06071753110564293,0.1355741930403645,-0.016573452913880002,-0.01162889484938698,0.10211135670157254,-0.06132141542559747,0.0035751256976266493,-0.23537376597132603,0.3727568361100555,0.4721154610415195,0.4624467435926898,0.5065146079800519,0.5537986391186753,-0.10333185057238638,-0.325504867607011,-0.46137399551274993,0.8188425648963478
376,141,20,0.13571110424816335,0.6916259141588648,0.9780948963246908,0.7380306156680915,0.3378967822389772,Motor Control,14.666417360570664,1.6005329936793942,0.01799431535294637,0.11118637151963541,5.0390876478803115,0.6876590473830727,vigilant,1,0.7407700361569607,0.6717587018654951,1.138671742801034,1.853893384998205,0.014178019951645813,0.03262248439678585,1.1034472174736885,0.8815367190241563,0.8866470577764023,0.8622313765874458,0.8326506237172309,0.9999766287021474,0.9995143879128251,0.9994408987915613,0.9983305710749765,0.019334255079103465,0.0992135445714857,-0.10375608140367752,0.003722101606373657,0.03865593135706119,-0.11375253761360525,0.06498607718823385,0.005774729166670704,-0.014537581456058222,-0.20200236533849678,0.38122050157261184,0.4974417214753156,0.45109924640795046,0.4895459985893657,0.5562426618769295,0.12605620851684102,0.6544424194327138,-0.7450240400516295,0.027461458201680913
377,141,20,0.13544729020243,0.7132851605612058,0.9790690152184162,0.7396917548077842,0.553808536056726,Memory,15.52471756956345,2.37670370429323,0.014802913982959647,0.0875210839373405,4.937275991536194,0.6893698633138506,threat-lock,1,0.741701973028487,0.6707295902266796,1.1572036211366812,1.915928885997141,0.028308190067058817,0.03491011764839175,1.0537441507873795,0.8674973941095968,0.8924737899908095,0.8719774713100447,0.8310199124691537,0.9994629495288158,0.9996303934998022,0.9988872696699413,0.9991352384283966,-0.07524385899087307,0.09399512201474565,0.05128573135344403,-0.05663131678993637,0.09963389974049831,-0.02169998565715037,-0.05198250860069511,-0.01104889300297429,0.014130170115413005,-0.20247926074287803,0.28515509452799587,0.5105631088921738,0.46170806774833084,0.49841894975323214,0.5270004767951352,-0.5389163687627181,0.6439029916428999,0.38710447515725327,-0.3809307156769549
378,141,20,0.13418395807293768,0.6464636196428445,0.9834820865882351,0.7404849229565248,0.5169150014986179,Attention,16.350847775763945,3.1677976877863303,0.020503916242091427,0.06204575369421931,4.990513698519393,0.6689003337565946,threat-lock,0,0.7222563643127172,0.6916254363524923,1.1438185207085318,1.9191818152688493,0.03481192457783959,0.026124017757884647,1.0895012951953773,0.8598402797177584,0.8870319362417677,0.8669362984433706,0.8498649845142314,0.9994031180927692,0.9996630210014447,0.9997957532155294,0.9999324509513178,-0.0895787947981281,-0.04139485060868546,0.03525548632016073,0.097050996844287,0.02069180410325267,0.04381591582268553,0.041663944977481514,-0.07269257808321429,0.0065037345107807724,-0.2225222651271046,0.3475764828605585,0.48838878225037075,0.46767618995645793,0.5024700508287857,0.5387756552970726,-0.6072671174213466,-0.342771245164273,0.2174533712578674,0.6829703894869017
379,141,20,0.13268911471471903,0.6394696705219001,0.9881313712915893,0.7411706430443131,0.5669135693307163,Memory,17.13580395034694,3.976432005294838,0.026979774907274736,0.041730122326600415,5.014820304972714,0.6771429587079507,vigilant,0,0.6965234515089502,0.7175340281116006,1.1269630231149648,1.9159925495769483,0.02012361234131834,0.0348449534699374,1.1356081085613834,0.8726261470995088,0.8838998681828044,0.8645946119256191,0.8424492788612713,0.9998927413757652,0.9996973009920017,0.9996704214534485,0.9993650891875803,-0.02409821272236941,0.0718590239428497,-0.10489041986575301,0.06574384871918067,0.047677987048913816,-0.08745478975918497,0.09848683583135857,-0.047200660853676975,-0.014688312236521249,-0.22870305703114469,0.37736738183344704,0.4603152672540145,0.4742006420580611,0.5220443988788185,0.5391782927794652,-0.18730940989932157,0.495404793827836,-0.7343098660772096,0.424591916782736
380,141,20,0.1308733853404598,0.6247782551637295,0.9928644229413616,0.7441453349303795,0.5452087129335514,Attention,17.902006193898867,4.809745484356663,0.03352507555649212,0.047709607846670284,5.132266393272911,0.6774248049456255,vigilant,0,0.6768430471838601,0.7361273595505514,1.1320235123044624,1.8937481661880913,0.03366200450657957,0.019550192187315317,1.12163231077167,0.8877555127934823,0.8804168027556969,0.8529183080159829,0.8421916425501806,0.999951797928954,0.9994275798894828,0.9999266047250492,0.9984439451167474,0.12120647800979184,-0.03685686431639996,-0.07231763730720567,-0.0020732563840222895,-0.07814472908253631,-0.008258433638343887,0.03943942141531418,0.07066702580998166,0.013538392165261232,-0.2451479564414272,0.40376106354163915,0.45042274970762197,0.48987503203782223,0.5225588291905257,0.5329859750194916,0.8404017603409628,-0.31092184828885205,-0.4436704845372877,-0.014456369630828247
381,141,20,0.12871567469798834,0.6796419565063646,0.9970414494108654,0.7498190530116854,0.4916634132044,Memory,18.67561242716114,5.681207791128591,0.03890214834154423,0.0746018662093717,5.135352975143154,0.6730901825136442,vigilant,0,0.663871404567499,0.7478467478016977,1.1652953086091489,1.9325978580472614,0.011380393123228453,0.04772918857536415,1.0324657010447045,0.8928154022463718,0.8717926635310461,0.8526032281042919,0.8461240717242566,0.9996108036100373,0.9997329066761573,0.999972818287499,0.9982943738421477,0.07326507453111751,0.053358091979986394,-0.09130113342767734,-0.019498827109721284,-0.016434585072188312,-0.09181199720597387,0.04582413396164928,0.05797963546603609,-0.02228161138335112,-0.21836083194509737,0.3140414638904643,0.46187061039570304,0.5202941887738624,0.51722041844498,0.49845011297533814,0.5813933782801413,0.3710911146406685,-0.7113817445801732,-0.13494123834032365
382,141,20,0.13034149027636216,0.6815109712187511,0.9940464974625178,0.7469706264455225,0.47369827256855207,Attention,19.46458011414317,6.528115892763149,0.04148166977488236,0.11240365300124693,5.10332251066988,0.6489150790827367,exploration,1,0.6816346423346207,0.7316927048764076,1.1574641867963034,1.8909389232356701,0.01689952951780504,0.029083815797978408,1.0530551064139102,0.8869473124072006,0.8539870910700064,0.8558522263764008,0.8669183813404759,0.999146306959403,0.9999976379811545,0.9999119150269011,0.999665429022197,0.07975288272753571,-0.10643369473979897,0.0197862575658359,0.02456781105210781,-0.10109513337095923,0.06725918324380437,0.004338701127817513,0.028723521911461915,0.005519136394576586,-0.15431765172131381,0.23225518032583217,0.4693762091347113,0.503846381530905,0.5067497404244197,0.5186805169823339,0.5645942082954144,-0.7961548616678319,0.12501452116275583,0.17816336800924248
383,141,20,0.13461315333565782,0.6704992472042561,0.98203060264706,0.7409509880408021,0.2897081794770642,Attention,0.3127825739927985,7.3180341481389695,0.03927710525092771,0.15196936723188703,5.040498442546518,0.6630763618876336,vigilant,1,0.7318025249502951,0.6815167382217201,1.1590592146525287,1.888582542579899,0.021677270746391863,0.048984669805568204,1.0488428423777372,0.8829982841955071,0.8637932731511498,0.862093205775377,0.854968137372702,0.9997029076658759,0.999997892624521,0.9999644135087703,0.99939208651536,0.1176606930712643,0.004360095717255145,-0.03151109120460015,-0.07234628257427043,-0.06478976676468255,-0.01736270879196749,-0.0278784211603111,0.11354475245370418,0.004777741228586825,-0.12474080282558611,0.2566611437530183,0.5049831362450077,0.4702832364428471,0.5046020978604638,0.5188471956797366,0.804552916699673,0.035249407830157495,-0.21463796242956767,-0.5526143579040956
384,141,20,0.1374286117031941,0.671574706963588,0.9713384535363258,0.736093460588801,0.27815783306846054,Motor Control,1.1853632220927164,8.066035116707312,0.03310949237511735,0.17020911005446493,5.027612587162783,0.6631930369758156,vigilant,1,0.759224486403174,0.6508288402074978,1.149305197246428,1.9338097681382274,0.020618876813993867,0.030757987002986407,1.0747567975182952,0.8631292064391223,0.8825155370290748,0.8633520242303167,0.8548669967611746,0.9996989339120151,0.9997055105698487,0.9999492680091477,0.9999519458084338,0.13807180255050425,-0.02284701587847306,-0.06131341023878327,-0.03562767610355842,-0.07304614017666336,-0.020994099077019403,0.015401487205158416,0.0809739285328287,-0.0010583939323979968,-0.10743273991778855,0.3295379529197967,0.517173503216953,0.4433358477139483,0.5095654100808531,0.5256690656222696,0.8447492450242983,-0.16721153833284852,-0.4536647753802384,-0.22940637754526
385,141,20,0.13824724589716958,0.6957750615717996,0.9678799425934059,0.7358086314038962,0.2651442728190839,Memory,2.083086766843536,8.80298279904279,0.04571224682611983,0.15516796552195525,5.057392460485119,0.6679683459355887,vigilant,1,0.7729238873602391,0.634498750469957,1.1614643555872075,1.9454526367218443,0.023475470403759784,0.02125936328841529,1.0425093773054368,0.8558805770790706,0.8963555779940334,0.8604319192453597,0.8506891488208408,0.9986360699776432,0.9989028093315597,0.9999351659665283,0.9999819561917039,-0.12139273827196559,0.04049547030829762,0.03404078395093951,0.05881370437064406,0.08778356812633152,-0.0051381523351284345,0.01006089792775272,-0.08118806367311164,0.0028565935897659177,-0.09936452504255144,0.4482064336079685,0.5350490816424761,0.4392256201340855,0.5041002205989313,0.516416772040336,-0.8516486269650799,0.294369060471293,0.2272821730128124,0.3693024319664255
386,141,20,0.13933435157960675,0.6556291798942268,0.9630680842998913,0.7332590027493718,0.3118364706706703,Motor Control,2.980724529483564,9.523827299868348,0.059020287435623695,0.11913879961149644,5.024601323593588,0.6614917404282352,vigilant,1,0.7797088967085757,0.6261421854447244,1.1512473006647372,1.9494467524678512,0.02030567622172691,0.017616609259662838,1.069567182388468,0.8448209718681834,0.8983767866322313,0.8636451600686724,0.8563373822402022,0.9977018252065385,0.9989472674096358,0.9999620749202335,0.9999132054913434,0.09343073338587338,-0.07154077283566217,0.047886277394161035,-0.06475840817862137,-0.07801599296694049,0.07156663211587085,-0.06202206813431923,0.08375927544136491,-0.003169794182032875,-0.09827154532185763,0.3150874185854593,0.5325038217787252,0.427625115134244,0.5171005877152747,0.5159296491606891,0.6044037278209077,-0.5567182119186396,0.32389962346333667,-0.46888164843018926
387,141,20,0.13915696440047187,0.614787354838193,0.9638696585131938,0.7336538096343265,0.3638313563731812,Attention,3.8796633824729776,10.248455485302223,0.06906991233091829,0.0819441571446923,5.102603526291648,0.6611507544124824,vigilant,1,0.778549506928911,0.627583193896036,1.1546328717558296,1.9606766588880467,0.03394925601691966,0.009133794917967043,1.0605563352194367,0.846427595320563,0.9039561699824593,0.8559246326849961,0.856630954258336,0.997246322799087,0.9979965279614685,0.9999996572256596,0.9999313218407886,-0.12118900963557695,0.032473658776768215,0.009275888394785185,0.08447474226772984,0.07634677466540807,-0.013566409381575809,0.03889178419530949,-0.07275817326592839,0.013643579795192748,-0.05948566242474886,0.34808980858121735,0.534108227470772,0.4305408253413284,0.5206612465897549,0.5082074825926056,-0.7905497421375137,0.23255956120070706,0.059686304618669604,0.5633690626413672
388,141,20,0.13478335465936891,0.5393188809893582,0.9814412014457473,0.7389864305260909,0.27088617966992956,Memory,4.707515777878971,11.03464174901223,0.0716748455335635,0.0527360893124634,5.123967479538529,0.6557452378148239,vigilant,0,0.7251190503199492,0.688623527671757,1.141677901084952,1.8561357787090138,0.01623811135089056,0.05831792817743352,1.0952878792855685,0.8454161079864189,0.9025711019123638,0.8537633518007967,0.8612346657396384,0.9973148432169364,0.9979675118739039,0.9999612251880573,0.9998322737842932,-0.10569385437654959,0.06410653726838776,0.05100889772743754,0.00790529955222842,0.09690671530329673,-0.007148906110960028,-0.023558953232794843,-0.06728762478015543,-0.017711144666029098,-0.07210213174359044,0.10808948345039053,0.4889134320709214,0.46430622967391283,0.5353955663140538,0.5086599537989129,-0.7973114012748548,0.4636194872833257,0.3828102383048371,0.05298888428026662
389,141,20,0.1342527889039858,0.5173886053235948,0.9832527017580451,0.7406906112930343,0.2173477119953544,Attention,5.54337135465941,11.831739905461047,0.06291293452624049,0.03359352297404295,5.212373397884323,0.656061967659239,vigilant,0,0.7236858338622347,0.6901295631018296,1.1549978425300471,1.9095559919934073,0.023430753121850053,0.019547281438345058,1.0595876427051156,0.8723323054662736,0.8856747262819286,0.8446014337180132,0.8609675059064678,0.9998486099350448,0.9987357773993567,0.9998212857829005,0.9999025139661984,-0.01373719003961765,0.0871311730041386,0.04305274517577916,-0.10293445162308484,0.05436796272820152,-0.024076877283354375,-0.06994392238460848,0.04957131354439611,0.007192641770959494,-0.041277815593215854,0.27672029000576814,0.496710221123223,0.47367848291644116,0.5342663853761633,0.4934238142931772,-0.09770613425911127,0.6072588854675148,0.26732738804001754,-0.741772353861071
390,141,20,0.13301421618142295,0.5053312377217203,0.9871756692368663,0.743472061575676,0.13383245945106514,Memory,6.37497651719521,12.647858704290815,0.04951638756324722,0.020624153494685802,5.2055983122569796,0.645396670005224,exploration,0,0.7137211006197299,0.7004300040190751,1.1651682454304777,1.8808550364085044,0.008910993714187986,0.01919492971156651,1.0327979629648276,0.8679164425781468,0.8806978428125853,0.8453161679209251,0.8697890173020327,0.9998673759615736,0.9990818550054135,0.9995828840956537,0.9999972998788375,0.11141612002217745,-0.054924749220893264,-0.05630192641739071,0.002967811942067804,-0.08577897677362877,-0.004873762699117782,0.030356008002932842,0.06605046885804043,-0.014519759407662067,0.08981648807643045,0.37804525224700514,0.4964697475344619,0.4872243611110345,0.5207532285030136,0.4949204650522481,0.8145511124212723,-0.3804107599999319,-0.43753240247131253,0.018961427088262494
391,141,20,0.12966492942564548,0.5338040467192943,0.9954084912392919,0.7467970029384399,0.2682074832774397,Attention,7.138406572658824,13.500850410051331,0.04151918401555281,0.01237851309743896,5.124519371018081,0.6464443255365737,exploration,0,0.6669049603045539,0.7451427876059604,1.1447359082694186,1.9256271555769326,0.01932121891108329,0.05196899764377569,1.0870272936232148,0.8680540218521131,0.8732768273533832,0.8537072505140364,0.868938276504002,0.9999786304787147,0.9997189142526334,0.9998331531608537,0.9999993999307554,-0.08411949879591848,0.03747986340925362,-0.03880796815392824,0.09810631127520968,0.07117098650441285,-0.03694863813505933,0.07352060195011374,-0.10108043914300052,0.010410225196895304,0.22137723559786493,0.24450673057726457,0.4515164284925386,0.5044859915619376,0.5274242184401715,0.5132742667644125,-0.6567374086726356,0.27240985849003146,-0.25250193464504234,0.6563014688753207
392,141,20,0.13111293647077887,0.5353448716171906,0.992300894472701,0.7459512275213154,0.2168464713108248,Attention,7.939140280134818,14.338425304559733,0.060333150851009855,0.014262262201537979,5.164545310641029,0.6592919867350887,vigilant,0,0.6910311390401515,0.7228249891065408,1.1587519899439265,1.9511756468891783,0.054989274618440026,0.03266643130880298,1.049653430133493,0.8922628036201751,0.8634198742372186,0.8496020764095575,0.8582246336528794,0.9992983101487071,0.9998684507816914,0.9999499434630638,0.9990460373115212,0.037302408610178736,-0.06281052165633887,-0.0565510096381595,0.10382000012465765,-0.0578614854974111,0.013992351644952992,0.10746163429677955,-0.03036410326621945,0.03566805570735673,-0.10953477487511706,0.35397155768383604,0.47665568350903,0.49858627169616787,0.5076419910454092,0.5162467220069038,0.28283741152028374,-0.561515927546292,-0.37042396745971534,0.6837316330898672
393,141,20,0.12854540479551585,0.6112573204473927,0.9972988966843597,0.7485482213085977,0.010143419559720555,Memory,8.689036055923669,15.205602826400956,0.08010571870026956,0.02107938934200747,5.045851946272455,0.6613727054048326,vigilant,0,0.6541042293120488,0.7564044270072002,1.1464469150085614,1.9338853006370182,0.030421614916379576,0.041016761571636196,1.0824224390147141,0.87909007208289,0.8668400802365683,0.8615681074492267,0.8564399083923618,0.999879755093618,0.9999794982761965,0.99998148947958,0.9996080606015819,-0.061117293469636486,0.029300895116648178,-0.07584860133815922,0.10690703210633115,0.05047891996906906,-0.050830290821369715,0.1031761608285602,-0.07164520747506356,-0.02456765970206045,-0.05044036043818524,0.35985753791798547,0.44386734914911946,0.5132870463984938,0.5268974206484093,0.5117589984294599,-0.4299625453883719,0.2061771195564394,-0.5196966893101178,0.7088995387603696
394,141,20,0.1296378835101193,0.6754191730655908,0.9954595670129859,0.7471213491387267,-0.1572288807948788,Attention,9.457163404668737,16.06084984513113,0.09775261861426596,0.030179405875582762,5.161384523890455,0.6582312989006219,vigilant,1,0.6681978174614694,0.7439836535433617,1.1495508196408646,1.950636232417926,0.01252580874994822,0.018583774635376738,1.074099614748003,0.8960925021553816,0.8582169904694288,0.8499288808846357,0.8591290486816835,0.998794499768953,0.9999536883548839,0.9999427054006989,0.9988470162807246,0.04755041180290859,-0.09692016021214848,-0.02885150491514654,0.07458641053854095,-0.08144587821108822,0.04238825091311556,0.07020008019695989,-0.014981801363193563,-0.017895806166431355,-0.08624025700940975,0.34270568232904686,0.455316565236801,0.5069577793753015,0.5339342262986356,0.500594503904471,0.3753056424030086,-0.6967046426087151,-0.19892626842294353,0.5780801462420678
395,141,20,0.12684236912517877,0.6970699577323747,0.9992501509591679,0.751334297224296,-0.18213577099210115,Attention,10.187873369452854,16.949893415073465,0.10343184866604564,0.04020806108992448,5.2036053577918135,0.6504161527331297,vigilant,1,0.6349594862324731,0.772545436102883,1.1507977762798345,1.899631862659911,0.012651569837453584,0.030900256395296685,1.0707670357370431,0.8903296138368282,0.8619708839577523,0.8455260115959476,0.8656818917182599,0.9993330738419915,0.9998180512715397,0.9997220771015436,0.9994873456500102,0.02427055841993127,0.02106358619157065,0.07765138792104898,-0.1099235054872123,-0.0016488620292109013,0.02573143963552255,-0.09883414663690367,0.07434111182270702,0.00012576108750536434,-0.0006979389032959943,0.42504350839169464,0.43338742753738807,0.5272958140919812,0.5278808013280051,0.5054466358414915,0.17216051677588048,0.15227637544892497,0.49450231885490553,-0.8382363142877558
396,141,20,0.1253199444309545,0.7038327522719019,0.9999768240130541,0.7541827365060926,-0.295324194765303,Memory,10.9056188701243,17.859711570358485,0.09716214694384981,0.05048618018175578,5.167284807968031,0.653812645089044,vigilant,1,0.6193614433958043,0.7851059816576778,1.158847565221735,1.9434452222038203,0.007363642034911682,0.017444117708785033,1.0494012240355866,0.9012077085201504,0.8496817750666528,0.8493184644268025,0.8628578638496264,0.9977928679736948,0.999999914447478,0.9998741691355113,0.9987010239292683,0.03874390086943295,-0.11684854644288799,0.07008595754868384,0.01171060488506572,-0.08654497473453102,0.09760640099829875,-0.029049554347796516,0.02165985325864591,-0.005287927802541901,0.09062465857883588,0.45217912927634374,0.42727356664829597,0.5416143296563172,0.5254803432818009,0.4979574339033101,0.3350095905904017,-0.8154375633782038,0.46571810499903155,0.0770506399738527
397,141,20,0.12373881834303145,0.6818978223711345,0.9996307132953643,0.756225201336342,-0.21933165142799704,Attention,11.60197513065443,18.782274859906956,0.08060444746565727,0.07355458401968092,5.152882059690805,0.6485702037323171,exploration,1,0.6024521466194566,0.7981550043905062,1.1558698303883546,1.980061868108745,0.02920908601253129,0.05830668578359511,1.057275343556449,0.9041223897197159,0.840627094521808,0.8508057376992705,0.8672014697066269,0.9967261884924249,0.9999349215020097,0.9998106044257066,0.9987501666608006,-0.056636571414295844,0.0009455032510281892,0.11853381136952125,-0.06400903994073083,0.040272354248648515,0.06284388644181425,-0.07381475456688809,0.0010738966234338182,0.02184544397761961,0.015320677599764833,0.698446168934815,0.41397763807486243,0.5484557161747893,0.4869998100062566,0.5391196598377461,-0.43718992745757224,0.0064397670356847155,0.7773806701224529,-0.4522198474748039
398,141,20,0.12902307386735398,0.6436288015618863,0.9965490365607248,0.747956015374951,-0.21731719884544562,Planning,12.362711795444039,19.63829379837252,0.060621705016135806,0.10478390035763971,4.921998860037539,0.6773837618864222,threat-lock,1,0.6642813694913879,0.7474826166183706,1.1452024695078702,2.00407927810727,0.020771108798819223,0.056244804358945195,1.0857704250967033,0.9102870490930325,0.8361795987581184,0.8734020725362528,0.8422291769842634,0.995468644947914,0.9990553466954344,0.9993206495412807,0.9960771742379944,0.123941442405598,-0.042434146618343584,-0.015824687673908565,-0.04371985712293209,-0.09019062743036277,0.012659949712117398,-0.014072900764079455,0.09041193629073027,-0.008437977213712068,0.021452371057627585,0.25463487262026246,0.45002192453913836,0.5063871743801948,0.490504561349327,0.5481400846075095,0.9035193626931657,-0.2801273205437279,-0.11825818366459498,-0.3019874956349654
399,99,20,0.1334060562509947,0.5872987819079216,0.9859821931573618,0.7412249481924381,-0.27671018654431484,Emotion,12.83156563639074,0.7486693040503454,0.04087143399574789,0.1281600589924795,4.9430273680959615,0.6836980592252566,threat-lock,1,0.38899219462435225,0.9212410501716312,1.205303981483413,1.5932498449841594,0.03536469936487514,0.3603291142801196,0.9304850721677627,0.8930175045226355,0.8623062243164316,0.8714386211798144,0.836386538412431,0.9992054239611633,0.999936933660885,0.9991691914766789,0.9975903032989696,-0.04974112717191949,0.0535959864233792,0.08214456362974963,-0.0798660337475473,0.07514507852842144,0.01719405494986894,-0.07974786595273914,0.01664004270566189,0.014593590566055921,0.02552819839575306,2.8942643184295895,0.2847790573608741,0.6744355323719774,0.23623995065300743,0.6389274347524571,-0.3672402402598481,0.3923244690842201,0.597259991844351,-0.5953961866133842
400,120,20,0.11098928094111465,0.5767546102075055,0.94491664514542,0.7765833945350629,-0.3807493650833283,Memory,13.385513750553935,1.8064729878885217,0.02942505172699406,0.16385942569835352,3.4174397039180446,0.7472492043267198,threat-lock,0,0.4639152986525669,0.8858795604799219,1.194071667332651,2.432090297039173,0.04367923581967238,0.127101781611598,0.9586240890444615,0.9585931811080027,0.7383337345519079,0.9716947486733374,0.7692670049836616,0.9612928347921477,0.9507851040907928,0.9586038772367581,0.9681371091644578,0.033757663558710335,-0.08426183966740924,0.1050322671539627,0.021753565280123663,-0.06624094766572614,0.08575197148629207,-0.06136568263713307,0.009252238310852057,0.008314536454797239,0.17336210719280898,0.8568669499301644,0.3348927224565169,0.6395016905874615,0.34129905403097893,0.6019961693394543,0.28605145614518546,-0.5243996897949283,0.7907676568346143,0.13366391691288915
401,120,20,0.11857470188003066,0.6629880495307612,0.9896141166654475,0.7667107822413934,-0.4057442035068336,Memory,14.089659935822006,2.7785471726383166,0.021934364214476275,0.16614931858168225,4.047794324185873,0.721397318537618,threat-lock,1,0.5866357234555285,0.809850929471473,1.2003124888480308,2.248651910580404,0.04141973701679567,0.12123310613461667,0.942946872656437,0.9422562614292578,0.7687896848662088,0.9399547613517907,0.7984989698507894,0.9765278733038047,0.9775160320353573,0.9828624045894229,0.9820019723087106,0.04615732062727417,-0.08371002574144443,0.10116245506027524,-0.0032946795820556385,-0.07782179050685531,0.09530426158376418,-0.060316419610701395,0.023938615186538826,-0.002259498802876715,0.2637064333120958,0.6396204651739774,0.4268108144416901,0.5892125572374597,0.3894420168584588,0.5647972968907942,0.35024016940457714,-0.563178610414756,0.7481521999775156,-0.020735529305061118
402,141,20,0.12317987704831354,0.727753563255613,0.999224010245205,0.7602637240876128,-0.18002816960027423,Memory,14.846222744380706,3.705804009343366,0.027024681460784968,0.1290151214903844,4.336652101150753,0.6953581078235559,threat-lock,1,0.6321851454960837,0.7748173602947314,1.1967424637366566,2.0933596722256373,0.019402020331156303,0.06053268463769211,0.9519014872965601,0.9043409340687749,0.8079780661939278,0.921050982558516,0.8252296692710032,0.9933845361715236,0.989972658814005,0.992282854117164,0.995228549198758,-0.06350512720377226,-0.0702276573517763,0.04767721768790881,0.10300734129880236,0.0012290349444211497,0.050952719401633595,0.027423718722585463,-0.07715522716864653,-0.022017716685639364,0.22507226862801766,0.5464661262626872,0.4578988639638785,0.5612089932610517,0.42656298210895793,0.541679885687595,-0.49438704762474034,-0.479075509982419,0.3297731349799401,0.6460013795043166
403,141,20,0.12503761571163416,0.7565024351938783,0.999999678044827,0.7575529775241937,-0.01579727460656033,Attention,15.609571652313573,4.623830948919377,0.041776838099923566,0.08640801378846447,4.559377892653748,0.6791759199813164,threat-lock,0,0.6393567925490983,0.7689101975011967,1.1939325847926243,1.896300432069622,0.024349057582379884,0.05146176851390592,0.9589747320763985,0.8890042891838655,0.8276741264435109,0.9044578589715067,0.8405848532856985,0.997328184944943,0.9954572947440417,0.996681518401299,0.9982436426691004,-0.08586523252648753,-0.012143861406590037,0.09453086556319086,0.0230065773343681,0.05492144624104379,0.05939059155813952,-0.04427519957617177,-0.06521612960511307,0.0049470372512235815,0.2215486744497035,0.26580638387774347,0.46146017355747937,0.5549662368868477,0.4670802020837355,0.5107866961443417,-0.7195428210641936,-0.08600219975868376,0.6673316052847938,0.17184376299321766
404,141,20,0.12591818867568116,0.741193649886991,0.9998109560710112,0.754917855533817,0.18844902169030858,Planning,16.362878997414956,5.528278788862201,0.06044798955967747,0.053937101999426196,4.802481212502413,0.6575506873010392,threat-lock,0,0.6399842317069651,0.7683880420506592,1.1770717273645372,1.9783536400396855,0.04515254218929308,0.022826569256867817,1.0019183853707434,0.8871609233738469,0.8318728687462473,0.8842149515012102,0.8597074768920329,0.9978117597888346,0.9980671432153531,0.999522321496305,0.9993915384174581,0.0050347228899642205,0.08191335173262802,-0.10311876988904962,0.01631522465939854,0.04574206650127077,-0.07884128007464083,0.0846972348998616,-0.0065900085301396245,0.020803484606913194,0.18787139335891007,0.4061864251211437,0.4521033203805432,0.542811475565964,0.48240108099512596,0.5179261209382843,0.03754898484979756,0.5547125719266506,-0.8230577543019962,0.11601710807732325
405,141,20,0.1304650504274842,0.6938302964590136,0.9937805080860346,0.7452540822161546,0.14199303332449073,Motor Control,17.13248228034147,6.365249454342474,0.07975399835053378,0.09245898687182523,4.894406485970755,0.6625482846567989,threat-lock,1,0.6768613410647843,0.7361105385551696,1.137017637491064,1.8536922195650658,0.028879077097498068,0.061109759379639764,1.1079534881555837,0.8919655731097885,0.8398545684231337,0.8759504508821664,0.8554253491012809,0.9979408876327053,0.9990872294636765,0.9996844430898675,0.9989162524556515,0.11755928860523401,-0.05446065945075705,-0.055398079740140584,0.014813948302532914,-0.09753388547938817,0.00308585478418784,0.044233989140647065,0.05657862093518205,-0.01627346509179501,0.19912748460341254,0.32971795892865297,0.4535079513641825,0.49320586368927816,0.4993906168857998,0.5492608722994093,0.8075622397382437,-0.4321216457554798,-0.38658198010641354,0.10802076131712675
406,141,20,0.1300973647219386,0.6780882969122606,0.9945564929134266,0.7454790820918594,0.24274432939123414,Memory,17.89182375529555,7.207189657783071,0.09079427380153919,0.15436710800936349,4.996343701314799,0.6844826106095865,threat-lock,2,0.6697417430000521,0.7425941002211451,1.133782510781955,1.952664244928189,0.027294597282778922,0.012211964033609678,1.1168017424143695,0.8912522280119246,0.869912622714285,0.8663769426633988,0.8356509367716622,0.9996059412902444,0.9999904371610593,0.9993780459804092,0.9977052114600299,0.029937716279702913,0.11116184823703647,-0.053581609329272695,-0.07698424759768642,0.04090389565479322,-0.07150405379538957,-0.010694821808045991,0.05805586964164098,-0.001584479814719146,0.21779021583850453,0.3448636909617515,0.44676797977641913,0.49536596668376237,0.5082371377514534,0.5447071902488969,0.2194920132373611,0.74325227188635,-0.36933113916856797,-0.5128292367847578
407,141,20,0.13289568243942929,0.6083975082306691,0.9875277841558073,0.7421461423968443,0.24471032428787304,Planning,18.697985043712617,8.016716076329157,0.09116324947580697,0.24722602035419172,5.049422826508721,0.6812950331742278,vigilant,2,0.7056324992727777,0.7085779956857632,1.1424662118707558,1.9502247453766393,0.032959340138884026,0.03635882662021171,1.0931546394919311,0.8946498579078858,0.868684381201757,0.8612171657858927,0.8386262999436846,0.9994093844919908,0.9999585823802986,0.99966742850916,0.9975990955439445,0.10742441526053378,-0.032787161026670994,0.015959933719165795,-0.07784416447372401,-0.07223179233696554,0.029679905218658452,-0.05062428259838652,0.11338248637627309,0.005664742856105104,0.24519470566018478,0.4119112482253304,0.47628026246177546,0.4782683820652557,0.5108554921622838,0.5323937569454115,0.7921955540502064,-0.22860688471752816,0.11924867517219596,-0.5531228162646242
408,141,20,0.13777893592630208,0.6030369160135288,0.9698763951610077,0.7333694913182822,0.28184594820551806,Attention,19.540773558670594,8.752739357668208,0.07810280334949958,0.3494967772135815,5.065132952973703,0.672675629861788,vigilant,1,0.7532037927054942,0.657787235095102,1.1189382251126192,1.9538399040132408,0.023179465378914747,0.056319369524221105,1.1580173825944073,0.8792935272436985,0.8782137269150667,0.8596665986929883,0.8464968292302771,0.9999990118446025,0.9997344848094134,0.9998840190594243,0.9992125088473078,-0.030402994111055962,0.07292070378157622,0.06614974450440808,-0.10254321498556844,0.06627236519477736,-0.009872823001802521,-0.07724894242111188,0.03790462641769189,-0.00977987475996928,0.23198337244794934,0.705079058276692,0.4922790889779828,0.4299167157281906,0.5131843799330439,0.5563044924195397,-0.23630337540325652,0.5613375248915841,0.40528840698765606,-0.6817640391535958
409,107,20,0.1404543749833241,0.5726539636615932,0.9578666135588421,0.728696589821192,0.4649671026630514,Memory,0.40541477122519964,9.442820268350317,0.0584425624664532,0.37114358629353555,5.079106279598263,0.6894131446936778,vigilant,1,0.7815879457298333,0.6237950649771279,1.1062622156323276,1.9826228548593992,0.02069813559090121,0.04127281493436151,1.1940649720649765,0.8704374151588722,0.9028685473761341,0.8582783854471802,0.8309785229021462,0.9990272604701224,0.9982651190839045,0.9995350558789737,0.9989746612482633,0.07851600793362817,-0.10815487106688375,-0.00850886891562208,0.027410419908224924,-0.07946501325709521,0.06172503158341224,0.016970104845217833,0.03220532456001904,-0.0024813297880135372,0.21682496473088986,0.2650090488116583,0.5018236675115195,0.4005117133556892,0.5006599394493233,0.5806057003008309,0.5760699739924533,-0.798784076556804,-0.05989343626387215,0.16278869861305975
410,141,20,0.13955559426050435,0.6447591725551404,0.962059639424377,0.7339170441893946,0.475412753910434,Motor Control,1.321313061341821,10.147270365905756,0.04016331652508719,0.2909652354220612,5.00395963669594,0.7064239902105816,vigilant,1,0.7926603953889845,0.6096634297559423,1.1554737633474923,1.9973346722436647,0.019424240361403205,0.06106896331188547,1.058325250440101,0.8649699426506159,0.9162916371204446,0.8656440492590781,0.8141848770620054,0.9974306712097475,0.9974894316757735,0.9984008902224731,0.9984471421125551,0.12194063193423135,-0.0301986597825818,-0.08296407885663779,-0.0017881912676695564,-0.06287736572753967,-0.0284192444438469,0.05055699647052142,0.05317415203492617,-0.0012738952294980045,0.1988894713158095,0.24409431786953745,0.5443946654191156,0.4187133869573284,0.4743764522565011,0.5507090968847967,0.7793242918901282,-0.23081441983045797,-0.5824357972874091,-0.012119971388563527
411,141,20,0.13739347268302232,0.6305525971190964,0.9714835923916226,0.7392081142929371,0.33146835970367944,Motor Control,2.2454188138174316,10.890083197348702,0.029719852628624643,0.18970439045579987,4.846258713539006,0.6854963678193577,threat-lock,1,0.7794150907495169,0.6265078741020919,1.1856400568110037,1.8746887922875097,0.05687114005933596,0.046190757994678165,0.9799848576050676,0.8388292092769862,0.9081184372517249,0.8803220871045696,0.8346972412456422,0.9960432259516435,0.9992251055441751,0.9985422693225169,0.9999900319389357,0.05950700657632921,0.04984793824253222,0.030463605689217896,-0.11576914769019117,-0.0016192450055347366,-0.009582065892101546,-0.06526473842645675,0.10928778656554083,0.03744689969793276,0.16392633603902804,0.5092785308530489,0.5566724692507309,0.4474633470928259,0.4720366487989302,0.5167917348203706,0.374441268950746,0.35199745841221686,0.22165589091429763,-0.8287099561371781
412,141,20,0.13438587460039966,0.6609264558270506,0.9828054897311993,0.7434218217574828,0.32500779930477086,Attention,3.1264468760966735,11.682013747423255,0.03303326114426866,0.11430776003541648,4.8322198927935816,0.6617542143742594,threat-lock,1,0.7437115177724922,0.6685006943396065,1.1846368399914389,1.9377790610531525,0.023680906736318362,0.040149280273199646,0.9825408315063896,0.830732060161987,0.8943022693721934,0.8815789231456078,0.8561111478541771,0.9970138834035815,0.9998490268113441,0.9994991201184609,0.999602302665787,0.0020029668414761237,-0.06992250946620689,0.1301651403039127,-0.030512854469903088,-0.03884809088364886,0.1019727619575213,-0.09078957219826223,0.01961306465142927,-0.0331902333230176,0.11858517319217698,0.4233695914351518,0.5304940501547681,0.47684570212610133,0.4784610106421691,0.512122329537147,0.013863549765921294,-0.574280592776573,0.784346987560069,-0.2341140872598672
413,141,20,0.1342584408571481,0.6097737609174985,0.9832338081335724,0.7411869647879993,0.32282882459849416,Planning,3.9658466965018846,12.477156927503811,0.03211682875171222,0.06736248983386507,4.870766063853015,0.6584856306760029,threat-lock,0,0.7259862359007969,0.6877092301856885,1.156220020292384,1.8708721660736116,0.04433746537394101,0.045106027248915805,1.0563475556754365,0.8476886557706195,0.8789870145892155,0.8781087954900633,0.8589125184466279,0.9992802046213651,0.9999993476943736,0.9997166887642693,0.9999156164084041,-0.10427157987550724,0.09247861315053604,0.050662277222181785,-0.01259447260351109,0.10930604375292148,-0.019814882630831473,-0.03297277194105245,-0.038455761700796065,0.020656558637622648,0.09639836489924987,0.40226635544759337,0.4990957509499019,0.4727813527329828,0.5102478148926639,0.5167478798116795,-0.7307937795139972,0.5904998491735548,0.32777985502716295,-0.09904921296016542
414,141,20,0.1334895973817805,0.6401374909785746,0.9857219556482893,0.7403239707085921,0.2876899415452515,Attention,4.7686777738434545,13.278496695634036,0.03283268763869091,0.039563571950039955,5.061486889355983,0.6617235158681756,vigilant,0,0.7077638335458002,0.7064491177180084,1.1343205731769248,1.9370281727449725,0.03180493312229994,0.03896581514082277,1.115326887791318,0.8665468402816094,0.8811797705563396,0.8600274194410514,0.8561376194104552,0.9998268731217002,0.9996490044473518,0.9999894372330147,0.9999220975507079,-0.09949547725452396,0.0413895500448143,0.0689903532460656,0.013455482054864557,0.09265262751601852,0.012145893038202713,-0.028025226399385702,-0.06930826912375608,-0.012532532251641068,0.020045749455479166,0.336060987049727,0.4724777672029542,0.47160011003910984,0.5385545738212796,0.514117736250124,-0.8380737354660825,0.2970906925483161,0.44741935151996226,0.0958407961598037
415,141,20,0.13072203037979938,0.6651916656966551,0.9932105721706019,0.7456625176984414,0.42888348314179536,Memory,5.552602568989748,14.120383797862996,0.05359765699348934,0.023273572503817886,5.231327442927677,0.6598824153750869,vigilant,0,0.6814645670901938,0.7318511076718918,1.1503529794565817,1.963963708892233,0.03100008564335406,0.03160779764850569,1.071955068189025,0.8813425866451571,0.8818125264267546,0.842590627301052,0.8577196208475752,0.9999998074294532,0.9988786462053304,0.9998506990940143,0.999566434246137,0.01825921398692474,0.03088406075747555,-0.11527272472117535,0.08106447664213157,0.007182223085760837,-0.07213585795982476,0.11025224726980955,-0.02923355341774807,-0.0008048474789458804,-0.14387904122009346,0.3071707709590561,0.4648536075547422,0.499224235600185,0.5288034587747229,0.5050278884589922,0.13090344671514537,0.22660039783482602,-0.8117185050844387,0.5221394601470738
416,141,20,0.12712308967666328,0.6357560283876624,0.999008748282012,0.7537902883528389,0.4646782394002433,Attention,6.328153801163072,15.016430459392273,0.08628998190464007,0.01821109296569861,5.172820752648337,0.6535195219212945,vigilant,1,0.654437651181973,0.75611597041421,1.1850651177734184,1.9379604108249542,0.02222935381259941,0.05253864609571173,0.9814492905399446,0.8853875531210706,0.8664728256587682,0.8487443056630339,0.8631030221113634,0.9997046213517609,0.9997812434575107,0.9998586705742107,0.9995964253441355,0.02694032057532698,0.03164521856917625,0.06322708932423564,-0.10772368896596447,0.0011456312340452168,0.015261559772326828,-0.09823215886989593,0.08996538217334892,-0.00877073183075465,-0.20192869346482284,0.36526408001094346,0.46706924700048613,0.5396366121487219,0.49752560512096167,0.4930587161634581,0.2112102405232365,0.22546340262745454,0.4175723752632437,-0.8545114392392764
417,141,20,0.12525529502067587,0.6805941316006494,0.9999852282919921,0.7553942518654584,0.5169060989170181,Memory,7.0657982904589565,15.92650453040477,0.13553418116674987,0.029959581153183097,4.98515363072577,0.6451411013144206,internal,1,0.6296714367806598,0.7768615589038883,1.171475226933052,1.9018629376368845,0.03885860598857744,0.04438600923772163,1.0163753033837204,0.8842207383586269,0.8418980466806516,0.8674492880270043,0.8699960330675489,0.9986826266162153,0.9995565674466959,0.999995011713219,0.9998311226099931,-0.02052187010210841,-0.08722702990834609,0.026481480749637458,0.11366328954112052,-0.04057341454853396,0.06621091711937951,0.03941452282108615,-0.05858928968365776,0.016629252175978028,-0.24359913386598783,0.3110904921625412,0.44161446780329117,0.5448449522281287,0.48174646266568655,0.5253960083290186,-0.1499125036491085,-0.6748086563503507,0.1788148265491605,0.700131970681588
418,141,20,0.1248257869296357,0.5931806922889298,0.9999930751737528,0.7565469835504343,0.4165032086977478,Attention,7.802454243859875,16.845853903672708,0.19661212605201256,0.04798216311378017,4.8904787759941195,0.667777205830313,threat-lock,1,0.6253037741192207,0.780381438831203,1.1780769345883844,1.93606455364808,0.022606994070056178,0.017360536419281578,0.9993328889659596,0.8972049141230062,0.8385368042576264,0.8763106418774395,0.8508578194453447,0.997332308428913,0.9990041492744942,0.99952356578654,0.9982436208979131,0.10377192232705615,-0.0733708333525464,0.0338985685119494,-0.040022368463982584,-0.09544039661408626,0.05639226466796968,-0.04588588596200992,0.0832637229557061,-0.01625161191852126,-0.2604108389495804,0.31939497311785664,0.4423040397756642,0.5519970888504138,0.48836319367366354,0.5110457135758659,0.7624795587796955,-0.5228930996364,0.22656974468863203,-0.306388445584175
419,141,20,0.12369022590064398,0.6602101807402184,0.9996014009780777,0.757678274574344,0.3535734843620889,Planning,8.511755375836525,17.779375522212842,0.245518051841356,0.0736729361863423,4.9301791620419815,0.6577319995031061,threat-lock,1,0.60498848758945,0.7962342179812607,1.1724208749869436,1.9753236517733688,0.03252267280877105,0.03601643301241844,1.0139249952750646,0.8968651696245038,0.8338460336338109,0.872640467944865,0.8595535314409096,0.996987320567328,0.9989871689125068,0.9998713675469951,0.9988179469224212,-0.027167544479923676,-0.10305925030231151,0.053752251201191786,0.07919779071482978,-0.03796954531627582,0.10626708710091858,0.010597273884187533,-0.04909538999384564,0.009915678738714875,-0.28973022145821264,0.33435899379284845,0.42482339721897333,0.5591163012251184,0.5133841372452828,0.49330594006673023,-0.2117532528686881,-0.6989939258776504,0.41074332607684366,0.5457636590769039
420,141,20,0.1266741044357662,0.6410830959008532,0.9993791779220974,0.7513419276776028,0.35131191727994626,Planning,9.23663984785114,18.66845998627629,0.2475060901043928,0.10628834810682604,5.080304823471696,0.6453141580467111,exploration,2,0.6319062054256793,0.7750448680847576,1.1471393472490132,1.9632382392162628,0.026144793187705982,0.04238121885684044,1.0805623299756202,0.9052762437874573,0.8290892325029242,0.8581589143939431,0.8698558757794268,0.9954811438628343,0.9994770055223615,0.99989921141833,0.9988268471640394,-0.02630480219183371,0.047054210895464875,-0.09415566936981193,0.08362835390632598,0.04170155634842411,-0.07826470096354722,0.11041255080292571,-0.05792670624024184,-0.00637787962106507,-0.3887455574463198,0.35200985600554646,0.42920180894940263,0.5264241062086757,0.518533846186963,0.5194093741511501,-0.21357482456484875,0.2956415826671094,-0.716564341657951,0.5945732866304102
421,141,20,0.1333743666088974,0.668828745407234,0.9860803808069224,0.7383379006475002,0.2536637186079571,Planning,10.004113135568794,19.461113721418673,0.19655991928682334,0.13447900077434435,5.111203077121778,0.663586561905805,vigilant,3,0.6956034826777121,0.7184259146819789,1.1033200764942679,1.9566462363731238,0.0304048498085987,0.079786992485217,1.2025509631197193,0.9032086157197478,0.8502221208955398,0.855057100421465,0.8545255389093671,0.9976341575764612,0.9999844358277643,0.9999998083626737,0.9979635752415087,0.12343651366462828,-0.05235529726405193,-0.03923248686665479,-0.015597311690749923,-0.08258201031091324,0.005905329432660007,0.013015996294752719,0.07781411654892759,0.004260056620892717,-0.34426133594618713,0.332546255671772,0.44475626786051586,0.45934851751781236,0.528553274140866,0.5584104386995747,0.8895320404881519,-0.35058581119133664,-0.27241078992775947,-0.10777151510130853
422,107,20,0.14161298846313247,0.6871867313935407,0.952245417297607,0.7261840796827115,0.31572045157237216,Attention,10.873317812348525,0.1385420486548945,0.1332819714924856,0.17042766330361542,5.1713196448451955,0.6908873070897024,vigilant,3,0.788744860583228,0.6147207047949046,1.102009940371603,1.8851297832463743,0.021060528082497868,0.08952228556263203,1.206344720396766,0.8956516388880011,0.8882561202909419,0.8489001300552363,0.8295648110395745,0.9999467651444451,0.9988019577386102,0.999777112587272,0.9967654511449896,0.12655151599719636,-0.003216224036829972,-0.04714496851831907,-0.05352126779030801,-0.06672913627607052,-0.022015595837661935,-0.00479513599944069,0.09193134054393172,-0.009344321726100831,-0.38914248093090587,0.35441794121763465,0.5033697568604001,0.3923091321075097,0.5356183689845982,0.5530148059054594,0.8713039913491646,-0.024571112318401464,-0.3159033070430908,-0.3747408647288018
423,128,20,0.1447649196964228,0.6854185432080331,0.9358703855094126,0.7207851972292953,0.2850525515398661,Memory,11.768494365805248,0.7627175532563787,0.08189853381279806,0.22405139561595724,5.213710213907589,0.6871103641338215,vigilant,3,0.8202844231165358,0.5719558245112747,1.0913001981137795,2.005340193017375,0.052070714461996376,0.03782854147671016,1.2377122951110913,0.8640711098115351,0.9198334315445815,0.8444601571825817,0.8331714219373775,0.9969116152856331,0.9948523664883591,0.9999243381317423,0.9993836523217755,-0.07555072868662806,0.045523225133082976,-0.05630405555836019,0.11572640825577118,0.06545480778640031,-0.05298059201808598,0.08300236156891144,-0.07280071201909534,0.031010186379498508,-0.3656687732375694,0.37997798740162664,0.5155116220091895,0.3594483407245221,0.5325544176447194,0.5669483487691633,-0.5655939431329493,0.3354968890546432,-0.38361844855880045,0.6483688879421323
424,162,20,0.14338750304791653,0.7191229726264474,0.9432068284552558,0.7280760294447216,0.39740822587175023,Motor Control,12.727459347627416,1.4125305467562117,0.04900153296907763,0.2402870089569306,5.195326505868317,0.6968638441384143,vigilant,2,0.8278418989807449,0.5609614873518094,1.158391454941897,1.9590108538525364,0.04158501574528543,0.08168806040344756,1.050605130229744,0.8568825837060255,0.9331649842157996,0.8463957623801849,0.8237533389308225,0.9938924116189778,0.9924802984276359,0.9997042206268185,0.9993383468794008,-0.023829095888250933,0.12876509382569554,-0.02978863398945599,-0.034702230685472873,0.08607850711212452,-0.08778159908714461,-0.0029637942275988235,0.0058067686853885934,-0.01048569871671095,-0.2607033074089623,0.3340051601408091,0.5707529292998818,0.38675308959919014,0.4979939306574622,0.525989701810566,-0.16452927517651053,0.932269274930932,-0.20832977898940144,-0.24576985131596926
425,141,20,0.141631998984236,0.6445969223490869,0.9521512568444755,0.7309124557849869,0.2555055310321699,Motor Control,13.668783209698969,2.0834308568219497,0.028058065478959178,0.2064077714464356,4.987963583944773,0.6681927912673962,threat-lock,1,0.814336095570489,0.5803935935647563,1.1559402403894445,1.9814049314961821,0.028164379403277127,0.035457189554259604,1.0570887622198273,0.8211218467321806,0.9221833031963461,0.8671805118132596,0.850490933553264,0.9914998886316242,0.9969015686197846,0.9998040399953054,0.9994989378245149,-0.11289444366697104,0.057183884746685426,0.007959256895075036,0.06649624374860752,0.08369422511466817,-0.030909854647972492,0.03652858132306626,-0.07989351410988171,-0.0134206363420083,-0.281496875565393,0.2776212658610543,0.5596267489485064,0.3988571569453049,0.47619471038583455,0.5486068246173137,-0.7707961426013069,0.4209188453226106,0.054725300299899485,0.4750850173498547
426,141,20,0.14077770263211026,0.588152137473065,0.9563216887224482,0.7317517051669692,0.2218015256451719,Planning,14.592822978980028,2.768976483616818,0.020922778382126465,0.15095528418864818,4.857168262315007,0.6840247772321195,threat-lock,1,0.8031114476696066,0.5958288366821706,1.1505747701173359,1.868902608603117,0.0419074816863827,0.014745887962260238,1.0713625759018728,0.8287447710834095,0.9170130670671904,0.8793398622066553,0.8360804662018557,0.9935172715585322,0.9985036060796723,0.9986882610724088,0.9999696398554573,-0.03596499349048731,0.11935419931398027,0.030810786855996284,-0.0672505588878133,0.07840352026238524,-0.046868857755800485,-0.0569770302661884,0.02040041565431039,0.01374310228310557,-0.284738002454347,0.31550985747549104,0.5479956274665597,0.4065582655654543,0.47818220766138103,0.5529492971830839,-0.24877131131318722,0.7836642421276666,0.23382829174787087,-0.5189484755312996
427,141,20,0.13831818459162973,0.5594998777181216,0.9675734171430431,0.7371340545865723,0.37719319265609563,Motor Control,15.515741707765809,3.4979224584876296,0.02657878860542285,0.10032756144177653,4.869093245968286,0.6870645080281588,threat-lock,1,0.7847479646971824,0.6198149981273685,1.1760702420450582,2.020567656517964,0.026889147703610575,0.04262369214341832,1.0044976495172386,0.8364811930174636,0.913624853752798,0.8782606513462882,0.8332148994287449,0.9949862994680855,0.9987166792479351,0.998601492641749,0.9999938652701447,0.058570955700383925,0.08732617481990486,-0.06212652833668759,-0.06504907576043888,0.02194127268483144,-0.08195600156120053,0.0027544631373340946,0.06542788701948322,-0.015018333982772122,-0.3009299657707367,0.3234349174661942,0.5536541299153719,0.4372908869271492,0.4771615095258422,0.5239853609275116,0.36833189445294295,0.6648748614429292,-0.4766131511385746,-0.44171590226265334
428,141,20,0.1372171596152795,0.5489787642384655,0.9722076257459157,0.7369765403109229,0.29398492446777563,Memory,16.394432901239743,4.246715078490292,0.03550057793370161,0.06271934856017233,4.862969057155054,0.6667897526492581,threat-lock,0,0.7611243898388305,0.6486059382957174,1.1544646383753372,1.9921758520952026,0.03128168302449598,0.038353637858021414,1.0610030295233586,0.832746719175381,0.89932011897112,0.8788156173359857,0.8517272662318498,0.996609149920487,0.999602504354056,0.9994517314248016,0.9997799168139809,0.02319780164498115,0.019471716625793157,-0.11887247359824744,0.07271441664484393,0.000992187874165416,-0.062333333846759965,0.12273686982118803,-0.026625502141468308,0.0043925353208854045,-0.3611411699202302,0.4155784447049362,0.5220376704894566,0.44486385880397694,0.4953416455480038,0.533112982309383,0.15279994167017186,0.16636108253181797,-0.8507923715153293,0.4744770896637216
429,141,20,0.1366189202833402,0.5503226679272285,0.9746109985061788,0.7362822568435451,0.32916980525004846,Memory,17.24228922929771,5.005447002476252,0.04434167056678151,0.05046078556035035,4.972049873288023,0.673179087616568,threat-lock,0,0.7451873155477304,0.6668552052333152,1.137776113962401,1.938318421555315,0.021385706094197415,0.03467522492554958,1.105885691946992,0.8529224262145745,0.8955982040916353,0.8686982498421313,0.8460440546504064,0.9985099405290926,0.9993627952336596,0.9996432678937838,0.9999693338962045,-0.0050129018814443265,-0.11089573614308658,0.05781208576776459,0.058273625901301265,-0.049847578180595806,0.1072699890891949,-0.003921707827445996,-0.03229207063149062,-0.009895976930298565,-0.43163512016567795,0.29373178066635286,0.4998012743989799,0.4472634926296678,0.5212707701780781,0.5276654417609085,-0.03896077646981408,-0.8385611995498102,0.4085964850635153,0.3582542182587569
430,141,20,0.13723752759615143,0.5822681962992079,0.972124344682381,0.7348698745069224,0.31344138164348695,Attention,18.089269836480806,5.752482661946428,0.05092858195914971,0.07999024317750926,5.127624621068469,0.6693658092326359,vigilant,1,0.7499697011113248,0.6614721818905087,1.1293531004359458,1.8812114338730277,0.023642431633570715,0.01792878961547798,1.1289926340710672,0.8661401047829144,0.8944022384587382,0.8533913397285782,0.8494522800033582,0.9993097071057495,0.9986297919550408,0.9999897769913775,0.9998058781987879,-0.004625441656350301,0.04694822109748853,0.07899863335779433,-0.10691200388343992,0.027978047184954363,0.016160711557527668,-0.09450698016304732,0.05960124413864339,0.0022567255393733006,-0.23919850044008165,0.3979831007780164,0.49726611521687664,0.4385879879217931,0.516074044158631,0.5422495260067202,-0.034331436000729014,0.3353818261123912,0.5316543423932654,-0.7769710698797159
431,120,20,0.14006437599909088,0.6276368433720549,0.9597047069033081,0.7299321961025629,0.1852570248520984,Memory,18.36593141998354,6.724486622830755,0.0524428994340001,0.11952524651172294,5.096444264951786,0.6795746682047041,vigilant,1,0.27375691969520843,0.9617989129329432,1.0106103758427678,1.9496916796103345,0.03601983716453973,0.36986155042157554,1.4984378538869063,0.867598066913403,0.8986882512883448,0.856543971795584,0.8402174990233596,0.9991388485361488,0.9984978495141552,0.9998286963616111,0.9994939951578607,-0.02903892125028522,0.06545427194721029,-0.08707403666877772,0.07473306026595093,0.06079574215314371,-0.08842970403358616,0.09166026716994047,-0.052080842419056576,0.012377405530969013,-0.21951030561750026,2.376854369178258,0.15196255965877237,0.5338949051919544,0.5749315236981166,0.6010967756778577,-0.21337863320543832,0.5083903812771394,-0.7012791676204162,0.45190298536066353
432,141,20,0.12260995488319404,0.6181386084464328,0.9986498837704297,0.746964284045278,0.09259859207769705,Planning,18.886455343030097,7.607161249414136,0.0652828040937268,0.19244493616183395,5.4495891421886995,0.7207677429745003,vigilant,1,0.5079649058429547,0.8613777652296106,1.024724182830623,2.0304994630102042,0.047329603789886966,0.14594429755482577,1.4492534847063598,0.9883862504102859,0.8455508408778474,0.8182015255713464,0.7991762377869992,0.9628415447305164,0.999578910318715,0.9998288302442432,0.9482295217842872,0.08210407195409157,0.08293014522960138,-0.043085350172136876,-0.04864183983354555,-0.01390241876671066,-0.06692363727380334,-0.007027377413729479,0.06187601006611996,0.011309766625347238,-0.07928963644666197,0.3645545616511505,0.2884890551903402,0.4892032004468515,0.5855308566898401,0.5784530141439937,0.6837466645440334,0.5493635539069486,-0.29287351050125593,-0.38067741095356195
433,107,20,0.1316334263893456,0.6226646800316611,0.9910113811549408,0.7345243390592879,-0.0008990664181771496,Memory,19.54354508479486,8.39535322538589,0.06584593344479599,0.2791851425630701,5.51318514013904,0.7049171099007956,vigilant,2,0.6403356975451642,0.7680951727809178,1.0261644701112684,2.1085489675302234,0.034187701138156765,0.09922499846734968,1.444330101844415,0.9574831922132567,0.8721698366065098,0.8106501150355965,0.8157157003121002,0.9898772224594914,0.9976775487243247,0.9999874759575477,0.9787545404304299,0.09032725771806896,-0.04536731181686387,-0.065433218906034,0.06537151125677176,-0.09168214003338097,-0.007553602289413052,0.07178574450984034,0.016739460699167614,-0.013141902651730202,-0.06744695665453758,0.7173559607012165,0.36450496613336103,0.4372308244176241,0.5584309785147483,0.6034236969814518,0.6953962851794107,-0.36554192064019303,-0.45326122208728153,0.4211381903429074
434,107,20,0.13581734836124237,0.6698550928158338,0.9776976393689487,0.7321895670657425,0.12123967980501074,Attention,0.3052306296848215,9.14522811720958,0.05582362281105791,0.32848519041761015,5.35058587108849,0.7223965878870162,vigilant,1,0.712610042737437,0.7015603516375112,1.0688672614884918,2.1052868847646002,0.013839964293946717,0.07650983602318055,1.3056091044991944,0.9312014427646181,0.8993493216519176,0.8295509845683467,0.7974207387816146,0.9986768620106903,0.9963208625621193,0.9994937856846559,0.9856261560318705,0.09201934322479603,0.031324490553507785,0.0015137388957205827,-0.09802173947796301,-0.038244603567224256,-0.01896971052138518,-0.05192119729108974,0.09613964247758448,-0.020347736844210047,-0.07842380021530228,0.35552294553074787,0.4333104798136241,0.4265915919715321,0.5288461951126657,0.5921007715401708,0.7206713554718933,0.2691979928163793,0.009106740591703019,-0.6388132006633331
435,141,20,0.1380221213617679,0.7392150370356824,0.9688455876859348,0.7315687765060873,0.1587195581054588,Attention,1.1302470742579418,9.874358247436241,0.041525282382481064,0.2924969784731498,5.173077170675994,0.7144705400781195,vigilant,1,0.7493084307581196,0.6622211681868863,1.1010371840316844,1.8750558083289741,0.053279580200388865,0.05206369260533828,1.2091675443444527,0.9012447083498821,0.9044443653535128,0.8487176776299018,0.8058639273041841,0.9999887140726295,0.997382573521148,0.9989992138337639,0.9936764168352615,0.08903295160573048,0.017553048760295568,0.0367847492149917,-0.09753069547269877,-0.0348378614323213,0.006590792232013572,-0.07481998661340457,0.11050658190578219,0.03943961590644215,-0.24807948048763084,0.5192271001712665,0.47753915660897495,0.42203787541082466,0.5234161533598296,0.5655757208604248,0.6090760625786574,0.13798209819044935,0.22650355941014694,-0.7474512881433643
436,141,20,0.13826549301424584,0.7258955274369984,0.9678011990541447,0.7358163964065443,0.26167806980123776,Memory,2.0281693495577073,10.607147062844618,0.029701565265912513,0.2087988812742847,5.140496920158977,0.6959030046022974,vigilant,1,0.7747495156184209,0.6322682880305023,1.1589839776576376,2.0056461459451826,0.029256643910036424,0.07514228908722552,1.049041316039554,0.8786104650779647,0.9065781974857742,0.8520771824916755,0.8246963668987365,0.9992296051768478,0.9974273017504965,0.9995555439375581,0.9980605099891985,0.1117475861805748,-0.029639641891535354,0.019645320174921217,-0.09752806443842585,-0.06419093167631322,0.0279803480996523,-0.048597493730096426,0.10983952119125896,-0.02402293629035244,-0.2582313829250473,0.3812175127381437,0.5345658809567246,0.43625590926925045,0.49210374802730106,0.5308050317425449,0.7593791537465744,-0.22707305558940835,0.13320842122900983,-0.5950097854607945
437,141,20,0.13547524967331215,0.7341355837885292,0.9789666137301546,0.742313388405173,0.3926598303942893,Attention,2.9312024410566018,11.385311513858953,0.03373789743941552,0.13044099499197556,4.952622488163806,0.6715635222197813,threat-lock,1,0.7575395302618403,0.6527892922610407,1.1920606851853195,1.9364502654131717,0.028572634923162085,0.04837524699765749,0.9636994879013364,0.8451268030313924,0.8998226368687803,0.8705365565755566,0.8474939602392613,0.9975808612021186,0.9992199504722866,0.9996254825205382,0.9999964639969746,-0.059032441283874595,0.06068930289146192,0.0926533009070005,-0.07059475176772383,0.06729530398557242,0.012327354409430846,-0.08207911586113906,0.007313681642433906,-0.000684008986874339,-0.22299254168142263,0.3326382403985207,0.5454702539946893,0.4700443037362905,0.4814427618044736,0.4997333305265984,-0.4145508060250176,0.44672875335658435,0.6058748611423667,-0.5113674831118988
438,141,20,0.1360205787832508,0.7238006615048087,0.9769299081273867,0.7398875078615713,0.37178935329449714,Motor Control,3.8140589520482617,12.158222945325782,0.03422547790962094,0.07722385016288692,4.888656570826841,0.6498133313686189,internal,0,0.7524026679310889,0.6587034425977895,1.1733830150008442,1.9363748517938135,0.039413185835765654,0.028756408634655714,1.0114351147857037,0.8381301784666494,0.882642820231646,0.876477531070016,0.8661793078609058,0.9985767186135079,0.9999675182602356,0.9999163602744807,0.9994768966288912,-0.09364178570385998,-0.01483330784799828,-0.009817690757835713,0.11742401543465883,0.035796167359399424,0.0033639912682843346,0.07411378098536871,-0.07299198490225167,0.01084055091260357,-0.2438737801268081,0.3692868006011765,0.5289958580174768,0.46311823129792173,0.5038753904654264,0.5017912483535001,-0.5820256497175053,-0.11037196091082155,-0.06623292908739788,0.8029180359290229
439,141,20,0.1335997556919691,0.6893163967694955,0.9853757308426472,0.7429379547587084,0.3432962093860388,Motor Control,4.658002077743003,12.96681331711072,0.031217753760769008,0.04501070023456438,5.023252342792558,0.65125387384745,vigilant,0,0.7220687481663296,0.6918213085194107,1.1687850053584339,1.9025735871157117,0.037199031471839984,0.03457919672298184,1.023363083855124,0.8486244025503299,0.8862965076937468,0.8637763517287116,0.8649887502391008,0.9989144453382895,0.9995846272185694,0.9999989140873029,0.9998149601796897,0.06452632864690648,0.08991183181023212,-0.06227782903981164,-0.06814350791911701,0.016321982000183935,-0.06991371246965476,-0.005741008951458819,0.0725149473945597,-0.0022141543639256703,-0.23037536639444323,0.3410207294512013,0.5046505694801903,0.4835107712519762,0.5159320236426632,0.49533752511544915,0.39208713739652756,0.6083347519137335,-0.44839835601903005,-0.5245335266898425
440,141,20,0.130903751263921,0.653185689764986,0.9927940487184186,0.7472396294320575,0.3969033399060895,Memory,5.470968150197964,13.813383425429675,0.045487416045367025,0.026133172407594798,5.095592141855979,0.6467362675808144,exploration,0,0.6926465522384165,0.7212771684118628,1.1737098377631558,1.9213564664602034,0.03587095395754339,0.030518001632533685,1.0105900656437927,0.8633236922673315,0.8753384085071727,0.8566295241564476,0.8687005993468238,0.9998882709887973,0.9997371810562007,0.9998939610333513,0.9999783165656457,-0.04110372318480584,-0.055162877886216974,-0.013414676707969218,0.13232943140896267,-0.005002440141772694,0.02489471662546219,0.08219369688990265,-0.08886317304601943,-0.0013280775142965953,-0.24278977558987003,0.40543997591868486,0.48718859232690404,0.5073265826856461,0.5170886690298212,0.48773589407462853,-0.3388890024740303,-0.4155151178403981,-0.08536590040487736,0.8397702625696514
441,141,20,0.13131683124483284,0.675991094615071,0.9918062786565374,0.7465135721364847,0.6337366270122078,Planning,6.289204303086769,14.655424035914024,0.07377291533896924,0.015543831337640994,5.102532014178927,0.6414151258522399,exploration,0,0.6968969095226638,0.7171713167003825,1.1741136195441748,1.9344122639340842,0.014732230436218558,0.014686518669004282,1.0095465304543758,0.8732967827489456,0.8617538705182,0.8559318331582028,0.8729912329878697,0.9998986101941038,0.9999761751332635,0.9997845804435069,0.999999925115195,-0.08666541892310524,0.05017082022657667,-0.04439672047656074,0.08740911556446065,0.06866495865181009,-0.04971046634455793,0.07471019248272145,-0.08545025074512642,-0.02113872352132483,-0.23995946368743043,0.4156133403608561,0.4904339900724895,0.5047018943674497,0.5263774425858668,0.4771553909797375,-0.6365010165923836,0.31575724242708586,-0.3072298090468204,0.633066871795357
442,141,20,0.13132075697055662,0.629751831697468,0.9917966215659993,0.7469793832742336,0.5235194628225374,Memory,7.113431543647754,15.498200852407972,0.11337033592352838,0.024985857745828153,5.158264655515201,0.6340087736858162,exploration,1,0.6991951692292818,0.7149308465344295,1.1788228478030323,1.8813138833632654,0.05377646099084738,0.010630879744226286,0.9974164795328287,0.8714783397028606,0.863293688571639,0.8502510114051697,0.8788189394326944,0.999949105430611,0.9998825357510838,0.9993941138477924,0.9999559187290726,-0.004651911965470244,0.0038004499057275798,-0.09053115753302815,0.11007131219728855,0.004719136201043789,-0.048562031040343887,0.13377842465229486,-0.054847761426665115,0.03904423055462882,-0.27518900614845804,0.32609181100976625,0.49504470260842937,0.506185888981979,0.517524924918612,0.48049403773995175,-0.03310484870072495,0.02827310912384884,-0.668926725910764,0.7420523806681567
443,141,20,0.12764735583108294,0.6492273969576514,0.9984718020320807,0.7533705013963841,0.3344047055574239,Planning,7.900098550606876,16.392035058621108,0.15925069226750632,0.038720183676473514,5.1051495495116725,0.6363458264179662,exploration,1,0.6606718666208574,0.7506748195162216,1.1907075913231986,1.9336986471650706,0.019952109949000048,0.040564782370794666,0.9671211722208328,0.8688675028553795,0.8624243970756196,0.8556681288511094,0.876997990350635,0.9999689680094346,0.9999678560487473,0.9996571195583354,0.9999470681360216,-0.040188293766060104,0.07711366781374282,-0.09973319401338482,0.06487239134888495,0.05902392296332915,-0.08030239240625059,0.09292043967284308,-0.05375443166410445,-0.033824351041847334,-0.48198680624488033,0.28463453334039884,0.47490750937343607,0.5396038894605895,0.5104056006426535,0.4719921639741841,-0.28471959184981716,0.5094725921413056,-0.6622395114378062,0.4699055877134344
444,141,20,0.12646297096713427,0.5606152064282338,0.9995242764301621,0.7538683836524515,0.22038356331066167,Motor Control,8.652619035816334,17.29499335316546,0.19921505544144943,0.058433257378819374,5.062433603855921,0.6303945147819288,exploration,1,0.6402121343635119,0.7681981664998404,1.1754236522830055,1.923962689244181,0.03165037713423349,0.027759310228183114,1.006164685401375,0.8800357112243424,0.8419190202482421,0.8599337867664674,0.8816027408598445,0.9989530465241869,0.9997868422601525,0.9996310338954584,0.9999978751880009,0.02896368721599165,0.014570378320562124,-0.10347419052726275,0.07684674186084009,-0.007445887139618301,-0.0647946281810055,0.11324840703831902,-0.026264131453592843,0.011698267185233445,-0.4734366841002652,0.3209988278623913,0.4513051195127751,0.5415263890403769,0.5184331509091059,0.48404535646313596,0.19132914587240474,0.10321596652326467,-0.8018413601244404,0.5565878685240918
445,141,20,0.12662772931347321,0.5900032561725758,0.9994126568659197,0.7517070695797314,0.14910007931827066,Memory,9.38096311521634,18.186277838743106,0.20666406769242418,0.08262829046248836,5.110598905454635,0.6388317495241951,exploration,2,0.6327751971484832,0.7743355537967362,1.1510313341644747,1.9351258009203705,0.04502842393137778,0.03701599270937242,1.0701435309356093,0.8923697019891249,0.8406837479742635,0.8551181571357047,0.8750429064912316,0.9979629558160049,0.9998666666966017,0.9997043261808692,0.9997319832992732,0.009856024581980118,0.06803333984353013,-0.0995012957348458,0.05349505337878824,0.03215386421666874,-0.08058735776695346,0.08206647068069702,-0.020487675268487195,0.013378046797144286,-0.4352280375123805,0.3234393723148301,0.4320309095823761,0.5286820582354091,0.5204147890564481,0.5128479324295935,0.07046370666228007,0.4438221405745742,-0.8310147360545458,0.3278281288105229
446,141,20,0.1337671940325107,0.5945846445142217,0.984842831377756,0.737554426216339,0.15905219748843943,Planning,10.15316380847976,18.974082841580216,0.17573931806790918,0.10561348689700689,5.122488734338688,0.6589935527007154,vigilant,3,0.6999987676375474,0.7141440508090191,1.103145789626957,1.9601493580515938,0.014847919677076346,0.08323000266061886,1.2030551109498235,0.9018587968371318,0.8488199312634213,0.853913603308238,0.8584794656499267,0.9976619054763055,0.9999829129187546,0.9999856855674593,0.9983658168946612,0.005981519778114094,0.1081267398983974,-0.0938762923781925,-0.020019161160620472,0.05619301835483358,-0.10065679605532143,0.042513357778570085,0.016585533461295588,-0.03018050425430143,-0.46297359391255744,0.9731662439923353,0.4474556238258182,0.45649762046681946,0.5467060415548518,0.5408381193507963,0.051876809926787906,0.7406110295253344,-0.654479079548638,-0.14304276972434468
447,107,20,0.13825321958049125,0.6397137459178968,0.9678541715794051,0.728024212110935,0.28386993613853073,Attention,10.938566134847589,19.689624137681967,0.12535289781901027,0.1333984438680281,5.280236249329111,0.6785866835455574,vigilant,3,0.7392185891834313,0.6734655725467023,1.0624764282989876,2.004046267238119,0.026210332084295962,0.06417568803963856,1.3255372672317436,0.894306133660313,0.8897246306248223,0.8373246073954141,0.8411266984272832,0.9999795603648879,0.997963536558841,0.9999913918350292,0.9978175457855829,0.030434017918554747,-0.11621499312171794,0.06345290652697175,0.0230086233147274,-0.07260262172098758,0.11209255337655635,-0.01893236455701607,0.004972210347207319,0.011362412407219616,-0.4257133024536277,0.34646826601756375,0.44519535517677833,0.4055955155300654,0.5487670825168862,0.579782754708701,0.22341085507350308,-0.875836649663558,0.4009506378431477,0.14911853994260152
448,107,20,0.14219898688303334,0.6871672078931824,0.949315532488865,0.7254095910361325,0.33087229741425755,Memory,11.813035868885315,0.355217578630473,0.08264163158487527,0.1789894625312249,5.292602495101317,0.7058479282960907,vigilant,3,0.7957251817639267,0.605657853170225,1.098959482593278,2.056822013045231,0.026165818308881802,0.07117450946381931,1.2152141046291582,0.8954334658505897,0.9140526650537565,0.8359752885840791,0.8147711032061044,0.9996078862905676,0.9948622774024031,0.999759478089418,0.9954612577908227,0.10116740370118589,0.05011914201664977,-0.040455788516805,-0.0838269202169079,-0.022400075142001805,-0.050916353629196526,-0.019705843103611186,0.09218425319956855,-4.451377541415946e-05,-0.4100605987629128,0.33427181522042976,0.5056178739383238,0.3848457269821963,0.5183203889085918,0.5723532881187516,0.6890142745629868,0.3925480604424144,-0.27445127767386795,-0.543913454397408
449,162,20,0.14323095881286416,0.6200591998304466,0.9440236486613813,0.7250544688403601,0.23104945684728365,Memory,12.721148195000199,1.010028615439004,0.05056681340829667,0.20123622817069114,5.109922333451551,0.7006473016831261,vigilant,2,0.8111232391804548,0.5848752780391787,1.119573798714514,2.007596788412535,0.01570816607811459,0.0432720767968182,1.1562312205834329,0.8627575328221557,0.9229809117536386,0.8551865112762316,0.8200071384007805,0.9963468493019647,0.9955361656583209,0.9992698448728843,0.9988859755760662,0.01972613107558265,-0.0928937682890298,0.07650218371163423,0.00019750510247245804,-0.0712286607167033,0.11429922250556775,-0.040609267693296,0.00971482038188658,-0.010457652230767212,-0.38584402238175664,0.3563188562595633,0.53060275494791,0.3826008414480539,0.5303867110532873,0.5392283647066035,0.1352992572575052,-0.8546879440109274,0.501199556114602,0.0012783968346851836
450,141,20,0.14184818206266808,0.6174083849454833,0.9510762578474103,0.7288374916654426,0.2971185012077594,Memory,13.63746937577223,1.6889242834200737,0.029967667021763185,0.185338089243298,5.182320266319723,0.6774598552946225,vigilant,1,0.8034987919566902,0.595306384414059,1.1404138872948342,1.982957093265564,0.06355921185223137,0.027030292971983977,1.098713943388832,0.8476206172641312,0.9239137368800951,0.8477558204531536,0.8421595839749331,0.9945087815505488,0.994524845418212,0.9999804560987957,0.9999813995407121,-0.0452880731294045,0.1019781003223822,-0.06724094883475316,0.0415042999689302,0.09152673599705452,-0.08144442014781605,0.06948146066105663,-0.046957942985218465,0.04785104577411678,-0.4264467930278234,0.3346648435787724,0.5408378763539602,0.4007028311049512,0.5158122408358793,0.5299710792585336,-0.34624577067941126,0.7548839864032536,-0.48199602636242456,0.27918428309879095
451,141,20,0.14039914211292365,0.5550069810368448,0.9581286336891958,0.7336975966799698,0.4193641636698883,Motor Control,14.57969678869506,2.3874434320929048,0.019114364202505348,0.14467460637672155,5.094873445015276,0.6709797554809735,vigilant,1,0.8033235027579085,0.5955429035063423,1.1729115476990855,1.8558532021078966,0.026377839311555008,0.04268072902920499,1.0126548076940514,0.8411268546724499,0.9162080756757222,0.8567016557022258,0.8480157130221627,0.9950784312556282,0.9966819511575418,0.9999498805666491,0.9999704777438494,0.04933958689071026,0.06865174907318419,0.019148232178816005,-0.10625692500093299,0.010215084992871099,-0.028433229443451394,-0.07107484678112266,0.0847881874014805,-0.03718137254067637,-0.49214790166117367,0.2692520207151956,0.5644527380178778,0.41845635206390375,0.4871993071762099,0.5185790229557878,0.3178347887972794,0.47176151455451254,0.1339967639101826,-0.811459788083809
452,141,20,0.139330971346327,0.6382753490813902,0.9630834171486568,0.7350592713690143,0.5394983241636424,Attention,15.505126431478297,3.099666582924554,0.021987122885973872,0.09923736301660335,4.923195843057259,0.6630053160690514,threat-lock,1,0.7924773855030035,0.6099012981346441,1.1677678880336075,1.9621976601552558,0.03132556282823697,0.020834290159794173,1.0260116622780935,0.825465383994015,0.9082369062725197,0.8732908051388487,0.8550297021578123,0.994656989836724,0.9988179028301208,0.9997537980467741,0.9994737620929118,-0.1090697688427256,-0.009385789123597131,0.06831308700181797,0.06288216635240033,0.04714729186437615,0.04767616307966211,-0.0011981730966665325,-0.07503941440703035,0.004947723516681966,-0.5284681152860466,0.3004702680102486,0.5531260805291236,0.42569330143435574,0.47908537118063954,0.5322724295643466,-0.761634769623363,-0.06733240028690148,0.4628115398331941,0.44853573343670067
453,141,20,0.13532629288413378,0.6036414963737268,0.979509860480395,0.7413491721233237,0.48848674375876167,Memory,16.38603423471155,3.8790480838630694,0.02926716737185602,0.06373545500465495,4.874512227083837,0.6725907006950427,threat-lock,0,0.7489472349881819,0.6626296395450154,1.176194746545998,2.0014265473185,0.013582253888969597,0.05264156911047782,1.004176813407221,0.8330975530632004,0.9048675093569462,0.8777683080007684,0.8465731244610433,0.9959319470946348,0.9992870675714755,0.9992925339368632,0.9998912753976659,0.11231503178069574,0.005559880030247381,-0.046533548926574846,-0.07960833616422885,-0.051762677651951486,-0.028614315045728842,-0.015456582358893045,0.11768280222540353,-0.01774330893926738,-0.4684097493052104,0.5604432594323261,0.5284808265799799,0.46757240465500843,0.4877465818108764,0.5139915507820164,0.7731408619823426,0.04572321199533857,-0.3420333741679536,-0.5321426184523416
454,141,20,0.1327539251048322,0.6037351068430236,0.9879433771516961,0.7442941226788173,0.4217933458676949,Attention,17.224611874002044,4.702312603733737,0.03744869020253389,0.04221074443719441,4.926479490865258,0.6597940855474115,threat-lock,0,0.7135921543264171,0.7005613729601303,1.175149746541222,1.9260261546869837,0.046715147582207746,0.0740948979789724,1.0068712924548573,0.8489452340120573,0.8839547737485653,0.8729852617164362,0.8577952438905344,0.9990721105266668,0.9998982454649933,0.999827785568577,0.9999475138432645,0.027852572693046085,0.07490968814981266,0.02042209524548581,-0.10828653731794922,0.027010169924878667,-0.025526683960547816,-0.06471670799633522,0.0950505508438168,0.03313289369323815,-0.4496751201567566,0.48110190695075755,0.5028552523272061,0.49367270062419577,0.5330870182989564,0.4682329236473153,0.19374186837434978,0.5298680855431874,0.13966804434722122,-0.8137547159616564
455,141,20,0.1315691329130324,0.5845713236460104,0.9911754313912889,0.7480112046710854,0.4560879453919002,Attention,18.076321167563275,5.5493398517641666,0.04500633548648925,0.06876464909678312,5.198522109793739,0.6277630465531207,exploration,0,0.7090530106590984,0.7051551801378676,1.2011926904725057,1.9461004316533066,0.019503021654943047,0.03715130270860991,0.9407444890339046,0.8643706323967073,0.8696477791522039,0.846060414649999,0.8836050728849557,0.9999789199634498,0.9996115524370365,0.9989479331583799,0.9997002786667631,-0.03296138614028243,0.12293123950692747,-0.04782357651910931,-0.03895802070931691,0.09169038814145802,-0.08169498973638085,-0.000972241835290356,0.007291608946937391,-0.0272121259272647,-0.5323108845977368,0.30094671309558896,0.5164437175432666,0.5136047054320749,0.5240162017079737,0.441478304695172,-0.22361706226846909,0.8666142692231662,-0.3092377127537395,-0.32147652301848245
456,141,20,0.13360716239763296,0.6119161413897467,0.9853523268658126,0.743372426686996,0.3888270037381951,Attention,18.92779643026609,6.3597011148180895,0.0489161902277461,0.10799641528003924,5.144097210247843,0.6090348132866203,exploration,1,0.7243790204141415,0.6894019399333373,1.1754554434997408,1.9509429354478234,0.015327381227926403,0.05348532955001269,1.0060826885300396,0.8563211320970864,0.8580269234018596,0.8517082921141034,0.8972719223209769,0.9999979850004876,0.9999728998185723,0.9982954210604343,0.9985940583550763,-0.11038554966018621,0.059788625866799505,0.061804205991372776,-0.014142236614532297,0.11001418752750482,-0.0007314907763807876,-0.03712212034288059,-0.05389824076377078,-0.004175640427016644,-0.450176632596023,0.5473352011764955,0.5106578677610507,0.4860004428005343,0.5163187758099247,0.4862581757034543,-0.7813619970512069,0.43941403076741387,0.4299292794899016,-0.10746885021334295
457,141,20,0.13457763100598064,0.6754064182714062,0.9821526345376972,0.7417550679921076,0.2627345026342685,Attention,19.787522659867314,7.150226582833125,0.04673374322858282,0.15284425072325525,5.097912654859548,0.640380722992418,exploration,1,0.7361113039607836,0.676860508658287,1.1679296663090328,1.9370102777602025,0.020303289643226613,0.03982834083761019,1.0255901449922382,0.8597840059448302,0.8739585601582983,0.8563964715099404,0.8738151874583198,0.9998479912922156,0.9997701732561209,0.9997740645523784,0.9998511526761341,-0.09870954754160174,-0.01953503246828793,0.11384796615928101,0.02215486374997591,0.043316524110868476,0.06072895209658667,-0.04084887427389038,-0.060651562189705396,0.00497590841530021,-0.39551363352050517,0.4557437480597989,0.513892461833556,0.4725284223197459,0.49524032737459456,0.5170768085241432,-0.702032569029002,-0.1482753055115704,0.6760770181642434,0.16758451989409806
458,65,20,0.14045734248664998,0.6807207975046714,0.957852520207375,0.7318663280557581,0.3157250937752677,Memory,0.6143166437985599,7.878031545099727,0.03973402067559939,0.18600229465679258,4.971441964247568,0.6619537659669001,threat-lock,1,0.7506116371273198,0.660743649389871,1.101493692657744,1.9223683045224345,0.03434733516426185,0.3824115131659906,1.2078421695182469,0.8578546102861422,0.8813154291367886,0.8687560147917698,0.8559389982582708,0.999572162527769,0.9998710340235042,0.9998807849142488,0.9999974649807746,-0.0008590240963948741,-0.08957716376985186,0.08922467845232007,0.03134490537444855,-0.05771386573298613,0.10561078825010459,-0.027481281488087494,-0.016201701825290998,0.014044045521035234,-0.4355094573196894,3.322537234038162,0.4786812082548347,0.4213704568278675,0.19717906236107755,0.7446016628676776,-0.006226059209093933,-0.799919814563211,0.5681926850479572,0.19299377998753225
459,86,20,0.12764553344797122,0.7399802125380185,0.9984738601089641,0.7472984638750483,0.39329375543678546,Memory,1.4470183520870434,8.645367732817052,0.03586258286371628,0.18571298052297766,3.1830743741664653,0.8212211640073743,threat-lock,0,0.7353804570554398,0.6776544719699948,1.132341361943083,1.7970790186176444,0.0823788802459733,0.15379570030892684,1.1207583983824805,0.87798877913192,0.9068886009659972,0.9803674905814215,0.6675090655320451,0.9991785320214785,0.9873546013570625,0.9220435159096131,0.9821624892054279,-0.0012185740180638302,0.03234166325162227,0.12895731424451282,-0.05846089714049836,0.021011552321649345,0.04435070525356176,-0.11159264404168619,0.0269897603748755,0.04803154508171145,-0.22019558076228035,1.6808532402672909,0.48959047769664327,0.4511585444812062,0.32785336981735896,0.6702755252811124,-0.009102386394445921,0.2568022713564588,0.8905701274359351,-0.3753059926337873
460,107,20,0.13118861009128252,0.7519132893204326,0.9921189191037192,0.7441613199926059,0.15200578073049958,Memory,2.285089679110468,9.419802362243866,0.046168838691610044,0.15695109760984344,3.967120218904154,0.7691928676967787,threat-lock,1,0.7344406747534971,0.6786728926866225,1.1411014610604315,1.8896111782187526,0.049937089902610816,0.07882337769359365,1.0968494520685759,0.8719524983363824,0.8924438154141369,0.944728620160183,0.7421123305970841,0.9996306784207318,0.9961917068509081,0.9702440582406642,0.9918046463206583,-0.04338323305139105,0.052414120586821246,0.10182876569020131,-0.060825289001086254,0.06593318347758217,0.02510894052559643,-0.09640810313678468,0.005268704811671613,-0.03244179034336248,-0.05835838709659215,0.6690871864562606,0.4948136882927508,0.4572413385019685,0.39259308256735936,0.6260674274903179,-0.33011812561436477,0.4103421805340847,0.7492613452879417,-0.40155790923937085
461,141,20,0.1318267462794672,0.7613756657357865,0.9905101305071077,0.7462396647918904,0.2845613576831426,Planning,3.156512882959086,10.205096026671415,0.05435183387080256,0.11508374319219723,4.355558495404156,0.7382471992432225,threat-lock,1,0.7428646940096373,0.6694415929668307,1.17305777334104,1.9963139161382286,0.05628645977340497,0.0554184418008249,1.0122764383190608,0.8689990845688881,0.8893426528530786,0.919712274810895,0.7797689198710424,0.999647017327358,0.9989546043041769,0.9862782896253588,0.9956837991054499,-0.06251772724642311,0.13287967967333136,0.0003604248354500155,-0.04303120631106955,0.11420945838916757,-0.053234448586777595,-0.022874873214576166,-0.00950484776569756,0.006349369870794153,0.06416992851567588,0.3454058377089099,0.5220702965861485,0.47047002476437916,0.4084512659368332,0.5824672562267751,-0.4326429119611,0.8554754250137763,0.0027326238894986123,-0.2845600827487884
462,141,20,0.13069603829133886,0.7474698426650082,0.9932692385412246,0.7475772886554667,0.34568446463433905,Motor Control,3.980110112746548,11.034656191407912,0.05793263505591677,0.07575165272540921,4.450707595620999,0.7077270793587425,threat-lock,0,0.7045516653945944,0.7096526973031975,1.1689664083416709,2.024858908454358,0.04809267600127269,0.06695171087828407,1.0228910949592072,0.8529024563052924,0.8824159741140262,0.9127801268751046,0.8128541619741276,0.9993341312830936,0.9990379556044324,0.9924007342091733,0.9990876355938993,0.04032714927633576,-0.021320469127611243,0.09539759147728619,-0.08525727337184229,-0.03355516347997561,0.077910267915867,-0.09246312443296524,0.0670536977441781,-0.008193783772132278,0.15562512224628985,0.4107466737178362,0.4925241487542034,0.4960900780138351,0.4538258815417138,0.5525908492130007,0.2546897494002606,-0.16574797516599105,0.7330880792442664,-0.6084756431844732
463,141,20,0.13212536505607958,0.6905053650110011,0.9897125689216248,0.7459026677341547,0.30341872552040206,Attention,4.819440670983126,11.855749552632528,0.05310674556039475,0.04809975753493288,4.722955289250283,0.6868135944491005,threat-lock,0,0.7148301431354507,0.6992981241680484,1.1741678303534222,1.8660540408607125,0.0492894027017841,0.03701427641749918,1.0094064700811356,0.8702987751586011,0.868271057662489,0.8910903798851775,0.8334526664779423,0.9999968210320122,0.9995533346602476,0.9975583895105609,0.9990975906846727,0.02775519489620802,0.0022416428972924693,0.10336084687365937,-0.09499977017893958,-0.01271167164100987,0.049041619726147956,-0.10046848048853486,0.07507002061696055,0.001196726700511408,0.17812916671948376,0.4711787262948817,0.5030895463476346,0.4921582832339964,0.47723907907993646,0.5262356639374898,0.20032113797051723,0.014862964444569958,0.6541973314649789,-0.7291614262111078
464,141,20,0.1306589858197066,0.653600970629242,0.9933524735092929,0.7472471618874047,0.331171812207367,Planning,5.623772855525179,12.70067613281346,0.0439683337897207,0.02919623906457417,4.863434474479619,0.6683649647562429,threat-lock,0,0.6894934238266998,0.7242919428653993,1.1665552661517733,1.9061619698226449,0.02326210201756159,0.037612481369065656,1.029174155917385,0.8642342872705162,0.8705057262304411,0.8787734957564415,0.8503387680577894,0.9999701264248723,0.9999443527874333,0.9993996534480801,0.9998660553368641,-0.026149487074598406,0.12089413983049806,0.010428940142158822,-0.09152340724652767,0.07498395253853393,-0.05253557197028778,-0.04408855964785478,0.03125209544563943,-0.026027300684222508,0.15398394687528652,0.32353124589106097,0.48048619546488475,0.5047361845770647,0.5011480132890274,0.5130546254771563,-0.16586682199701305,0.7584412323359025,0.0818116710122403,-0.6249495539158291
465,141,20,0.12979874969030875,0.6256368702090135,0.9951519230023134,0.7490873608536208,0.4973037573660269,Planning,6.424881810979907,13.559797173004151,0.04262669942756174,0.017527320567692736,5.006888079734164,0.6591382378340094,vigilant,0,0.6819827074059093,0.7313682976444262,1.1746763470029105,1.8968730116699375,0.020518637431201,0.015475693600227235,1.0080931398004398,0.8770022869699486,0.863273640790458,0.865361579776725,0.8583559553077024,0.9998529736957075,0.9999967812514573,0.9999645575177566,0.9997347891679378,0.08277406637143828,0.020345598070615128,0.02484722345083562,-0.11825056783156976,-0.029939683572389988,0.002725818510382971,-0.06399542773136638,0.10201161016325512,-0.0027434645863605896,0.21129779729494935,0.2786031004875431,0.4802871568112404,0.5150670192117467,0.502416103453707,0.5016056735261808,0.54644773936878,0.13290527325338095,0.17054933953701532,-0.8091007225702384
466,141,20,0.13397475567322703,0.6343664084832438,0.9841712132345947,0.7412657625901634,0.4538562381822431,Memory,7.25576859917542,14.358647947810912,0.06532472630862839,0.014554031379375689,5.014496620722242,0.6511239714683266,vigilant,0,0.7208672333794345,0.6930731792818707,1.1526211065251304,1.9266828465762422,0.036495457763822174,0.04703197765004499,1.0659052701092497,0.8771113055871728,0.8571499054509931,0.8646259618714596,0.8650963780148269,0.999697544547152,0.9999599877813315,0.9999998358008163,0.9998863737535344,-0.07811067599441315,-0.004646901018915705,0.0014642165779260223,0.11194752638718193,0.05533214301149491,0.003571130055605913,0.056124526314123846,-0.10918650756918159,0.015976820332621173,0.18902764706571512,0.3221084317444491,0.4932180862215812,0.47420136644910144,0.5157751360682963,0.5156015637062276,-0.7098949660400744,-0.03345147648731791,0.010623880734588073,0.7034324907693111
467,141,20,0.13180597414166967,0.6562013566678402,0.9905645612929402,0.7451870356257415,0.2417447246087421,Planning,8.06999004282845,15.190387061612686,0.09034528480819091,0.02186614615851271,5.094650816409778,0.6609210945943593,vigilant,1,0.699541550149928,0.7145919252369396,1.1639357854848287,1.9008691558401516,0.008098417953582807,0.02930765959784526,1.0360238156287334,0.8699056929109306,0.8804164125915972,0.8567239950494423,0.8568284671899152,0.9999095870032106,0.9995678120180451,0.9999999924681586,0.9998747371360259,-0.03242020107513249,0.0704298296364516,0.06788664765392598,-0.09820672884247707,0.05219153350296949,0.002811422104907351,-0.08886967496369463,0.03427558993663255,-0.028397039810239368,0.15739094947851448,0.2609982213209288,0.4858225669027817,0.4962748579154521,0.5191864152204948,0.4981296469196225,-0.26662822440200284,0.4685202779424783,0.5010205619823193,-0.6770351066081132
468,141,20,0.13037782464876368,0.7005245340132431,0.9939688257649333,0.7466440275695103,0.256861616912479,Attention,8.855861313983306,16.034683782922126,0.11442524306618383,0.03185433192634982,5.115118491322969,0.6486907528437358,exploration,1,0.6813265278116434,0.7319796189103421,1.153442936794196,1.9272794741024868,0.011643385566393239,0.03942948286211246,1.0637182409832466,0.8740574516401689,0.8681654568545196,0.8546610210250688,0.8671025601953118,0.9999726870296012,0.9998687565204143,0.999889146980768,0.9999621332276611,0.012831181395613987,-0.014842579893416707,0.10658839355060454,-0.10449803658407068,-0.015294193850148735,0.05840812350580404,-0.09367060893284396,0.06212110637485078,0.003544967612810432,0.21245543632067868,0.62812815098522,0.46667332730017913,0.501368067041186,0.5023207380846322,0.5277498678624296,0.09030395426410612,-0.1069985590223421,0.6947016767052783,-0.7055395698288535
469,141,20,0.12462877212593378,0.6791818344302323,0.9999684556432827,0.756110611519516,0.09841065020182682,Memory,9.579139761552344,16.953586575674535,0.12765029305114864,0.043995476032972346,5.013924428507793,0.6694249075037007,vigilant,1,0.6184998871595473,0.7857848876019614,1.1694075659264624,1.9390966568927173,0.039992813300264295,0.060695565776229,1.0217437404606888,0.8844297604847208,0.8652341049243095,0.8646813696638629,0.8493998301159441,0.9996990234591184,0.9999997731044403,0.9998383267673356,0.9990669787652735,-0.10616787873057422,0.09506359093082069,-0.0018646832504831921,0.0210896270704375,0.12394279086045709,-0.044742724695040925,0.009251285640242999,-0.056579194525595636,0.028349427733871058,0.28074194707435973,0.5233357727999027,0.43261681155019904,0.5496262161014763,0.49310080397670175,0.5173058032307631,-0.7848331965610358,0.6054761757131384,-0.013221101081966417,0.1313798184873143
470,141,20,0.12356275897421208,0.6315259278443687,0.9995190710516748,0.7584359557604372,0.04633827125759665,Motor Control,10.297922328350282,17.888385594083193,0.1272712640444734,0.05879795035225741,4.9586048238602105,0.6621140622615342,threat-lock,1,0.609554323622999,0.7927443008640983,1.179193615633336,1.8650768246006124,0.017831749630226604,0.015061635663936193,0.9964645779504078,0.9015778893812239,0.8354106873462713,0.8699721790118944,0.8558006196491241,0.9965713218261749,0.9992009001497706,0.9998535187714731,0.9982053332217498,0.13043227918120204,-0.05439366287401614,-0.006612665074436347,-0.04192246107316074,-0.10250720416406486,0.024246937740883906,-0.01689434307329998,0.0854828689671187,-0.02216106367003769,0.32426257956567234,0.37534944877867593,0.4317825794079428,0.5615466346027435,0.48881706025178934,0.5092023594736421,0.8785050223952199,-0.3797741349194685,-0.04749245939161399,-0.2859108224140516
471,141,20,0.12475775476848745,0.6226339782506755,0.9999865957041314,0.7573003136092288,0.09344932322535157,Memory,11.046753619118519,18.808173509734033,0.10864444613882114,0.07729357031913686,4.932902361510736,0.6564416516315494,threat-lock,1,0.6313559381644067,0.7754931845893567,1.1860683419647193,1.9087050719466405,0.019386288799787845,0.027239669770301306,0.9788946360300627,0.9019777161278464,0.8274450863107593,0.8723863116922984,0.8606468218269806,0.9957814242198524,0.9986767267011232,0.9998961044946931,0.9985004200136085,0.11183328664470278,-0.06719117555659448,-0.052532387074735315,0.027851843713139784,-0.09399461294428471,0.00671371210761978,0.0395986788914311,0.047106943018508915,0.0015545391695612407,0.3472538346486273,0.2719992089882281,0.4511717413658864,0.5541733107409961,0.47246772097343015,0.5158587346299941,0.7928507998206578,-0.4612388622614261,-0.3561820827944507,0.1782712681834499
472,141,20,0.12885526960456128,0.6122958890720008,0.9968222199549922,0.7494035521544549,-0.005852528643953053,Memory,11.829886656007714,19.66385964194657,0.08004238460582126,0.1152937434770067,4.834806325840581,0.6611011142409958,threat-lock,1,0.6751407502555787,0.7376889367100027,1.1599552191046605,1.8801305423879595,0.023784528852840332,0.06116834219452062,1.0464808473806662,0.8924371438492948,0.8324013067748041,0.8813479722412725,0.8566736604938366,0.997344142333549,0.9983296540890745,0.9995291941449738,0.9989533504670686,-0.0017363214146791813,-0.09679241660455255,0.013195901363488003,0.10709088675962782,-0.05813917196096008,0.06399073373919233,0.04571144452462066,-0.04953652755389668,0.004398240053052487,0.35902645175116477,0.34960743725758914,0.46643339707905745,0.5096459613895764,0.464439754075985,0.5540727163136515,-0.012492602484173871,-0.7164747392225783,0.09835825186475779,0.6905313441323424
473,141,20,0.1346801761323262,0.6369533968537447,0.9817994311212634,0.7397309265337165,0.014346141401288398,Memory,12.668066445893372,0.43772560325517773,0.053195515574582054,0.1491922958840584,4.78663852445591,0.687850901419556,threat-lock,1,0.7347328654222982,0.6783565555578711,1.1407952867385376,1.9273542522806535,0.025249143161400377,0.06219198875131322,1.0976794537824084,0.88455631914438,0.8603842100159166,0.885604714598967,0.8324682690031585,0.9995330595453968,0.9994889691185815,0.9979894618481262,0.9980779903320405,0.11863304600671917,-0.055815231640983086,-0.03201698898808071,-0.020283279134016258,-0.09285889028500575,0.014264484679355703,0.00805878324247991,0.0852672192809314,0.001464614308560045,0.4271160232354292,0.3453205294557156,0.4948060397424897,0.4568393991685998,0.4725654498718684,0.5684598684075802,0.861422391931745,-0.4328458318627108,-0.22860940661893844,-0.135401948741537
474,141,20,0.1361347572767232,0.6426455435065336,0.9764941097706291,0.7368895359770072,0.05399308761481278,Attention,13.509373664616756,1.1944848414295473,0.033019692638786714,0.15730275268615332,4.83539269923121,0.6979219078853061,threat-lock,1,0.7434774690014296,0.6687609835264227,1.1315840140432925,1.8497823244977578,0.015818580998524387,0.020826384115672014,1.122841443936523,0.8690034396582806,0.889549188743053,0.8812955753441896,0.8227109890766059,0.9996395685882749,0.9999381709196654,0.9976984164339922,0.9986428574356502,-0.06654115190532706,0.10684681160829486,0.01069783627660006,-0.03343509250640545,0.1090200957564247,-0.05866898383857464,-0.030661015486022666,-0.021439918906465436,-0.00943056216287599,0.4735115169184196,0.3907511606943729,0.4944693010207395,0.44477713160345494,0.48903828778455394,0.5643712843796678,-0.527646317721859,0.807090171341263,0.07714466678030588,-0.253463052743884
475,141,20,0.1367083406665962,0.6753449019403733,0.9742570735709457,0.7358534127963111,0.21937415391077952,Memory,14.356323203791044,1.9399078893461252,0.02000590560090735,0.1389979622846549,4.934229726707324,0.6950598990657675,threat-lock,1,0.7506662825127658,0.6606815664890798,1.1282637290424522,1.9702539145859617,0.026884540176935246,0.013285148011334706,1.1320046108842665,0.869195090562696,0.895641278217041,0.8722623162201882,0.8255210760469078,0.9993824813976928,0.9995101175111568,0.9985802269999402,0.998777681124475,-0.055777068961866454,0.062411656068861475,-0.07709104345531638,0.08236755312393342,0.07272028809324106,-0.07840295068617802,0.08887019708402455,-0.06821409108976441,0.01106595917841086,0.4613525618306463,0.3038226075306045,0.4969845692447105,0.43740947392813273,0.4828515518542001,0.5731785489038512,-0.41433890950171726,0.48007208120039474,-0.5918665688671828,0.4975419877580563
476,141,20,0.13458951913692258,0.6327977059073795,0.9821118324170671,0.741090167456796,0.30536152928573884,Memory,15.20928133451474,2.7214581846411763,0.017703688940117247,0.10627488406020805,4.897109311125201,0.7012249842326959,threat-lock,1,0.7372953466458376,0.6755705528028838,1.156874425702048,1.9829784422606758,0.01718269966906388,0.040002255060027615,1.054615053776745,0.8677593750533703,0.8992624468371615,0.8757022177711465,0.819430500107313,0.9991123079882059,0.999483621054508,0.9979581738331574,0.9985475645525348,-0.011943951801433293,0.04774271301035751,-0.11043734845252771,0.06717841652589314,0.03521289349347016,-0.08857162579617298,0.11627908808716567,-0.03827748539768863,-0.009701840507871366,0.4464000717454117,0.41308168074908325,0.5073090836957824,0.46483824924899786,0.4773729362843697,0.5465143688312998,-0.0832053482821993,0.3755910063518236,-0.8003852782200976,0.4597735011648663
477,141,20,0.13571203979470797,0.6204268571088214,0.9780914105767977,0.7378340001374801,0.2513834533697312,Motor Control,16.048881655539336,3.493437497467674,0.024993049764330647,0.07365513344184647,4.864237617706218,0.6825600581819098,threat-lock,0,0.7361288707292674,0.6768414036381446,1.140561597852864,1.885005223407554,0.02853831174576624,0.048707722434574115,1.0983132263226116,0.8617641721798042,0.8853956164979825,0.8787007881786383,0.8374497230805289,0.9995489553256809,0.9999607196329721,0.9988041505244539,0.9996156625390337,0.06270000479860302,0.05897136120869515,0.017010059611682553,-0.11134804021288922,-4.081457158170833e-05,-0.02071738133227057,-0.06891654804704868,0.0908796702905757,0.01135561207670236,0.4663618739999277,0.3158288378680562,0.49558979339353687,0.45567522851930875,0.5191982874710861,0.5264826313241548,0.39994501075230776,0.39938500642805536,0.12039370861158985,-0.8161133254282436
478,141,20,0.12868023286596375,0.5747759178239168,0.9970959418286621,0.7499914684413261,0.20818830133925642,Attention,16.82378838779558,4.364794812305983,0.0330159334061966,0.048099322719351995,5.115189724826516,0.6685378419269083,vigilant,0,0.6645395854661371,0.7472530624550792,1.1660806206340446,1.8870238449207577,0.027062992591782558,0.07627919235412593,1.0304134590662284,0.8685567061350598,0.8901461014694507,0.8546538087997931,0.8501858816579824,0.999601627519443,0.9989906958777716,0.9999867344954053,0.9997613796665447,0.0112787982581476,0.09592391105120757,-0.10886783369564791,0.004677811270895735,0.044817088026317134,-0.09734425073990748,0.07312954224877444,0.0034479261719954496,-0.0014753191539836827,0.44270259628547887,0.27487372455735287,0.46280990733617183,0.5204146271420704,0.5098984921665365,0.5049545654957931,0.08244137233728817,0.6879155464265568,-0.7201346826167702,0.03717068743297663
479,141,20,0.12930061409559152,0.5606778040940145,0.9960743159332252,0.748312848091015,0.10303432645329057,Attention,17.596695998986355,5.223362378533863,0.042785335379848875,0.05622888678611286,5.059390952999219,0.6534681958470552,vigilant,0,0.6690588473068411,0.7432094313451905,1.1552161880856302,1.885426692059798,0.03061476301355254,0.024119706502469123,1.0590083660179173,0.8864575485536639,0.8539137019864118,0.8602345741055414,0.8631459214324935,0.9991700796635475,0.9999723523435446,0.9999938893784764,0.99955585830735,0.03880582082315051,0.06413979975279514,0.015070495717444886,-0.10108058290425277,0.017268241941338643,-0.02554799038268606,-0.07084074100188201,0.09279971906764418,0.0035517704217699828,0.4487265686812903,0.43007409664985297,0.4593491566073074,0.5102579942634577,0.5026760476214526,0.5253112437048766,0.27426324697352356,0.466812452833066,0.10117563687648352,-0.8346432146385391
480,141,20,0.1339464833761725,0.5372389825872531,0.9842634080484327,0.7391427049674645,0.06764503763459076,Motor Control,18.39480797728904,6.014621769240254,0.05030407166909328,0.09100719630389205,5.016056285728715,0.6677178705934136,vigilant,1,0.7101488773456297,0.704051540730323,1.1238657185319219,1.8762281460305412,0.02831495690949387,0.05423051436098774,1.1442208712215411,0.8882557897949612,0.8600213800151432,0.8644748614587865,0.8509101549037895,0.9993518625080625,0.9999856284177208,0.9998719037676821,0.9989116585010698,0.035564600655653714,0.01891945026679946,0.06997694182316419,-0.10738173949972368,-0.009261535481887784,0.026774961118713022,-0.09192158954889437,0.08564386757566933,-0.0022998061040586694,0.30048667272797625,0.4162492162027844,0.4673203885131199,0.4633079767402381,0.5215926849489196,0.5430455083852266,0.2465167417845368,0.1454691714615366,0.48847780816583314,-0.824292209779841
481,141,20,0.13694900781509994,0.5824846660620129,0.9732951841431655,0.7344193015711303,0.056258349397767804,Motor Control,19.225622608757124,6.763823224915939,0.05148950463950257,0.13500505332937862,5.129556109693517,0.6801318558696585,vigilant,1,0.7426411883190238,0.6696895291193585,1.118729535253276,1.9196761122485226,0.023466342876944064,0.031658074375731204,1.158604298627832,0.8840880330104858,0.886197333778402,0.8531946234985369,0.839703263019081,0.9999959751297609,0.999150362238109,0.9998849374696587,0.9985653974842291,0.03779092128241196,0.0990356872276867,-0.06763338146163622,-0.05371705380354844,0.0409336824243367,-0.0900819670110184,0.008261392766195572,0.04887706145251622,-0.004848614032549808,0.10095844691928818,0.44474465777549416,0.4852346874004295,0.43756876729812877,0.523319699494046,0.5470076271414733,0.25971390556000146,0.7387568229809948,-0.4895599804349765,-0.38355973369776836
482,141,20,0.13816302945532347,0.6609061949787384,0.9682424504607805,0.7333037227673345,0.05470901860916042,Motor Control,0.08083031527903728,7.496831516778757,0.04626957210603196,0.17724098242044858,5.139918196964276,0.6829053389990313,vigilant,1,0.7592683963904916,0.6507776135075725,1.1263575707714306,1.9418736980439635,0.029066650043923014,0.01924380155436676,1.1372881560004806,0.8743839508102609,0.8991849476364893,0.8521364249018066,0.8371276186251242,0.9994318285944674,0.9981600015730124,0.99985971067759,0.9990455704920157,0.1336171090377805,0.0044251722037267965,-0.042363866869186355,-0.06567405391244167,-0.05926364549187202,-0.02858837125682458,-0.010106626960645175,0.09702093329338549,0.00560030716697895,-0.20990514714763225,0.351220792477326,0.5013639526961065,0.4297247695088993,0.5166350303955768,0.5450312236712505,0.8294746563024159,0.03357334771137095,-0.31984054054213573,-0.45666908533549194
483,141,20,0.13877341450834912,0.6856369735675468,0.9655812312622205,0.7332475406098817,0.08365055431445524,Motor Control,0.956087863201939,8.218197898532116,0.03733045569779852,0.19640971875310637,5.099810182373461,0.6815218565698753,vigilant,1,0.7716852759816547,0.636004587116412,1.1342156902106153,1.8501824920242944,0.03536662791372748,0.026161279166323482,1.115614275474701,0.865236489007405,0.9029599209142304,0.8562057229604242,0.8384157436991052,0.9987161326747533,0.9981098652957872,0.9997983937252861,0.9995231786725729,-0.012942975197134554,0.12099185017289103,-0.006330322172935649,-0.06873125111289896,0.08019069843421896,-0.07454474220978713,-0.03638218525288287,0.03311555525225666,0.006299977869804466,-0.23342611101338567,0.35970292037680873,0.5150758523002179,0.4245132244607216,0.4971095187127373,0.5544073367492535,-0.08929223828225805,0.8395857840002737,-0.048748715184975346,-0.5336161263071089
484,107,20,0.14222220442127118,0.7031750475212594,0.9491983001055815,0.7286335902574022,0.19907859434823832,Memory,1.8804718582166862,8.88226289608864,0.039992809624265366,0.17803403103883622,4.982657112276424,0.6880851357244774,threat-lock,1,0.8121552522290895,0.5834413820399647,1.1381863165664794,1.9826496223986712,0.038469414372113535,0.04561705515733101,1.1047684246124836,0.8571445975279891,0.9054217352449188,0.8676878018406685,0.8322454558671805,0.9979474961827354,0.9986815753671126,0.9991789028954216,0.9996131837616231,0.09745316968568404,0.043264341840681744,-0.0477828770683701,-0.08140458214641498,-0.02445683286945526,-0.04993265523375065,-0.014059053211881167,0.11538790337561992,0.0031027864583860545,-0.09796437108591817,0.30819390546299386,0.5450199037482832,0.39153494976412506,0.48802200305967164,0.5581112722050042,0.6831604113714935,0.31534591798629125,-0.3675832843096878,-0.5465632016887144
485,141,20,0.14029941379501618,0.683652250355136,0.9586003206507189,0.733874682113712,0.37102924661286585,Motor Control,2.8244874971791862,9.570688427598723,0.052994939992752364,0.13277212357631893,4.9281320183580295,0.6906778905435029,threat-lock,1,0.8079746089890716,0.5892173039116866,1.1683729023906348,2.023317468692808,0.03403990851043623,0.03901588076354778,1.0244357594239897,0.8384231023639845,0.920163235544326,0.8728313237771735,0.8297661125933838,0.9940931466490848,0.9976698472842,0.9987711184882223,0.9999571530991972,0.014967409302781433,0.11138294786621333,-0.013045533396286333,-0.08950563164354107,0.05387127101377908,-0.06513172571236273,-0.031571126813449035,0.053072297893301576,-0.004429505861677306,0.02849126017145949,0.38722540603149175,0.5643870866971555,0.41158055449582476,0.4644064180868155,0.5444220076112789,0.09468852857833046,0.8077737440141015,-0.09790153531217481,-0.5735424573827388
486,209,20,0.1367932860239147,0.6132354536900749,0.9739191150504312,0.7393703402485198,0.381164181749029,Memory,3.7445346969046867,10.627810731944184,0.06411793558907825,0.08876386919881141,4.786438508520893,0.6810954053278953,threat-lock,0,0.6565079408363452,0.7543191125901701,1.4014258510771773,2.0305610421507834,0.01996152849281648,0.4166803787909867,0.45448517874409794,0.8255102724977204,0.9113733832920299,0.885622196270278,0.8388114637396104,0.9941454026573873,0.9993021134972291,0.9983980932736727,0.9999003439366152,-0.12012365141601093,0.013153317925515159,0.06401746369014363,0.052239025094167675,0.06317208950607774,0.0351270906452213,-0.01178451200785273,-0.07583929494444536,-0.014078380017619747,0.14028659503837193,4.198012025931357,0.5976763849008746,0.6867224175539928,0.23432870193782632,0.34100630435691753,-0.797622609070299,0.09518291490168318,0.4927196293222763,0.3346128405952564
487,175,17,0.1188776540498803,0.6331556081396945,0.9906136870718765,0.7792666683531684,0.498141824010483,Planning,4.629104313345055,11.636225141014737,0.05906740033807457,0.055611262612449884,3.405972211626958,0.5387044130498422,internal,0,0.6594359533497354,0.7517607487956028,1.341403379580718,2.3521667001270767,0.07997518097283748,0.1332130061748827,0.6044155160117126,0.8017374456693043,0.7269197423362374,0.9721574246746597,0.9400610076284471,0.9980157323184276,0.9474544638077046,0.997150913581926,0.9833922077269389,-0.011229728803810426,-0.056437804553158465,0.11964325498321021,0.028569903731582406,-0.021714525907251172,0.09281166405537332,-0.04672938592164329,-0.024938196611465093,0.060013652480021,-0.12016242795576326,1.4729358864607895,0.5643593046367942,0.6433728268657379,0.3484595580031007,0.38229033123790257,-0.07348142740043678,-0.3558102331128024,0.904367688465065,0.2238719319159122
488,175,20,0.12108766225325557,0.6584659168113347,0.9962951355637525,0.7722969270429033,0.4520737436235754,Motor Control,5.459322283628122,12.634020674461945,0.04701475708624723,0.03290848899099811,4.090757348018604,0.5676032318665318,internal,0,0.6396030153805558,0.7687053939683919,1.2980207258546121,2.182822825009048,0.05166746849564581,0.07989278749816117,0.7074031992968607,0.8255292659259127,0.7655530010212533,0.937323814915597,0.924042260786404,0.9984379958665736,0.9780148675018615,0.9997138287428672,0.9916780950143362,-0.027364301146149905,-0.07443355008329086,0.03980981020340195,0.10415987659721546,-0.026673099919716264,0.06958679642103963,0.03366174003012334,-0.06707980360697752,-0.028307712477191674,0.23991144403170958,0.5599094276799645,0.5221606946644047,0.6275576144180461,0.4095149925134425,0.40720645923299464,-0.17430456085994037,-0.49778097634251334,0.35408512070875287,0.7723054751505946
489,175,20,0.12574883193756248,0.7471955325506696,0.9998739181950683,0.7616246251696559,0.5062940750194735,Motor Control,6.310636198874631,13.556816102377674,0.040989092103200855,0.019151734584469237,4.457089955080654,0.5850445214630962,internal,0,0.67806622922964,0.7350008086922742,1.2555026021775162,1.8492088062553786,0.045137851891280494,0.07645531824440391,0.8082486135527618,0.8528471161320648,0.7785701206119399,0.9123033856962307,0.9133361354083855,0.9972190053053248,0.9880428670058183,0.999998667667609,0.9966909058208822,-0.059142516414272726,-0.05549704823183355,0.11335270837116194,0.038010395599334376,7.247043022009245e-05,0.08885200819445936,-0.03381080468228065,-0.04669936137550832,-0.006529616604365317,0.34036116895425467,0.538028081022648,0.5273522032315029,0.5716319131261994,0.4391974401355262,0.44971346235338044,-0.386313201119207,-0.3855194943647081,0.7806977412812249,0.30438112107061566
490,141,20,0.1281411636426346,0.7171998039518261,0.9978657263666781,0.7553556730486404,0.4728114368717653,Planning,7.151963237978183,14.44274553107166,0.06547936277326838,0.01447054952565213,4.635184640813157,0.6147994236473663,internal,0,0.6886178390143947,0.7251244526225448,1.2217618996157973,1.9291985304016765,0.024880256747192797,0.04884749018951926,0.889840302747643,0.8496467784821666,0.8205101762688355,0.8983905635750452,0.8931728823321236,0.9995097066193077,0.9956056222252163,0.9999723529364454,0.9984919192948707,0.07400355413362134,-0.09045848442472594,-0.04751440489928303,0.07901751723578208,-0.07178092927852679,0.015082796976012924,0.06795314020440203,-0.001422933200089821,-0.020257595144087696,0.28783075021173116,0.32460332853197016,0.5144362759070855,0.541708770586334,0.46154283309155153,0.47841939668390726,0.5010563968647385,-0.5913969772091879,-0.3620760409453087,0.5177770206200079
491,141,20,0.12628270982379958,0.7245816690009866,0.9996332217525069,0.7577773434896008,0.4929123664517473,Motor Control,7.967308350366618,15.347891786791017,0.09534082330572811,0.022836592705714056,4.769256998549309,0.634893577678735,internal,1,0.6692882442464381,0.7430028574060266,1.2182271530952185,1.9677529349741998,0.030795180129305346,0.027955513247204675,0.8985157287511436,0.8575286075334092,0.8405662389134674,0.8871179228048408,0.8781314686874083,0.9998140354633692,0.9983920628533303,0.999928792863676,0.999675643492698,0.09594580794647718,-0.10236101198438927,0.017107489797410995,0.006480806958668332,-0.10146954962717268,0.07341807477751573,-0.006805862705723738,0.04847942496651879,0.005914923382112549,0.2723854781695313,0.42195679524040963,0.49784528608169115,0.552677375233587,0.44990893404118737,0.4942466197172158,0.635664562738196,-0.7590095190685853,0.13231307499052014,0.04825312247602117
492,141,20,0.1267681413464928,0.6358612732086578,0.9993085260365484,0.7568548962565096,0.40739671838768793,Planning,8.784955096087563,16.247226374166647,0.12566468278394324,0.03469932133629251,4.699453604247124,0.645972633802051,internal,1,0.672704256827831,0.7399114696000566,1.2154624226351662,1.9573912885499938,0.020717313476205732,0.006007180949367277,0.9053211457344221,0.8672658566837759,0.8333952920410084,0.8930744353197708,0.8693217321640543,0.9992480777912733,0.9973561668941706,0.9995084215727196,0.9999967623947934,-0.08991085129214117,0.054494093168571116,-0.04692925120914346,0.0812415213355188,0.08664425106444833,-0.048038019997873875,0.07408394161672088,-0.09086837120989487,-0.010077866653099614,0.25784321728608567,0.333233012659804,0.49869549362710186,0.5485181813960075,0.45415313654399364,0.49414119225390823,-0.6543220232943696,0.3709223906451937,-0.34703697289245883,0.5602183586742366
493,141,20,0.12606661034648337,0.6472289611257455,0.999745509421813,0.7564118517859519,0.24165052449242713,Planning,9.562480530035984,17.15884743716367,0.14115230056186936,0.04920974830364022,4.724918819263962,0.6458988345777357,internal,1,0.6489303206076055,0.7608478422103266,1.198164747827485,1.9528926849761814,0.029326746460194807,0.04115970926623699,0.9483297488027548,0.8667772491605222,0.8361386240694904,0.8909236355840612,0.8693816637326651,0.9993792322571642,0.9977713260391855,0.9996001589056899,0.9999948145712024,-0.10631446704144007,0.017066961547351173,0.013403160166367514,0.08395941478662479,0.08026036099552925,-0.001417266716468715,0.03896331438426688,-0.096594731662036,0.008609432983989074,0.2384512956504882,0.3205605765962546,0.4708666415503441,0.5520744782844469,0.48386653635804344,0.48925609990640173,-0.7979660338972812,0.11829440390817247,0.09952400281020088,0.5825389391404564
494,141,20,0.125123162839477,0.591169422830272,0.999996554429583,0.7567055312357298,0.2804412436464919,Attention,10.311592581739378,18.077226737329475,0.13465181445728494,0.06465093810673109,4.903199218148261,0.6424792699344812,internal,1,0.6320800599464201,0.7749030893073855,1.1851537474017055,1.9455981684531993,0.02604117707793293,0.024677383064686826,0.9812234739777467,0.8822043989013808,0.8337947974960288,0.875141800116128,0.8721401629996829,0.9983499604650359,0.9988362419749097,0.9999927381246768,0.9999154533795863,-0.030880919706291313,-0.06654403390191006,0.13212327684678143,-0.010034057767447604,-0.0171061455979644,0.10370256069078687,-0.07197305797479164,-0.013246445511230349,-0.003285569382261877,0.23146255106587182,0.35576157744008086,0.4511636615680239,0.5531073313116837,0.48648296720352047,0.5038431632475473,-0.24617891976976822,-0.46566551893879643,0.846714624839128,-0.07500605319563368
495,141,20,0.1238207210778264,0.6426592548416237,0.9996775395785017,0.7576694769942074,0.2378146792664273,Planning,11.027941948513712,19.00781240789637,0.11029278048951659,0.08489735375196521,4.918897803221123,0.6526902142732831,threat-lock,1,0.6099858246384682,0.7924123255856942,1.1743705145917231,1.9684435596013115,0.02326502329879807,0.024363953234145898,1.0088828985824765,0.892441228546558,0.8331100010988388,0.8736900582516063,0.8637951503520426,0.9973984880656657,0.9988896821016846,0.9999246530582405,0.999305976677638,0.03883509843287095,0.09059507245167173,-0.09286967759015462,-0.03480602800758005,0.02867252729124945,-0.08373122890076534,0.03427886658665734,0.042290393034848606,-0.0027761537791348607,0.2219727210050799,0.3835366716356688,0.4294136699263156,0.5578370366660164,0.4940600983552227,0.5102218535283263,0.278020549028001,0.6085874821910244,-0.7044185673517113,-0.23689730435089587
496,141,20,0.13024411733320815,0.6638628594921334,0.9942523998129028,0.7451527039563017,0.45966920121077814,Planning,11.787146642001927,19.849326488410043,0.08094591940338329,0.12730077208233223,4.964360590131336,0.6571552974698284,threat-lock,1,0.6698621736907052,0.7424854666984152,1.1333744810596844,1.8960916881866339,0.02331453827413672,0.07414919029268179,1.1179210353842461,0.9031079096058205,0.8299505011144999,0.8694277510704713,0.8600428215942151,0.9958683242641564,0.9989826079713183,0.9999346972839028,0.9983661746404342,0.07375219551944634,0.00335128776618891,0.03568218399322074,-0.09807486792241582,-0.04762553174840272,0.023003117647143412,-0.07870752603410129,0.11193367905305716,4.9514975338650624e-05,0.23669894260678417,0.4553879726806158,0.44659984001084824,0.49501808530391617,0.521933089276869,0.5320634440016517,0.5616638849926799,0.022846095007761816,0.2870457468975338,-0.7756393978040715
497,141,20,0.13370355380982046,0.6429006352899468,0.9850463169595445,0.7403503118782827,0.318884451927374,Motor Control,12.59475785213597,0.6471305228041153,0.053687811701154664,0.16347078792897365,5.1315985356612135,0.6724444108011562,vigilant,1,0.7114130877659922,0.7027740878513211,1.1352211872712883,1.8591461584106486,0.028857128088556144,0.03846184065595658,1.112861150755144,0.8947338033814242,0.8688826677528732,0.8529864271310548,0.8467044855765555,0.9994137465223938,0.999818879234296,0.9999743436486501,0.9981723228598425,0.08455724351457082,0.0683694245067625,-0.0738520994168359,-0.049955444080398904,-0.00670598333515655,-0.07891781882989478,0.01635251063631059,0.06900929509319834,0.005542589814419425,0.24033928730167228,0.33086225009087455,0.47549634093422366,0.46972218113958636,0.5198861815493794,0.5319611269053739,0.5594902319049386,0.4809046441857478,-0.5760327402383838,-0.3519768256249209
498,141,20,0.13607629204306027,0.6566335633628452,0.9767176606647023,0.7374691977529143,0.33531418812261715,Motor Control,13.441976563006277,1.414959710535415,0.033417637991102436,0.17354129302608656,5.119317089296276,0.6723727888337616,vigilant,1,0.7409707488174596,0.6715373030568691,1.143390224543157,1.8625071422724926,0.02376527859516109,0.03168474627805259,1.0906575289966856,0.8797176963301403,0.8828142885867143,0.8542355370906715,0.8467687723352445,0.9999916647347614,0.9993706952408999,0.9999635482585686,0.9992026140581971,0.06497635971993299,0.07566678234009044,-0.011471314074690446,-0.10913659581336567,0.0063324774598034796,-0.044129408409215934,-0.043612342056784284,0.08513931942939049,-0.005091849493395053,0.24391761191164543,0.3246989642781912,0.5007549194030205,0.45383115137141095,0.5210065108254763,0.5213770156201197,0.42342355527153325,0.5066164160377249,-0.08100801967355079,-0.7466525300237558
499,141,20,0.13492113250985746,0.6561505241575702,0.9809584273464226,0.7410650626188461,0.33445434124220474,Motor Control,14.303204928353395,2.1996756695340496,0.020000415654916698,0.15036340735836742,5.126039064952858,0.6649639109340838,vigilant,1,0.739178721536274,0.6735093300229773,1.1651152018515667,1.931703600127411,0.00571549460128452,0.03301134680204585,1.0329366858053248,0.8655891090342992,0.8910876959793753,0.8535526991631818,0.8533264335215591,0.9994493884008536,0.9988712306879126,0.9999999656815479,0.9998936766324475,-0.05942003167431098,0.09058388926986038,0.04184795437796228,-0.0707914219434414,0.09053851019675212,-0.032946801247385214,-0.062042875756389726,0.00794627137823704,-0.01804978399387657,0.261316888349473,0.5091814189858342,0.5141426152114629,0.46846566089949415,0.49462214835081864,0.5211009558073154,-0.40329311886146935,0.6989974061362181,0.2922720073164144,-0.5131611445082936
