t,x,y,pressure,coordinator_magnitude,integration,dominant,chosen_basin,basin_switch,goal_reached,hazard_hit,action_x,action_y,coord_0,coord_1,coord_2,coord_3,weighted_input_0,weighted_input_1,weighted_input_2,weighted_input_3,basin_similarity_0,basin_similarity_1,basin_similarity_2,basin_similarity_3,basin_similarity_4,subsystem_norm_perception,subsystem_norm_language,subsystem_norm_planning,subsystem_norm_emotion,subsystem_norm_memory,subsystem_norm_motor_control,subsystem_norm_attention,subsystem_norm_executive_control
0,10.347262389302925,10.043690193128704,0.03482939035489714,0.944731510499394,0.21467277533352647,Attention,-1,False,False,False,0.3472623893029254,0.043690193128703925,0.31076023962060556,0.0390977407976735,0.3137467785368207,0.8342541735129021,-0.006532936488144909,-0.09106298616469455,-0.10482355499863998,0.012176530617655184,0.6077975940230907,-0.4812959528246051,-0.3951785966826123,0.5861864901327869,-0.12010133826297993,0.18162506250810356,0.30318598047302353,0.17170839725790937,0.23846935908878583,0.18653961778283792,0.19636748530352569,0.31386185221759694,0.12562444803642883
1,10.682815390802908,10.143209955911544,0.04288875937265481,0.997139123969546,0.24024396579785895,Language,-1,False,False,False,0.3355530014999826,0.09951976278283961,0.26522105430427123,0.07866040920923506,0.3174839444162504,0.903858788730529,-0.005826715562719807,-0.11152493663921594,-0.08990708199073114,0.04480571732628771,0.611445234264931,-0.5066033449592566,-0.4597848212930515,0.6224155387133973,-0.1491723435986964,0.23430656542291564,0.30726808233920033,0.26360675985896687,0.23682427520643504,0.18576853815301503,0.2289902401040631,0.2913035690401993,0.17388369625807637
2,10.927511450719424,10.393457509868286,0.04267929707384482,1.039704764410785,0.25464079739840884,Planning,-1,False,False,False,0.24469605991651608,0.2502475539567425,0.26741934817266355,0.27348637237455825,0.29814790070603586,0.9196662018316113,-0.0022228606527001805,-0.15011179640872888,-0.0826643306242128,0.06678973790186274,0.555860280611272,-0.6056303006535588,-0.46977482754735345,0.5760950141075732,-0.2838307108554092,0.24036274788163722,0.29584516908337943,0.37292376824556167,0.23794136304335503,0.18798668034875532,0.2820441128337279,0.2784881785308307,0.14153435922002325
3,11.151211060622918,10.66263864689134,0.053743808055703925,0.9435447379662255,0.29156129490001403,Planning,-1,False,False,False,0.2236996099034941,0.2691811370230547,0.2020762994605465,0.2431614792608164,0.35959721022774205,0.8130216375596663,-0.005092611476598049,-0.18674423648167293,-0.06929231320815536,0.09789087898129831,0.6374428229639416,-0.6610623840019484,-0.486172098708972,0.5450769791535569,-0.3395482283523527,0.28696010041410674,0.28257063725471904,0.48234863009699763,0.23868389647301327,0.189674284703279,0.3413159994771716,0.3080392675447893,0.20289754323603576
4,11.28262588902344,10.987030605602497,0.048115677389958623,0.9251237648505104,0.2751781263791488,Planning,-1,False,False,False,0.13141482840052146,0.32439195871115784,0.12255998311738599,0.3025341467698291,0.44814041733844884,0.7405918492769286,0.03510761781216825,-0.12903900892843032,-0.06763711991171079,0.12271094694867929,0.7091011531731203,-0.7646532740803035,-0.5115721757510029,0.4742484891713737,-0.46846526602590577,0.30653304539843257,0.2850050176549843,0.3946548774345908,0.24130709924901425,0.19078772709410885,0.2699456472735886,0.3097421907647689,0.2034494061637022
5,11.380984027578325,11.3229259413546,0.04987709372427858,0.9491934480072163,0.2867377257117884,Attention,-1,False,False,False,0.09835813855488675,0.3358953357521025,0.10427258719241517,0.3560933157065785,0.48112014928562896,0.7292574180359754,0.060768729263814096,-0.07430685625526784,-0.06054132849519653,0.16902608247331027,0.7139777713760942,-0.8048047951418329,-0.5109015120582991,0.43668907071030205,-0.525296450864693,0.3662936272348387,0.30150272657757676,0.3352089206908483,0.24319112946086796,0.19711118630086835,0.21402427237985733,0.38902666059889174,0.24754328245055812
6,11.456252254336064,11.664736845277726,0.05054801337623821,1.180873125686096,0.3001395155462202,Attention,-1,False,False,False,0.07526822675773924,0.3418109039231275,0.14546271020291074,0.6605807337749255,0.5219093921445255,0.8151966753273636,0.0719890374563595,-0.047931163033715286,-0.03799401070728749,0.20774366539276454,0.6018539367683309,-0.8652219995429083,-0.4653293194371966,0.3425213563572912,-0.6423192951258814,0.4003543930179576,0.30804845641856116,0.32282922516843476,0.2465280498677856,0.21232366681047835,0.1898779817788166,0.4240104687692229,0.2971438825385047
7,11.540312184900406,12.004492534080015,0.05769665984447546,1.264745747394306,0.32236285244015217,Attention,-1,False,False,False,0.08405993056434247,0.3397556888022891,0.14902976488976175,0.6023525130490961,0.6884434970604902,0.860574770782554,0.08950373318165325,0.002471715562668938,-0.024322557337448078,0.2335643158264612,0.698315732716153,-0.8748851586980494,-0.45587989218974423,0.32527220286974384,-0.6336433309979053,0.44213391330012974,0.2937158253724508,0.3653146492905333,0.2499083324217822,0.2412342234358945,0.21069953018130688,0.44692498215652665,0.32897136336259314
8,11.687579526259533,12.322002109004952,0.05911591913883696,1.3084120590232364,0.35640007143435243,Attention,-1,False,False,False,0.14726734135912653,0.31750957492493753,0.2508998290582585,0.5409420536679649,0.7176070678135752,0.9172857694161888,0.13264049975960368,0.054555811399374377,-0.013861341287698795,0.26649571822449636,0.7055716604799728,-0.8374080230768866,-0.4112061050888522,0.33256346478144344,-0.5742148372231657,0.47974007627463816,0.2662550511980351,0.45198073033183556,0.25949637944929577,0.2854804945007545,0.2725962661759738,0.5090060422686482,0.3266455312756383
9,11.828729540151372,12.642278042503449,0.06760534761804768,1.3339331471350189,0.39401273988697305,Planning,-1,False,False,False,0.14115001389183854,0.3202759334984971,0.26016119958009154,0.5903178381509213,0.838193255065266,0.8128042251258913,0.1802429789185029,0.09281996548216556,-0.0005638764932396163,0.2830001906881609,0.7344193960876483,-0.8859705218600066,-0.35014158693980546,0.22270759567582685,-0.6487074703927665,0.478204581696934,0.24534769640473755,0.5646459937678284,0.2770331981582159,0.34156412032543243,0.3569739951383575,0.556510388645791,0.33182194495848777
10,11.97317005815146,12.961083526709517,0.08148803689515441,1.366014446796977,0.44842360000487735,Planning,0,False,False,False,0.14444051800008903,0.31880548420606875,0.2619208930633797,0.578105217932722,0.9275932455565831,0.7763749367616766,0.2322052220689071,0.1304485670685072,0.03320093306983681,0.3109549052318704,0.7613680314544604,-0.9029717322955234,-0.31780520956109,0.16451673105511952,-0.6774249136724299,0.5227906494412383,0.24858693745097674,0.6883468317641643,0.2956922876252309,0.40327316424749116,0.44984830133496173,0.60348518330568,0.3753654448692756
11,12.126358836471258,13.275778932136555,0.0876745833692472,1.3681184761134098,0.49494888368748174,Planning,0,False,False,False,0.1531887783197976,0.3146954054270381,0.2444751713976662,0.5022248628370343,1.003828163623587,0.743020363326187,0.28466079673627304,0.17504545923336864,0.07434854092680546,0.32995120535428346,0.7981920551192976,-0.8861484902023115,-0.30399681917402754,0.15883571695963022,-0.6505359552340042,0.5679573153611195,0.253419271033702,0.8184599998121295,0.31776082985642456,0.46849771585131045,0.5470394907260862,0.6194931476599146,0.3669632991991671
12,12.279900470190745,13.590302328269102,0.09697528107469743,1.4184504369083082,0.5346983579126985,Planning,0,False,False,False,0.1535416337194869,0.3145233961325467,0.29332669739466455,0.6008670534889894,0.9894804352469386,0.7654073052015496,0.3421020951622644,0.22339928578337678,0.1064086424279367,0.33707211557139793,0.7605356468340886,-0.9044964531784776,-0.29823336661052646,0.1440146422962409,-0.682439499521348,0.5909361199832767,0.22753940526367067,0.9509974918433184,0.3430813780085236,0.5345188413622372,0.6452350727874075,0.6231781926220464,0.36210036143110774
13,12.455764717400182,13.892910600716268,0.11349622745809987,1.390038789596166,0.5959172008328097,Planning,0,False,False,False,0.17586424720943705,0.30260827244716565,0.3350708186759397,0.5765538089514686,0.9333247797636838,0.785127979323393,0.38751986819665984,0.26545401638296073,0.13213456524822356,0.3625416847486076,0.7408230889124959,-0.8651338733294964,-0.2732729628914675,0.17443694335858417,-0.6229389594919543,0.6350751816239231,0.22961261465398217,1.0885547288738815,0.3718440014689114,0.6040087399267384,0.7474220106593799,0.6214039127334084,0.46941641672225354
14,12.675972828572199,14.164955427489454,0.13272334561751672,1.509002306352242,0.6505001212428972,Planning,0,False,False,False,0.22020811117201716,0.27204482677318553,0.49098941252733597,0.6065677098248539,1.0137590855639673,0.8002408932295251,0.43294821058132205,0.3236468975785896,0.16636493730208718,0.3810576941154295,0.7385420038687198,-0.863829317928262,-0.20872578850913398,0.11065010219429915,-0.6313878694748136,0.6954785337081181,0.22413264039869552,1.2281672713778553,0.40342219007118446,0.6740495453239262,0.8508225203159885,0.6325199346178623,0.49540833412954793
15,12.853866135003738,14.466375353053202,0.15271939605947682,1.4602587702068532,0.7105582306575348,Planning,0,False,False,False,0.1778933064315386,0.3014199255637468,0.3680931429823255,0.6236918633077235,1.032382853320564,0.7362453516789464,0.5091531959663825,0.36493212553045157,0.17846468966367554,0.4007295072644171,0.7376825027504716,-0.9023569566394567,-0.22044710075900448,0.07457427920423064,-0.6926554578641897,0.750365319391732,0.25984509676859296,1.3731607036353792,0.4393765330746456,0.7487998103406718,0.9592682678821495,0.6495903257528368,0.50405978841427
16,12.970226122050535,14.796466784954227,0.17018759741984776,1.6113305284226687,0.757208534809041,Planning,0,False,False,False,0.11635998704679697,0.3300914319010253,0.254820933264731,0.7228791346107842,1.2138530446388718,0.7317505767420157,0.5740815835145581,0.4124814826749246,0.20994447087208723,0.41147974032461393,0.7716936539577427,-0.9378517825379081,-0.2738879970794472,0.06293523519058002,-0.7466211461142508,0.7644235885126385,0.27459717365812264,1.5151009502689772,0.4743930969597972,0.8217522971901983,1.0645172710392081,0.6982872771311205,0.44459662371226627
17,13.0915108791948,15.124780670868997,0.19679096396172394,1.5945179247755865,0.8089613291484617,Planning,0,False,False,False,0.12128475714426439,0.32831388591477023,0.312655235814902,0.8463475364830185,1.0785033525283132,0.7518380690165174,0.6347201382014148,0.4524473757368739,0.24557255549127885,0.42994797092505505,0.7021877807902909,-0.9389033231824457,-0.2599920946909926,0.06975922879790951,-0.7544144703906059,0.7850072717404725,0.28403965214080024,1.6558653245967143,0.5122925107538752,0.8969795199118453,1.1690022814951855,0.7422070025321221,0.42629707001667877
18,13.235067630391393,15.443985086856433,0.22992627629167167,1.4990972582655846,0.8669546561527242,Planning,0,False,False,False,0.14355675119659259,0.3192044159874352,0.3291508728399513,0.7318806761846324,1.1063815666903511,0.6158106830539891,0.6891119780731796,0.4940824475751327,0.27204252704682613,0.4549810738940775,0.7288988872420001,-0.9396607896983182,-0.19670271315279544,-0.009162444319028922,-0.7670622854219514,0.8207069133426864,0.30203488992466615,1.7979269478079511,0.5513070069756346,0.973886818957963,1.2747967476042483,0.7884162500348396,0.4265616745738043
19,13.366894578208921,15.768209786453973,0.2452638506797687,1.5003258076686565,0.9277933460145236,Planning,0,False,False,False,0.13182694781752716,0.3242246995975398,0.29429878807222504,0.7238196570151547,1.1451101132358301,0.5737365991283062,0.753573732775128,0.5241768613370074,0.31050025772187934,0.46768907730269565,0.7602945411002353,-0.9372649715633133,-0.20234184496884852,-0.012751388872114008,-0.7618162730092435,0.8495671721078845,0.3712302014281731,1.9354716838035144,0.5883810500517419,1.0478596260197361,1.3766410424135427,0.8107495751594749,0.44244641713212113
20,13.512166484687771,16.086637287131914,0.27378230245125285,1.4379494641751802,0.9950780078484466,Planning,0,False,False,False,0.14527190647884947,0.31842750067794146,0.3244338348892038,0.7111399422170458,1.1000484746805235,0.4966031456176685,0.8102972831596251,0.5550886462520298,0.3308319198542072,0.4929267474765553,0.7272030132209076,-0.9458848979093722,-0.16288130810314014,-0.06439925827294662,-0.7905757731132962,0.8349264310745362,0.3922196402146029,2.068129680094076,0.6257738399123498,1.121492369228278,1.4746587028611795,0.886234259735108,0.557189139667442
21,13.682547485056201,16.39236643967294,0.30620094741432574,1.562811979230048,1.0,Planning,0,False,False,False,0.1703810003684292,0.3057291525410249,0.34721502713344155,0.6230375204129031,1.2926207322929049,0.5126196425830363,0.8329237289439604,0.5766436039410898,0.36055891341148727,0.4941287599243435,0.7912171125527011,-0.9107312140198489,-0.1305077738572633,-0.08245997010610781,-0.7395967422356051,0.8782534110036571,0.4220258163561683,2.1001780486425807,0.6617906751581775,1.1942114603719076,1.5685375483084352,0.9198152119050913,0.6242703875390841
22,13.819904693367079,16.714287233230987,0.3164347475897302,1.4994410062512216,1.0,Planning,0,False,False,False,0.1373572083108769,0.3219207935580464,0.3144232231945637,0.7369061643622342,1.204369107022165,0.39487431787746086,0.8578078506579982,0.5752101050793502,0.3944128094887854,0.49581846311612016,0.7391273065357344,-0.9397217672070722,-0.10030719229905488,-0.15601903674467826,-0.808226277738253,0.9829523329966622,0.4562378475408933,2.09376993749552,0.701884319991101,1.2685672971482842,1.6585335007976332,0.8884475518202445,0.5954440693221775
23,13.862951614510749,17.06162994955026,0.3657084005054145,1.5146207875232194,1.0,Planning,0,False,False,False,0.04304692114366972,0.34734271631927255,0.09914943362956324,0.8000301225602136,1.2629761145197154,0.22155960136578698,0.8584550769874745,0.5666608401042196,0.4364858074481965,0.5076288389785357,0.7333354885990406,-0.9616304781027128,-0.13203288127083146,-0.2197740626683253,-0.8804029591363747,1.0873642643728039,0.5355668239568573,2.085371658037966,0.7391747796090218,1.342541973499314,1.7414334692848965,0.8879344767164205,0.676253556853974
24,13.921478096120422,17.406701899946682,0.41432339688553893,1.5034642680535981,1.0,Planning,0,False,False,False,0.05852648160967273,0.3450719503964248,0.11969113996908576,0.7056985825622887,1.3086253824948895,0.18859468493709747,0.8565560324063624,0.5731140321154632,0.4732159895075855,0.5204505495255909,0.7696482060130868,-0.9377155799882605,-0.10588061120738752,-0.23068054620570697,-0.8448791364275073,1.1839444279084947,0.5746387733286811,2.076359963473802,0.7734265982244676,1.413221267664503,1.8120796122483003,0.9607716173935646,0.7245970010158241
25,13.98758395977831,17.750402372436966,0.4364217265642053,1.4788298401110282,1.0,Planning,0,False,False,False,0.06610586365788734,0.34370047249028446,0.12719579157482014,0.6613218743996448,1.3002020617734957,0.20709153437297947,0.863838311567802,0.5740922545505538,0.5002613935966278,0.532029550835315,0.7690479508465002,-0.9391871780201061,-0.10751656261661444,-0.22431155561908916,-0.8433646111867197,1.238186457032049,0.5613171259602899,2.0678499783764472,0.8083860069417522,1.482388174780754,1.8756225168711964,0.9883287526545215,0.7219798401773906
26,14.018661998040571,18.099019864163598,0.45634189081646,1.4713106700099254,1.0,Planning,0,False,False,False,0.031078038262262065,0.3486174917266334,0.0654737667372996,0.7344511304488849,1.1955662115484567,0.4378027459259609,0.8803773665152884,0.5550381430841935,0.5432173411708313,0.5305933989937571,0.7837930280823203,-0.9698178618707082,-0.24430825495195677,-0.08067130117099955,-0.8434281601873194,1.283178036508418,0.6410570588337269,2.0603364817703893,0.8441860185064285,1.5510075455743881,1.932839964183701,0.9899608865061552,0.6729934982964626
27,14.071727259334033,18.44497373109365,0.5036813583104963,1.4774422541417491,1.0,Planning,0,False,False,False,0.053065261293460814,0.34595386693005287,0.09758852916501824,0.6362190293561159,1.232827550298451,0.49867190737913375,0.877377876945797,0.5487446484638612,0.5876932661875162,0.5415503363215072,0.8263889160108202,-0.9475587821823525,-0.2573461019722691,-0.0321887259714572,-0.790347621421465,1.3647986207239375,0.7142450960652917,2.0547782750437196,0.883222338122342,1.6210782423516479,1.9848413027655774,1.025177094386531,0.726932423402224
28,14.205761591432,18.7682921466209,0.539034931280095,1.4372580687787357,1.0,Planning,0,False,False,False,0.13403433209796634,0.3233184155272509,0.23122446654686876,0.5577610376752251,1.2289754228362786,0.4367700049860831,0.8828090499507899,0.5299515538244403,0.6218793403230993,0.5538753088274363,0.8221107099921028,-0.9248689658550846,-0.18777320510432394,-0.06249355030838148,-0.7582000961004401,1.4020246352159318,0.7506304703328849,2.0503352843558074,0.9239567260753749,1.690865278633592,2.0251310117169203,1.0515138902980519,0.7517326361028893
29,14.412666943687023,19.05058662975549,0.5783638824489196,1.4730266198508941,1.0,Planning,0,False,False,False,0.20690535225502465,0.2822944831345879,0.35411452983703245,0.4831415769640394,1.2744831998475012,0.4320614683847926,0.8696785773215413,0.5180029662635677,0.6554304005581372,0.5645965508772989,0.8178653047094387,-0.8746733568430151,-0.0814871678722499,-0.1217006566644041,-0.7019477523752723,1.4687694842780343,0.8225373426515153,2.0457012511141244,0.964016744477558,1.7607180083720027,2.0209024548490455,1.043156497810169,0.7888085646292621
30,14.604477791317413,19.34334693910652,0.6257884103052673,1.4779895945918748,1.0,Planning,0,False,False,False,0.19181084763038864,0.29276030935103176,0.3180946651047571,0.4855069132400187,1.2834774707414096,0.4474792118625512,0.8547818356000163,0.5015116779435216,0.690763350294228,0.591338543116588,0.8393989276400857,-0.877011888107129,-0.12356671771938232,-0.08321802257910445,-0.6947363747550364,1.5586669493431025,0.8339479193647006,2.040977650939547,1.0053841881479595,1.8313603044429363,2.0166175827528123,1.0839597857384318,0.8910377484874868
31,14.8043180616768,19.630686226957465,0.6672759906898893,1.6435535685307916,1.0,Planning,0,False,False,False,0.19984027035938742,0.28733928785094276,0.39825594048819024,0.5726302217090076,1.4062681697149,0.4869958958023823,0.8410011952002906,0.4957548602027252,0.727477505705509,0.6125220543418951,0.8020853339972561,-0.8881270481351632,-0.09603340072994196,-0.10328264366201022,-0.7135854591595554,1.6195232422107018,0.8877601752627884,2.037421324454505,1.0472081473877706,1.9023594548935754,2.013109793538474,1.1601492148716928,0.9700868364249975
32,15.064925474313446,19.864317938158734,0.6937279190618583,1.611640266176337,1.0,Planning,0,False,False,False,0.26060741263664466,0.23363171120126994,0.5044910902083081,0.4522707757952236,1.39315320341946,0.44435164523724924,0.8402227404868643,0.49386958565788935,0.7598218721395349,0.6329768854046198,0.7983905571837636,-0.8508878107046411,-0.027210412899398993,-0.1483323629294385,-0.6769965286641693,1.681428126081244,0.9132500911715274,2.0345029131534527,1.093941456400596,1.9784830956697483,2.010051636002233,1.2337555588605937,1.0048328521822538
33,15.306376522717839,20.0,0.7152412654621989,1.602850907482708,1.0,Memory,0,False,False,False,0.24145104840439272,0.2533799345339318,0.4710334596599015,0.4943048620440197,1.3610392592564164,0.5004931064673638,0.8460638057571794,0.47519606621030114,0.7923048783838756,0.6460830418243586,0.7979286281841917,-0.8455660825019033,-0.037063445792048226,-0.12113890942494851,-0.6607327249606819,1.7463687229593194,0.9521555231052389,2.031460314992552,1.1395254480450359,2.033621814815299,2.0069423755441984,1.283370531659861,0.9701511640946028
34,15.595465218402204,20.0,0.7067105696418835,1.4384540710042117,1.0,Planning,0,False,False,False,0.28908869568436546,0.19730110498299885,0.44755187163929955,0.3054511647458329,1.2073302493630553,0.5638268275890272,0.8487333614782339,0.4494819358204612,0.8246098653506171,0.6519125983947374,0.8415187836363115,-0.8070611063295801,-0.09973166215047037,-0.01647466599728762,-0.5815298712235726,1.8070468183999995,1.0141442182663802,2.02997888296649,1.1857058470076323,2.0293454122305055,2.004877957962262,1.2930010346011083,0.9401887831885455
35,15.892692300905175,20.0,0.7181169514937044,1.563497888296865,1.0,Planning,0,False,False,False,0.2972270825029714,0.18481358561202096,0.5198827528762081,0.3232592227053862,1.2981673428192806,0.6200907957259565,0.850288188403566,0.4235095725106902,0.8548276803724241,0.6630867001319833,0.8241079031623038,-0.8049789772740528,-0.08967181364401161,-0.012095715083890912,-0.5769412370423783,1.8731142497579059,1.0269541564056377,2.0282897864216856,1.227753425876971,2.022499639658303,2.002692912985023,1.351659153396707,0.9804371456497359
36,16.185382746507873,20.0,0.7227293388783841,1.5989635601133343,1.0,Planning,0,False,False,False,0.292690445602697,0.19191743811570286,0.521740358471331,0.34210571087552993,1.2572743460290658,0.765961073629756,0.8570581296294656,0.3926090131836319,0.8891996638358897,0.6759527544521686,0.8063302073275347,-0.8010353128853216,-0.12371461630892265,0.04977380817371553,-0.5564539822226149,1.944891494524044,1.0663101114127975,2.0262285174375427,1.2735182743588,2.0181282493013137,2.0003063400724335,1.4115749715580534,0.9662902343931937
37,16.53078944436637,20.0,0.7381465478902014,1.5773994715086743,1.0,Planning,0,False,False,False,0.3454066978584962,0.05651736967065483,0.5702746881600864,0.09331152396403425,1.3157820376898612,0.6503740935400082,0.8549082523251358,0.37303602143477654,0.9233960388814225,0.68867317153496,0.8428944779580536,-0.7104973297609275,-0.04213781765628065,-0.004143364149916694,-0.4613465375107578,2.0081609321859286,1.104819642193231,2.024241297987132,1.321011679914008,2.015829135384557,1.9979944407954897,1.4472628103437193,1.0344297425657134
38,16.876994481964356,20.0,0.764466840360799,1.572570036237227,1.0,Planning,0,False,False,False,0.3462050375979862,0.05140108891625728,0.5581650782259496,0.08287081266898534,1.317598271645628,0.6469122717063023,0.8454385673927685,0.3394972651223896,0.9518195423945242,0.7021769393652526,0.8531981504368359,-0.7007951942755711,-0.06545662191707913,0.02616533681241355,-0.4425341907144949,2.00624976383224,1.171005928404206,2.0213407512229176,1.366131816824581,2.0166128273001807,1.9951550243778962,1.4960548591588887,1.122499501683913
39,17.22366194404059,20.0,0.7996070441086813,1.699284339419463,1.0,Planning,0,False,False,False,0.34666746207623256,0.04818371859481,0.7627278358773789,0.10601243966837146,1.3392651238851399,0.7077738375742151,0.8396310728955996,0.30064027204021165,0.9854352979742471,0.7126527883332978,0.7995767926813726,-0.6635188439769885,-0.011365912388275532,0.027413543378165463,-0.39746934626124764,2.007883384453775,1.2816184325732118,2.0186747236709097,1.4111961521853893,2.0180904346600608,1.9925024373431937,1.5522435994960082,1.192671295020102
40,17.571083222760578,20.0,0.8015725879631033,1.552897096487455,1.0,Memory,0,False,False,False,0.34742127871998846,0.042408196054160144,0.7697020736551393,0.09395416585628599,1.226930567486137,0.5521431946302898,0.8421838480005556,0.27322989687211785,1.0121070993475545,0.7229589415341424,0.7761780184083109,-0.6677538280492765,0.04650995207406359,-0.03753359431492876,-0.4196386538796325,1.9949281924081905,1.343472248345649,2.016167857757469,1.459693324769279,2.019396573318034,1.9900397388492763,1.6000250735395207,1.254173215708333
41,17.918434210847526,20.0,0.8281383809792303,1.4551337713493508,1.0,Perception,0,False,False,False,0.34735098808694875,0.04298012418572549,0.7319770020554957,0.09057254341699202,1.1447761203554203,0.5127457553468413,0.8369157535368129,0.26326956336057306,1.0496766286545887,0.7365447777697411,0.7468416502797938,-0.6431998762703137,0.09340200165946887,-0.06418761296734328,-0.3996013704938734,2.027743899958317,1.4017677770990054,2.014087257597622,1.5032994688774495,2.0204911953947327,1.9878605789006019,1.6890194391112419,1.3418843655827655
42,18.267229442231702,20.0,0.8424285009439851,1.461755946872344,1.0,Memory,0,False,False,False,0.3487952313841773,0.029015281554005613,0.731472245536339,0.06084909208463565,1.1393188242373657,0.5476575635901972,0.8307358639758751,0.24947026528373906,1.0645657490710183,0.7416310659053645,0.7634012485296776,-0.6369744058434131,0.06763646568545001,-0.03503513148799893,-0.3841643551348114,1.9997337167914437,1.4076462730005492,2.012517929633978,1.5442455243247946,2.0212466787840566,1.9860122643670428,1.7130696627315098,1.4249522004085988
43,18.59602651427273,20.0,0.8587187991681428,1.4514349761951684,1.0,Memory,0,False,False,False,0.3287970720410259,0.11996868515261983,0.7939494470758504,0.28968953601708025,1.0789529828725117,0.4777532826505109,0.8191232889213897,0.2344034859736316,1.0834356409221952,0.7516317948662482,0.6893139122715366,-0.6844885074820649,0.1454882277831202,-0.13676339320576728,-0.4706320532143604,1.9775078309640397,1.4535042446215238,2.011460058819417,1.5855197992733852,2.0220000370253475,1.9845192930840092,1.7536332643349377,1.4589858626335845
44,18.9266003343487,20.0,0.8792872799089192,1.4972122523160014,1.0,Perception,0,False,False,False,0.33057382007596764,0.11498238769647201,0.9230274768154381,0.3210535642819488,1.0359856625516635,0.4618691604536155,0.8128065491297035,0.21809738493437553,1.1125948289588021,0.7599726074707075,0.6178361697051884,-0.6728511134981664,0.17538810173810046,-0.1344919209848625,-0.4630820709295024,2.0291755897277737,1.46242474896029,2.0108954246014212,1.6267961836724643,2.022181299402631,1.9833027504559035,1.7891803870534435,1.497569111076882
45,19.269375108829784,20.0,0.8949605276055369,1.354030732831937,1.0,Memory,0,False,False,False,0.34277477448108595,0.07074923306609504,0.8224807772669018,0.16976127922870216,0.9030140859151454,0.5591701576383473,0.8149496370485395,0.206882625993681,1.1348932079990146,0.7654401247448674,0.6217541186584936,-0.6308432042750842,0.1539810463984554,-0.07126875277795683,-0.3965073624795503,1.984389267734832,1.5351364908571261,2.0105643574045993,1.6683922243125395,2.022517270013641,1.9822593889834779,1.8453298131185731,1.577409534116932
46,19.610348722195024,20.0,0.9080165158196172,1.3646484512054005,1.0,Memory,0,False,False,False,0.34097361336523774,0.07897464775896966,0.8959791653281611,0.20752233078332716,0.8986170386555987,0.457065236852736,0.8211690800991264,0.19479855985185468,1.1547610516098148,0.7816245928795221,0.5902169657273446,-0.6085324901127521,0.211049064772621,-0.11997779249899304,-0.38745419308491547,2.0029108834187817,1.589470521148961,2.0107858633270013,1.7064985859085988,2.023256222477084,1.981573228883286,1.877202691699926,1.6462287946415066
47,19.95393299275977,20.0,0.9299997730069899,1.4086767087813945,1.0,Memory,0,False,False,False,0.34358427056474616,0.0667071886717711,0.9111506065819971,0.17690069257757338,0.8889984204218637,0.5766824043105931,0.8203122463854248,0.17928396906628874,1.165949895939123,0.7895114168132713,0.6254917817127879,-0.6228983646482256,0.14510888772949937,-0.054738114494609726,-0.38262385959575196,2.0060017042279865,1.5981675697395414,2.011319434004134,1.7440601207477904,2.023988449579002,1.9810835613217785,1.9221832176413212,1.664175254304409
48,20.0,20.0,0.935616986256277,1.4271955369954241,1.0,Memory,0,False,False,False,0.3485822113448442,0.031471287452825444,0.8324071291053114,0.07515278515442786,0.9126917463286214,0.7108665889612862,0.8272159368787149,0.1691663246952954,1.1758922886064898,0.7805558478139151,0.6463275228559991,-0.5780559313388954,0.05998496903709761,0.076133536279082,-0.29768738604123113,1.963836449735781,1.594319989030378,2.012211743950076,1.7832848314837746,2.0248334571230604,1.9808461151726384,1.9576003057641282,1.6921312591289919
49,20.0,20.0,0.9624804304777917,1.4182241336863723,1.0,Planning,0,False,False,False,0.34994079383876375,0.006437453494653213,0.6919241853845297,0.012728523920795064,1.0381300939503255,0.6743326388095879,0.8323811866546775,0.15573319201456082,1.202836852149497,0.7997948660137334,0.7507927468067328,-0.594161368674391,0.019576258716908112,0.06565097585837934,-0.3106414725886097,2.011393598227556,1.68901205242316,2.017334468298393,1.8236582723680945,2.0166099094852776,1.9831259538915704,1.988336803373477,1.7510518388078922
50,20.0,19.918758063303038,0.9884079914518177,1.4851401425264232,1.0,Planning,0,False,False,False,0.34044052009378517,-0.08124193669696131,0.5958276203976008,-0.14218692241836536,1.2096191691646039,0.6059992032977143,0.8257359831338529,0.14097874407607552,1.224290765274579,0.8117180041124175,0.8327766888662527,-0.5784220350888694,0.004441350996023757,0.02875996107824572,-0.30452750492213854,1.9999153821236046,1.7681904127625219,2.0231300739484164,1.864519687143827,2.0087296337064036,1.9859095069789985,2.0188229369989372,1.7848740744956544
51,20.0,19.96270461890486,1.0,1.5055786302948035,1.0,Planning,0,False,False,False,0.3472300393841757,0.043946555601819,0.6230224837279147,0.07885173837750614,1.2792463556766887,0.48571716215574817,0.8175557713382485,0.12219900944333285,1.249221949382398,0.8311586044191638,0.8143274836263652,-0.6776160467916086,0.048105918154846175,-0.08307568661650505,-0.44515456317418584,2.002526064927791,1.8328170952907352,2.027967369889847,1.9062135792272448,2.001352765771354,1.9882956736949051,1.9976335735298185,1.8861140522595718
52,20.0,19.999308396167365,1.0,1.6003389721735115,1.0,Planning,0,False,False,False,0.348080685316087,0.03660377726250679,0.6765886203602054,0.07114930590165426,1.384098761348487,0.42722483513922954,0.8019920857480249,0.10909616073525888,1.2754236091415319,0.8337194335555378,0.81375799873367,-0.6660410537613622,0.07445063069659266,-0.11639247100270403,-0.4427299012168066,1.985283110134272,1.9216853381698276,2.033906882762052,1.9496097058064057,1.999951758077393,1.9913729946382022,1.9973694098174122,1.8978727383275042
53,20.0,20.0,1.0,1.5152470974503467,1.0,Planning,0,False,False,False,0.34095526668679504,0.07905381786186198,0.6603020514736412,0.15309749756398966,1.2884455449047125,0.4200526171877087,0.785930071150377,0.09893805453611532,1.313480601493668,0.8554055266112751,0.7765137494665415,-0.7121130320436634,0.09138075659150373,-0.14562694837387025,-0.5032360658394726,2.0156288069986124,2.028567632173378,2.0393969305804864,1.9951162672980833,2.0006587074486846,1.9943311752109685,1.9939887029454808,1.9732791447748592
54,20.0,20.0,1.0,1.4303043389708507,1.0,Planning,0,False,False,False,0.34231524296879157,0.07294021134612365,0.6912103736940386,0.14728245901241604,1.2279841453689122,0.1958610154329548,0.7802596804503314,0.08478921829375136,1.3167236647165532,0.838312728391761,0.7248020623928536,-0.6485073938560593,0.22569032761397134,-0.2722590595942291,-0.47338076071339635,2.0146845021658564,1.9942427373998706,2.044186026652943,2.0,2.00066923906628,1.9969228693633134,1.9777706512702615,1.9578291218239252
55,20.0,20.0,1.0,1.4572672560473636,1.0,Planning,0,False,False,False,0.3454934030838658,0.05598489461925789,0.7073337929505212,0.11461870908534344,1.2483841184388556,0.2273904247220896,0.7740484986201266,0.07469535346034739,1.3198482532935745,0.8335812971721162,0.7234529355073632,-0.6514085208750842,0.21412916027166334,-0.24996196076509988,-0.4683876170987316,1.9907717479824727,2.004797772427012,2.0487413929444145,2.0,2.000660910626395,1.9994460537374592,2.0120360294301247,1.9356424720459997
56,20.0,20.0,1.0,1.3246049645549323,1.0,Planning,0,False,False,False,0.3346525354632714,0.10250697785030971,0.7429929538200473,0.22758519416186124,1.0623632663582492,0.14875836913691354,0.7543744486524909,0.06286112596625758,1.3244597775745073,0.8078270192275665,0.6578889057592963,-0.6519393484077758,0.28063073733855054,-0.3127474920674801,-0.49240942353178097,2.0020589075962434,1.9603135400612484,2.053042784086982,1.9999999999999998,2.0002075888908335,2.0019419624459402,2.006219409053136,1.874829759569406
57,20.0,20.0,1.0,1.3839896567969436,1.0,Planning,0,False,False,False,0.34495998139579587,0.05918286268348439,0.7765987176512057,0.1332367165633246,1.129287829250968,0.13884803897961848,0.7477655125738403,0.05192643379662902,1.3352579965705844,0.8160598237670983,0.6712851528575893,-0.6159462093353587,0.3042881971037794,-0.3388320321690907,-0.4613934238967864,1.9886232957048522,2.0115790969703204,2.0570726479461454,1.9999999999999998,2.000003740417737,2.004274208653272,2.0259243674907044,1.9167284950239654
58,20.0,20.0,1.0,1.509808533778869,1.0,Planning,0,False,False,False,0.3268862276864427,0.12508154999410234,0.8599081221294482,0.32903998901918297,1.1836014300753848,0.1757844433306433,0.731539350421668,0.05090169129582103,1.3413672597962343,0.8082151856226008,0.6223117668434399,-0.6884068988071297,0.28260204308163,-0.3286640883696541,-0.5425414759955098,2.000666650717311,1.9840350197353571,2.0608592543086566,1.9999999999999998,2.0,2.0066072782323374,2.0114098382316965,1.955510725379742
59,20.0,20.0,1.0,1.6341334883573784,1.0,Planning,0,False,False,False,0.31716864052879473,0.14800018062528214,0.9476860223192475,0.44221806495579513,1.244794361117205,0.16496557952899785,0.7307432814427984,0.04509539122527598,1.3494709225695383,0.7973831979839362,0.595047062166547,-0.7042200288376322,0.2963981359941865,-0.3567627074879159,-0.5738627459302195,2.0040508943839024,1.9498312676012144,2.064195533548421,2.0,2.0,2.0086619288868848,2.004265456399625,2.0210517174796885
60,20.0,20.0,1.0,1.7102163356101097,1.0,Planning,0,False,False,False,0.32360613895356893,0.1333381671974061,0.9591284411716642,0.39519778229882196,1.3193621897270646,0.3286558581677545,0.723413497930336,0.04427361542234917,1.3643422003906152,0.7889055417731528,0.63581483954575,-0.7106269182110163,0.2258318498237622,-0.2600097986260235,-0.5441466479712329,1.9950668936680669,2.006690544557375,2.0671545333222703,2.0,2.0,2.010503673243074,1.9950790296040843,2.0507227898970686
61,20.0,20.0,1.0,1.7266067345435987,1.0,Planning,0,False,False,False,0.32783277342912504,0.12257925055150219,0.918584390674401,0.3434659231881816,1.3991047431023924,0.24881842861316905,0.7113060970435756,0.0504946146629391,1.364364664213639,0.7739510780705083,0.6471593739006016,-0.6959102183835454,0.2630675665868791,-0.3200376162957596,-0.5467959025237094,1.9860157903609352,2.017926369727085,2.069876715241478,1.9999999999999998,2.0,2.0123116109780663,2.0009942459571843,2.0138698100642385
62,20.0,20.0,1.0,1.8165961921491212,1.0,Executive Control,0,False,False,False,0.32821327688997437,0.12155675576924979,1.0254277847578135,0.3797764550292508,1.4443357850507124,0.13484646011196716,0.6970927892229476,0.04918413332141687,1.3830538996838784,0.776119428723154,0.6049864998754666,-0.6759010863792586,0.3169137544292288,-0.3686690610047391,-0.5437643501578739,2.0099352113620492,2.022003601549756,2.072479302877061,2.0,2.0,2.01414016394467,1.9986763730302948,2.081170922139643
63,20.0,20.0,1.0,1.7315927047355897,1.0,Planning,0,False,False,False,0.3156519715454275,0.15120791268807535,1.0271242831479555,0.49202708339075424,1.2960303460528961,0.14711795737200634,0.6821305178068167,0.029478615046573606,1.3706899664550116,0.7497516617087763,0.5705688279160117,-0.6932927353374492,0.31489568521562666,-0.3622536264776983,-0.5650364795405152,2.017933430239228,1.9619732835312105,2.0747803983921504,2.0,1.9999999999999998,2.015797085501533,1.981190956907419,1.9611753545942048
64,20.0,20.0,1.0,1.5835802802377126,1.0,Planning,0,False,False,False,0.31160814811182674,0.15937491029116796,0.8353416304305067,0.42724331253546927,1.2735422797561597,0.07405456093082753,0.6943406840221336,0.03698179340563723,1.380707772231075,0.7298071724755637,0.6165646176531446,-0.7177608505944475,0.2934198026046563,-0.3896965492566276,-0.601398751213201,2.007971859876904,1.9875760994305867,2.0769699234533183,2.0,2.0,2.0173493805511145,1.9914565184699675,2.0141379640234445
65,20.0,20.0,1.0,1.6416605023408293,1.0,Planning,0,False,False,False,0.3242019657394654,0.13188284729511446,0.8518466520834986,0.34652461677503893,1.3585540338567574,0.06048233907946578,0.6829278825477181,0.024811909771179336,1.3845804569051645,0.7181545453182822,0.6387266137339099,-0.6870146213732817,0.31283756889648673,-0.4146377672879508,-0.5741973029521168,2.0020872347650367,2.0195128813372563,2.0792819256020354,1.9999999999999998,2.0,2.019083915642498,1.9915737136354414,1.961575947345725
66,20.0,20.0,1.0,1.6903836492070023,1.0,Planning,0,False,False,False,0.31351453190225004,0.15559125388694905,0.8007772232155526,0.3974103895224351,1.4241568655137573,0.17319042986039124,0.6766951949518524,0.018551327154739825,1.392572445327471,0.7055165575286432,0.6894753309931995,-0.7386632891296568,0.21655003956591373,-0.3259178720017467,-0.5989779392125623,2.003306774473724,2.024718451734678,2.08140055460298,1.9999999999999998,2.0,2.0207914691141933,2.0160860880717513,1.9397167628971506
67,20.0,20.0,1.0,1.7525633161342755,1.0,Planning,0,False,False,False,0.31983323964004856,0.1421502684533211,0.8393562367878098,0.3730528900674534,1.4796689482003162,0.19588422542171285,0.6669556907707757,0.02850967466066366,1.3961049925974223,0.6922948305811238,0.7016928358746406,-0.7257835772597009,0.21179917242483914,-0.31014310459333255,-0.5772090550118872,1.9920016127679323,1.983504791816823,2.083359248798569,2.0,2.0,2.0224364257310277,1.993250999242444,2.0131318060178343
68,20.0,20.0,1.0,1.7814804274252618,1.0,Planning,0,False,False,False,0.30343643604820864,0.17443144578418585,0.9015083181535044,0.5182350589465866,1.4296060284931007,0.22048649068399806,0.6639074454348928,0.022640353989912793,1.3864903082080424,0.6829866037987479,0.6372342995642013,-0.7515530134635146,0.22324009967332575,-0.3095396416694174,-0.6109025505494817,2.032692393803404,1.959099271105943,2.0851109084689723,1.9999999999999996,2.0,2.023993435192385,1.9823790922498723,1.9476621172753914
69,20.0,20.0,1.0,1.8612716855974596,1.0,Planning,0,False,False,False,0.2401472568298068,0.25461597561252675,0.7162503566616871,0.7594039830048157,1.5178704982351607,0.26588052838179244,0.6614144729063844,0.02343685051047882,1.3965011086569081,0.6819871091998394,0.6695870804970202,-0.8503083530206273,0.12001892443239996,-0.30407756671951874,-0.7343669766401076,2.016547201942004,2.006124768038938,2.0866740459246524,2.0,2.0,2.0253644497646253,1.9976339053334273,1.979680853172079
70,20.0,20.0,1.0,1.9575848434869867,1.0,Planning,0,False,False,False,0.24367677280321615,0.25124018467635656,0.7668642091238614,0.7906666823659779,1.5832539602225044,0.33497880388307916,0.6456271305384871,0.028650659836912867,1.4000871324391455,0.6649754553294626,0.6720602930275823,-0.8477948613456697,0.11049536391869634,-0.2796432643708514,-0.7214034302229387,1.999691890569303,1.9964841834814917,2.0882093885635973,2.0,2.0,2.026686318382672,2.0079907240522354,1.9640554148736884
71,20.0,20.0,1.0,1.9317894479401236,1.0,Planning,0,False,False,False,0.2529205243225527,0.24193223922496357,0.6888072816197518,0.6588816328096908,1.6520049857599826,0.3067727512844175,0.6361898219075005,0.03859459896497981,1.4017274931458326,0.6520892133597137,0.720750605208858,-0.8485358533303624,0.07869772379973737,-0.26208362327286144,-0.7138692613952082,2.0215026975060506,1.9859239282446173,2.089527128331907,2.0,1.9999999999999996,2.0278756455795857,1.983740097217612,1.9628638988952587
72,20.0,20.0,1.0,1.8556429384269855,1.0,Planning,0,False,False,False,0.24192686601009206,0.2529256639855571,0.6077006618489929,0.6353287501199112,1.6002448811112877,0.33118623200613967,0.6177156489616383,0.04658873285788116,1.4255150872374829,0.6430209447196571,0.7473996097535579,-0.8442369922108642,0.061163294036167944,-0.24760908603268958,-0.7027017417905765,2.007651938403283,2.020653048103809,2.090799440324134,2.0,2.0,2.0291477572614234,2.033785630731734,1.9722052270150796
73,20.0,20.0,1.0,1.9795870373269355,1.0,Planning,0,False,False,False,0.2500014040717288,0.24494754124539433,0.7126896231592466,0.6982823617017652,1.653960362616098,0.43319187622229993,0.5986964700671169,0.04061005240150921,1.41328479147063,0.627983326865615,0.7371797835356912,-0.8501949567579682,0.04463443489527214,-0.21291895685674375,-0.6975792787946739,2.0024971534116327,1.9498605270502918,2.092070699584415,2.0,2.0000000000000004,2.030466471826831,2.0079028877159657,1.9264539199844342
74,20.0,20.0,1.0,1.860313625203197,1.0,Planning,0,False,False,False,0.2782371184865018,0.21233018131280434,0.7618755176845695,0.5814075695137682,1.5042572167426125,0.5286661930362031,0.5963797645879773,0.05212137332253938,1.4289097897715155,0.6175082896595109,0.7318094944025902,-0.8257685048367845,0.046545379107252045,-0.1705434818986022,-0.6512173814378268,2.003652508565808,1.9508648302650895,2.0930916912582216,2.0,1.9999999999999998,2.031581493169254,2.0107938041954387,2.0127312623755866
75,20.0,20.0,1.0,1.834507385426709,1.0,Planning,0,False,False,False,0.27071026521587144,0.22184668649036102,0.7652389461757305,0.6271122539335031,1.4140737987298522,0.6220548329152059,0.5955793366925253,0.06110913604661297,1.426950478763416,0.613376875705638,0.7227500706153389,-0.8295815004415863,0.002802619662485011,-0.1024254554881229,-0.6362354237327162,1.9949655669868205,1.9846620920407783,2.094078605155519,2.0,2.0,2.0327083764312297,1.965735720128129,2.054441104525727
76,20.0,20.0,1.0,1.7552921400301775,1.0,Planning,0,False,False,False,0.2681889484702329,0.22488816758209118,0.7462455354030677,0.6257595325250305,1.3369320340521524,0.5875422040346875,0.5838636777481347,0.06480446726530573,1.4186275840168716,0.6146213969661133,0.6948443033056321,-0.8310451990683505,0.022570798643438347,-0.11874873135992808,-0.6452395131221287,1.9981170062908693,1.9709331360128715,2.095019306297798,1.9999999999999998,2.0,2.0337837086390556,1.9864458188474867,2.0019817966500097
77,20.0,20.0,1.0,1.7273419282987095,1.0,Planning,0,False,False,False,0.25854922222710625,0.23590739642020217,0.6741193649515584,0.615084984175557,1.2924229599944463,0.6932435169382836,0.5726242182452193,0.06932519448665247,1.4298949526322555,0.6183992957255099,0.7274120217538268,-0.8266654548579286,-0.03808620866392523,-0.04464294169988744,-0.6165946255723027,2.0091985639475345,1.984052014651672,2.095959744288764,2.0,1.9999999999999996,2.0348651261306547,2.0034550035861565,2.0271068837453576
78,20.0,20.0,1.0,1.6557654650016946,1.0,Planning,0,False,False,False,0.25970089616164516,0.23463896635648215,0.6562228909064551,0.5928953773263629,1.1843722047959655,0.7461021006500554,0.5663077436812519,0.06995025112002605,1.4339642483493746,0.6174656048923612,0.7209572831537278,-0.8417064094855184,-0.09193425133323706,0.00891545483459244,-0.6240364397318813,1.9849664166683703,2.018379166689104,2.096890141725108,2.0,2.0000000000000004,2.035972140815748,2.0096110045861213,2.0360982042039146
79,20.0,20.0,1.0,1.643673841100651,1.0,Planning,0,False,False,False,0.27364142738413744,0.2182209183812858,0.6483094244016546,0.517007528211618,1.194129897953216,0.766886946516446,0.5355782844731702,0.07269335962515054,1.425975106388281,0.6249782529104579,0.7338330084411674,-0.8100295971428577,-0.10808454508974817,0.05812250858924185,-0.5705414225564099,2.020537349555562,2.0094968465829064,2.0978207243176286,2.0,2.0,2.037093340937265,1.9922045275154143,1.9495151881736796
80,20.0,20.0,1.0,1.600306628039184,1.0,Planning,0,False,False,False,0.2628519776156167,0.23110352196268957,0.6806923641251756,0.5984752488812601,1.0635415937671062,0.7799652966457289,0.5348757188654649,0.0800774300666524,1.4250222474052563,0.6311286598660545,0.674995630822782,-0.8164607878330707,-0.09068416995646147,0.049528247263385845,-0.5880825180320397,1.989090351953507,2.00849007559925,2.098684025425619,1.9999999999999998,1.9999999999999998,2.038205899296954,1.9787466131865772,2.0304169620199213
81,20.0,20.0,1.0,1.5571923622607835,1.0,Planning,0,False,False,False,0.2726651037475153,0.21943960717782177,0.6834828018114227,0.5500637796363496,1.0169403129958,0.7880111362458686,0.5252048309390955,0.08936527444493966,1.430111138994034,0.6427748676611356,0.6833727032064952,-0.7930715402485824,-0.10762911683227971,0.09043613881161132,-0.5483757181623972,1.976214251737559,2.0212042610506415,2.0995301632421683,1.9999999999999996,2.0000000000000004,2.0392590123562395,2.005900210691451,2.074880835051985
82,20.0,20.0,1.0,1.6656489092525273,1.0,Planning,0,False,False,False,0.264217882443598,0.22954065129519216,0.7053138603493851,0.6127450624265908,1.037568607575981,0.9082474994944141,0.5271810777577589,0.09489947648209032,1.4169787931673994,0.6406562344367073,0.677186674810965,-0.8017803001055802,-0.13328556325256177,0.11167078680500034,-0.5565684329155568,1.998015751043826,2.0620602622696866,2.1003434072669127,2.0,2.0,2.0403078614834347,2.013692138314022,1.972420652495813
83,20.0,20.0,1.0,1.7630548092191654,1.0,Planning,0,False,False,False,0.2850949570539546,0.20302922317342337,0.7601930139447874,0.541368387143601,1.1510124367877557,0.955279792323598,0.5016131501577441,0.10022958836567888,1.4061289501359973,0.6472725222514246,0.6913735283651314,-0.7887793058224343,-0.12402118036337295,0.11070189025206527,-0.5378676390913011,2.004187379397426,2.0034045955686164,2.101035064817209,2.0,2.0,2.0412434158016945,2.0085384230587136,1.949630882005577
84,20.0,20.0,1.0,1.6923085217737288,1.0,Planning,0,False,False,False,0.3022736109241977,0.17643883965512444,0.698361357223965,0.40763752797287395,1.1286858820351973,0.9675222855763467,0.49181622181732865,0.10321642623245285,1.4006466535472941,0.6712851004022294,0.7242807314529546,-0.7548013192593755,-0.13807546472481436,0.1469374703258166,-0.4840668857736989,1.9809689921107883,1.946802611803135,2.1015673268978663,2.0000000000000004,1.9999999999999998,2.0420754716411604,1.9955003029228355,2.0660971278845777
85,20.0,20.0,1.0,1.7711028056808598,1.0,Planning,0,False,False,False,0.30280155850604135,0.17553123985864275,0.8329653179512074,0.4828622274621049,1.0466936722106825,1.055580576377525,0.48211289855206796,0.09891338155455452,1.3863820997622363,0.6736725779126612,0.6592419199092361,-0.7386112485691814,-0.12035971362530645,0.15919919908653313,-0.4703028928239606,1.9871675084044356,1.96051670953841,2.102116847125831,2.0,1.9999999999999998,2.042982003426771,1.990549008503064,1.9700493482155368
86,20.0,20.0,1.0,1.7269962214252907,1.0,Planning,0,False,False,False,0.30181070220157413,0.17722951231832887,0.8118267480080719,0.47672152639686954,1.0617854563866913,0.9842771514728028,0.48877159651492275,0.1035744974634663,1.3959970052737207,0.6806732814630193,0.678830809352597,-0.7327514519220171,-0.11530828869139831,0.1540713025615963,-0.46102558516574393,2.0027544650577886,2.00970496235752,2.1025666222181316,2.0,2.0,2.043736172818748,1.998890844451856,2.0141718014679197
87,20.0,20.0,1.0,1.7113519374807806,1.0,Planning,0,False,False,False,0.2915739033455572,0.19360955267712301,0.8189877047066527,0.5438204219819964,1.0898895911824429,0.8799912619600496,0.48269670690844746,0.10570497521395274,1.389177615852018,0.695881542160266,0.6763745066048701,-0.7688457322957167,-0.07173134500331255,0.07464736902529581,-0.5216750177585733,2.0071078935333952,2.000757307350338,2.1030048664753367,2.0,1.9999999999999998,2.044483429224818,2.0117884922731943,2.016531134211498
88,20.0,20.0,1.0,1.625679463100206,1.0,Planning,0,False,False,False,0.31083056041150736,0.16088617937619215,0.7945606605473552,0.4112653169908674,1.0682963871710434,0.837323558520852,0.47228425360746096,0.10671966597636505,1.3851287517459976,0.7070638740248614,0.6956587910335038,-0.7291336926030221,-0.039040825789819676,0.06587187479759464,-0.4718586225757123,2.032507951726208,1.992002766985558,2.103414279961138,2.0,2.0,2.045176171722915,2.02137894338298,1.9902692450039867
89,20.0,20.0,1.0,1.5535421470654913,1.0,Planning,0,False,False,False,0.32853683039650355,0.12067953875044032,0.7887102068501352,0.28971237062087285,1.0625911224683193,0.760523675555222,0.46932580781290945,0.1008867395823137,1.3778521610819896,0.711065339635609,0.7134013255533951,-0.6788348331678554,-0.014147752774208239,0.0694099926151842,-0.40902745395189377,2.008430486635325,2.0019621040147793,2.1038446878795884,1.9999999999999998,2.0,2.045927551476069,1.9925741603889566,2.006856565521031
90,20.0,20.0,1.0,1.5545204541654345,1.0,Planning,0,False,False,False,0.3285101060255841,0.12075226804933918,0.9833279869116227,0.3614472811582912,0.9277375232565583,0.6769481985056982,0.47485102867530493,0.0875152560111025,1.372150576544716,0.7106506617261407,0.6062302691606839,-0.6495876007937175,0.08577309075416943,0.007309285541036138,-0.4011869447029514,2.017061282013398,2.0244099463673324,2.104285575286632,1.9999999999999998,2.0,2.0467164750655056,1.9990583680694598,1.9610384300490384
91,20.0,20.0,1.0,1.667209088258993,1.0,Planning,0,False,False,False,0.32678093583062096,0.12535637190691015,0.9668529540312008,0.370894275630729,1.1472308911400655,0.6253640763370178,0.47333122379375636,0.08205838692394739,1.362508867339766,0.7121616120582155,0.6521023675137646,-0.6944579375651123,0.12014756396909619,-0.09050071335458301,-0.4727865248374385,2.0077840468089727,1.9788089510411875,2.104697205021563,2.0,2.0,2.0473866975579074,1.986631981474878,1.9888416221718113
92,20.0,20.0,1.0,1.4865912515507254,1.0,Planning,0,False,False,False,0.31040044340762113,0.16171445430867395,0.7861809035289052,0.4095896719938629,1.087873853633838,0.4905506245938837,0.47992674179752903,0.08116652646199471,1.366160105433925,0.7084799612088791,0.6706110296369352,-0.7490506366310582,0.08558965760509595,-0.10256502436729889,-0.5398893188074098,2.012837527702296,1.9768163902182372,2.104982141968284,1.9999999999999998,2.0,2.047954884915842,1.9937317944180941,2.021701622722364
93,20.0,20.0,1.0,1.5201244901418491,1.0,Planning,0,False,False,False,0.3129307909055281,0.15676198551702716,0.7391596293700234,0.37028037662505336,1.1489374977928337,0.5543072944590726,0.48461810486742174,0.08202740291988778,1.37564247951754,0.7111332940429241,0.7057872134197761,-0.7524364109939594,0.061250563299587425,-0.08853564794335436,-0.5368456974999155,2.0106368090912174,2.0171833938067603,2.10540703214649,2.0,2.0,2.0486664984510345,2.018899171020874,2.050956541593412
94,20.0,20.0,1.0,1.5083360449121663,1.0,Planning,0,False,False,False,0.29005373257605355,0.195879637070062,0.6153942161009179,0.4155891897486825,1.1763321447833985,0.583005912220568,0.484058337274859,0.08159806549800738,1.354600076588992,0.7098777315687795,0.7418934768778365,-0.8025635407571623,-0.023316466460589987,-0.044003019100903804,-0.584417917742674,1.9974878493805837,1.9986224142369948,2.105777039811594,1.9999999999999998,2.0,2.049354563279039,2.006284751494641,2.01321338259477
95,20.0,20.0,1.0,1.5009462369343443,1.0,Planning,0,False,False,False,0.28828714574093683,0.1984704552333769,0.645819433425363,0.4446125290153452,1.193901171776979,0.4611686856776461,0.4832600712450172,0.07510028682111099,1.3509451089315538,0.7110371905809911,0.7405708797708421,-0.8065751876495916,0.03519890985058401,-0.1322624587637806,-0.6143227308377178,1.9967084642401822,2.0010656539098437,2.1061519081772526,1.9999999999999998,2.0,2.0500626228760526,1.9924576397947642,2.009715072107059
96,20.0,20.0,1.0,1.466023266223461,1.0,Planning,0,False,False,False,0.31287664486662753,0.156870026126734,0.6855309280004943,0.34371135190344226,1.2113825089504446,0.3060824847078306,0.48216766073663025,0.0821295427057645,1.351733721611164,0.7225133924153042,0.7242899528605734,-0.7526481093588164,0.14263569281181693,-0.2312558227809352,-0.5802547312674646,2.0131135170023065,2.0334247068374025,2.1065103209372587,2.0,2.0,2.0507294796078726,2.009062267373718,2.0143842023815455
97,20.0,20.0,1.0,1.4714629518804376,1.0,Planning,0,False,False,False,0.3050428785505152,0.1716066497709679,0.6541893923310368,0.3680244904161685,1.219549976416217,0.33837152243556873,0.4872280039568265,0.07914787215149276,1.3619006587548896,0.7223760932771643,0.712880761027092,-0.7643431227580212,0.12422872230531248,-0.20337530303967338,-0.585407045260775,2.0097647841559096,2.0657977853945737,2.1068686526877354,2.0,2.0,2.051401286139038,2.0152673777040326,2.0595175475485923
98,20.0,20.0,1.0,1.4003415618270776,1.0,Planning,0,False,False,False,0.30967860498913136,0.16309249403938095,0.5976654261285087,0.3147609921319198,1.1931802256086397,0.28460322422553813,0.47238237967706553,0.07159813634490021,1.3537083589043075,0.710650179911507,0.7385084704860114,-0.7772458460130791,0.11664228631967331,-0.2306588289633665,-0.6100812409548406,2.0324300694677495,1.9860198280227128,2.1072003732954885,2.0,1.9999999999999998,2.0520458666012575,2.0048245771708433,2.021377602004192
99,20.0,20.0,1.0,1.384319166202299,1.0,Planning,0,False,False,False,0.3302551196049541,0.11589458992859618,0.6350510493596441,0.2228549281455457,1.1719958429359172,0.29968507431037633,0.46247670177262484,0.05703925495311965,1.3483296251505352,0.6906608594665468,0.7578584894785291,-0.7004178499495578,0.1359001032010481,-0.19169876478280354,-0.5046132739846007,1.999998123892745,1.9723963672347238,2.1075649810519574,1.9999999999999998,2.0,2.052738243704681,2.000822068355267,1.9662697456674099
100,20.0,20.0,1.0,1.4620520688943366,1.0,Planning,0,False,False,False,0.30761407904379506,0.16695382108247103,0.6376678214531059,0.34608649806881575,1.2364009801710165,0.2872503328598128,0.4661144020715022,0.05467356183057011,1.3566312040806263,0.6712710543083225,0.7462097045123208,-0.7773975957999305,0.11048632462869,-0.2273849762555356,-0.6091214375218382,1.984667199172292,2.0032933851089534,2.1079038486266315,2.0,1.9999999999999998,2.053411684085871,1.9976468206673612,1.982077893553623
101,20.0,20.0,1.0,1.5176809791909947,1.0,Planning,0,False,False,False,0.2905576287426925,0.19513140285311245,0.5246487289411087,0.3523412650577519,1.3546604312746395,0.26239286326980393,0.47457339144567795,0.057526625929098185,1.3679219691363251,0.6661088413717698,0.770647097875552,-0.7929465499295176,0.09238074798636034,-0.24831776608628492,-0.6373601495799257,2.0046740390325835,2.090888880456459,2.1081779107285312,1.9999999999999998,2.0,2.0539900374374054,1.984550246052714,1.9799195800105278
102,20.0,20.0,1.0,1.3764949940237539,1.0,Planning,0,False,False,False,0.3009304010576399,0.17872015476517458,0.2854611411092641,0.1695330851890871,1.2923098372402857,0.33829605833841325,0.44956493603319625,0.04777894430737814,1.3621415553369625,0.651992765128826,0.8669221114678897,-0.7706001729645098,-0.014349105080784902,-0.1578893641721454,-0.5874815197850358,1.9908375615648584,1.978585409683212,2.1084154903196093,2.0,2.0,2.054556929415393,1.978206276666662,1.9832329442277747
103,20.0,20.0,1.0,1.3768827784561417,1.0,Planning,0,False,False,False,0.22328081710992012,0.26952861946503265,0.23349163265626072,0.28185438507911326,1.2614404230517366,0.4130544852575127,0.4393461467150269,0.05208746244164593,1.3740721354113243,0.6548957457380764,0.881280790320143,-0.8270515820915881,-0.10391067303109243,-0.10013203112020672,-0.6405391279369989,1.9858690306749571,2.0579251329938946,2.108750147911973,2.0,2.0,2.055300251096312,1.9932468250329334,1.9565068520731028
104,20.0,20.0,1.0,1.250096974590218,1.0,Planning,0,False,False,False,0.22220886683046984,0.27041305349764183,0.205382928097077,0.24993703228498562,1.144149158489968,0.38602393934205564,0.42066739080484133,0.0661974813013326,1.3851319152699217,0.6628410338264917,0.8932372086279935,-0.8415923462220857,-0.15481882537609273,-0.057007571589850696,-0.6478593629685641,2.0117202787600887,1.988274365263747,2.1090678827673424,2.0,2.0,2.0560031421077922,2.0217109894980476,2.0478311963705043
105,20.0,20.0,1.0,1.2377424755819342,1.0,Planning,0,False,False,False,0.2636899809214318,0.23014689648495135,0.264307375057977,0.23068575406284403,1.134948552046081,0.34759734525830077,0.4016807157547138,0.0456045107975217,1.3846076049811296,0.6448419063596812,0.8673771420476508,-0.80475732150063,-0.060373361419831684,-0.11539625898154392,-0.6136413473199402,1.9780622277681765,2.022130279257208,2.1094418050420676,2.0,2.0,2.056755982933896,2.010990017962155,1.9479852053843525
106,20.0,20.0,1.0,1.1749339942594237,1.0,Planning,0,False,False,False,0.2893409395426117,0.19693100493472,0.2726750068260927,0.18558785078851883,1.0688750487176726,0.35941829584383306,0.3872645447137008,0.06027045578304596,1.4025439774734487,0.6478617958505597,0.8738115718802537,-0.8104832237252095,-0.09068080026309533,-0.07859573295090426,-0.6090292486914158,2.010997344715592,2.0293186952020568,2.109782864394344,1.9999999999999998,2.0,2.0574562074867777,1.984201166366986,2.0619535018310455
107,20.0,20.0,1.0,1.1972486467670789,1.0,Planning,0,False,False,False,0.3221199343788418,0.13688954626183344,0.3261540009784971,0.1386038814751499,1.0438838172551288,0.4670368614405114,0.36006469367390304,0.025123322272896445,1.3912624317767914,0.6422137478479051,0.8621106387848877,-0.7596001356795749,-0.08086761828719205,-0.013987545312023092,-0.5238149426072264,1.991835164638073,1.9996225424563814,2.110131745356461,1.9999999999999998,1.9999999999999998,2.0581580112479627,1.9847215538631424,1.9403943873786826
108,20.0,20.0,1.0,1.1310397209800116,1.0,Planning,0,False,False,False,0.29789436293066446,0.18373608391966326,0.3490727887444274,0.21530205061901445,0.9754570950563767,0.3994089649671786,0.3607819139543637,0.011447023459388556,1.3982215639535525,0.6444270565583191,0.82879903588969,-0.8028624571324371,-0.0726732430018979,-0.038119299795825186,-0.5816430288638734,1.963353361260036,2.007990575767576,2.1104321807253115,2.0,2.0,2.0587990022243297,1.9990793711324133,1.9929781234797888
109,20.0,20.0,1.0,1.142413902420055,1.0,Planning,0,False,False,False,0.29994552406753267,0.18036818619660502,0.42815236946579655,0.25746363956055307,0.9605429713949961,0.36450616918146717,0.35750530946981024,0.020842635719065805,1.3927497495295555,0.6548402499776524,0.8103777853942499,-0.7999552731504067,-0.024283940719975552,-0.08990503740091742,-0.5925846087648023,1.9773831226826633,1.9967672716642069,2.1107500620103132,2.0,2.0,2.0594263124037817,2.000222379380766,2.0257668725127393
110,20.0,20.0,1.0,1.037563246704904,1.0,Planning,0,False,False,False,0.29289420435627783,0.1916063283258226,0.3717316748479535,0.24318043949201915,0.8424234380627457,0.41175123275901543,0.34344132662532423,0.028257238677037694,1.3936205685984213,0.6651512929119331,0.7965763322978334,-0.822902629240531,-0.07445756148421342,-0.03211632433641205,-0.6049257385786407,2.007874849685173,1.9340566033115028,2.111036000054231,1.9999999999999996,2.0,2.059989933917141,2.0109843565393857,2.0748742433458554
111,20.0,20.0,1.0,1.0589005363177026,1.0,Planning,0,False,False,False,0.20840583098795404,0.2811885659308008,0.2480172474085772,0.3346336990396082,0.8646568384562205,0.4473775027644473,0.3368929357400463,0.015418171742250034,1.38444751352659,0.6679737890560052,0.8219467515057082,-0.8870042077702445,-0.19740211785864625,0.025562769699211355,-0.6768067431240866,1.9991734658295586,1.9992319973704775,2.1113691923011033,2.0,1.9999999999999998,2.0606055946397808,1.989612553708865,1.992396297833156
112,20.0,20.0,1.0,0.9934375472028248,1.0,Planning,0,False,False,False,0.16422109267305826,0.30908159557189235,0.17390820990764008,0.32731378245252274,0.8297774496828253,0.4012594753193673,0.3200065166935353,0.015378068175782411,1.386913741930721,0.6644422195827642,0.8213549941075613,-0.9026943130900156,-0.1904037648393279,-0.008898567838470837,-0.708207336474834,1.9910080611309986,1.9846723709970981,2.1116860900603753,2.0,2.0,2.061211488433571,1.9598785825097136,2.038814387004421
113,20.0,20.0,1.0,1.0343901123912271,1.0,Planning,0,False,False,False,0.18847488194008283,0.29491900392764087,0.2878513137808533,0.45041982181211787,0.7764812804366837,0.42579728864510186,0.30418781419406304,0.02596671407655657,1.3718032224622632,0.6663903402965016,0.7629195237361969,-0.9179563980101922,-0.20305963390062953,0.02140365105483115,-0.7240880719288092,1.9907797889944916,1.95295352833512,2.1120248062858886,2.0,1.9999999999999996,2.061848840341473,1.9831096508985562,1.985660784218803
114,20.0,20.0,1.0,1.0068995330205546,1.0,Planning,0,False,False,False,0.10657027837507578,0.3333808269337918,0.13202688844102364,0.413016029582391,0.7574986148119621,0.5020250772536652,0.31698527884895655,0.04532334730695084,1.3837274931327015,0.6841216891295453,0.7973608896557155,-0.9159506033528979,-0.29683855284065785,0.11040999516364064,-0.7028616199988683,1.9956127363370604,2.004822630611471,2.1123234921554346,2.0,2.0,2.062399374683045,2.0136956832692863,2.0902820965838993
115,20.0,20.0,1.0,1.0333039195542357,1.0,Planning,0,False,False,False,0.09676196797135499,0.33635862045488063,0.12255021476378065,0.42600230274974826,0.8156174227698696,0.4538597721253176,0.30681482428476936,0.05130110753777688,1.3577869496560233,0.6813971534753435,0.7960831905025118,-0.9445303637942324,-0.28486338341012524,0.04714861900303007,-0.7607271624904642,1.996944156019557,1.9814412548768692,2.1126299075300548,1.9999999999999998,1.9999999999999998,2.0629901978638383,2.00718552496874,2.009933969332377
116,20.0,20.0,1.0,1.0834232460342148,1.0,Planning,0,False,False,False,0.14433615435710292,0.31885274743273345,0.21487732653461128,0.47468512814225294,0.7552381727152285,0.5761275867227574,0.29926883831871426,0.06148819810019408,1.3598243971251969,0.682659158540374,0.7623939086711786,-0.9149017435330951,-0.3031482902288376,0.13350701591562217,-0.699684446858993,2.013408081885387,2.025804955523457,2.112894750554383,2.0,1.9999999999999998,2.063533592733978,2.0019175561758664,1.9892210389390252
117,20.0,20.0,1.0,1.0590963465039471,1.0,Planning,0,False,False,False,0.18751781198946663,0.2955284591823316,0.2604495119072268,0.41046896895883517,0.7943650593577715,0.5043317369734837,0.28872166963260193,0.0649083128290588,1.3386250086320928,0.6894389505592224,0.7897872630750591,-0.8924705081608907,-0.22706040562601706,0.07368388868741126,-0.6744432867238348,1.9763070495744879,1.9766941571245336,2.1131189933240946,2.0,2.0,2.064005407744162,1.990126630735738,1.9894386408719884
118,20.0,20.0,1.0,1.1029141368128237,1.0,Planning,0,False,False,False,0.1366403675880693,0.322225712731615,0.20247849941630758,0.4774853869241517,0.9043641104213054,0.3599379273034032,0.3045925160695871,0.06898174385840569,1.3368839877458671,0.6952923336433179,0.7929955787663807,-0.9373616386612831,-0.20042085209263485,-0.03996980152077195,-0.7689834725016554,2.0007155048381584,2.018703808405429,2.1133183782108516,2.0,2.0,2.0644445212879274,1.9813248974157471,2.008042121250756
119,20.0,20.0,1.0,1.0021680409444478,1.0,Planning,0,False,False,False,0.19898661468357387,0.2879311153327665,0.18316595736392396,0.2650388242377699,0.9114924336286495,0.2640586666590812,0.29835759678240814,0.07207161955073658,1.329425362746226,0.6987149013380356,0.8454669938920945,-0.8687358673260906,-0.10115635047651914,-0.11832162904860602,-0.6964465084623223,2.010174780866927,1.9976365930796698,2.1134886119645815,2.0,1.9999999999999998,2.06484994309149,1.9958815785498933,1.9857398760834952
120,20.0,20.0,1.0,0.9358564713912898,1.0,Planning,0,False,False,False,0.2780116530077829,0.21262530609473576,0.28513929048737613,0.2180765743578988,0.8227006804790197,0.26481902900092646,0.3028455793353585,0.08443752616996887,1.3336483252605738,0.6955052259471345,0.8354105213808981,-0.8214737766137129,-0.045277029055197315,-0.11537938790677991,-0.6299951549583341,1.9992987841976628,1.9920632363414297,2.113681610287222,2.0,2.0,2.065297985736616,1.994611737758796,2.0716997000062896
121,20.0,20.0,1.0,0.9351260050097778,1.0,Planning,0,False,False,False,0.3316522984576,0.11183359480849651,0.4528427057704515,0.15269916085200994,0.7629490922991893,0.25295410238021165,0.29983976150090624,0.08948351233499356,1.340093479310682,0.6808388817576817,0.7539322673711641,-0.7224912710254696,0.10383950867563127,-0.1554302452027063,-0.5184226076186507,2.011680719003204,2.0655974991848476,2.113886794145267,1.9999999999999998,1.9999999999999998,2.0657372729974646,1.9983489461628026,2.0052992897883017
122,20.0,20.0,1.0,0.9877588077965687,1.0,Planning,0,False,False,False,0.34509555091897814,0.05838716242400349,0.4676634459628723,0.07912458305095399,0.7825398850038136,0.371926057738714,0.2888955417708645,0.07792379226969609,1.3298561473879875,0.6814943906647367,0.7748338838791216,-0.6914894428586802,0.028866391150397123,-0.030391731098518365,-0.445018370922829,2.0041177940633506,2.002109515136637,2.11408392953013,1.9999999999999998,2.0,2.066138988838269,2.0328500177827493,1.9554455608220909
123,20.0,20.0,1.0,0.9462592950313048,1.0,Planning,0,False,False,False,0.34840613973985823,0.03336407936044923,0.4223602199411301,0.040446072240099926,0.7712760922565061,0.3471538604110638,0.2887012925510518,0.06392433689875654,1.312535468527599,0.6870979059965089,0.7980257263202294,-0.67719365157892,0.021085530800481863,-0.026266063992921754,-0.42739979548168233,1.9813305922908984,1.9485117763097282,2.1142385929576957,2.0,1.9999999999999998,2.066495967889078,2.0269732170775625,1.9545318032675207
124,20.0,20.0,1.0,0.9743060671875851,1.0,Planning,0,False,False,False,0.34957580585546477,0.017226606180625905,0.5005100958776775,0.02466443663059721,0.768371809360782,0.32826572259130304,0.29402673563017456,0.04297928196517757,1.3187534842992785,0.7014956029860359,0.7591343691205725,-0.635228086049158,0.09964221915950384,-0.07701357505092664,-0.3941389790864961,2.0209319672903487,1.9479942683879126,2.1144018907990088,2.0,2.0,2.0668680126239307,1.9820084112772671,2.032373603761397
125,20.0,19.926271085505277,1.0,1.0440474359940612,1.0,Planning,0,False,False,False,0.34214623652384385,-0.07372891449472109,0.40659820187462126,-0.08761763497472272,0.7934704680150824,0.5361349804549789,0.2985240208234776,0.017956126104919548,1.320289986219449,0.6975090695583255,0.8032462324959019,-0.5758173039333511,-0.037862901978483535,0.11259100748526908,-0.27891251427851815,1.9952943924748305,1.999622684269934,2.11454706053576,1.9999999999999998,2.0,2.067204249117035,1.9987173374432785,1.9811961248652081
126,20.0,20.0,1.0,0.9476101792271591,1.0,Planning,0,False,False,False,0.33831798946024455,0.08967127749495842,0.4381090229974262,0.1161209187750383,0.6572824811384126,0.5104127819270814,0.2994394340215648,0.004868592839565866,1.324307751549785,0.6994668372406099,0.7539425664451502,-0.6793126349472072,-0.09911804140458781,0.15063071898116168,-0.3892810912347494,2.0318509264043523,2.002838303709225,2.1145943828848615,2.0,1.9988978388483372,2.067419925546423,2.0258231819940113,1.9345834191774451
127,20.0,20.0,1.0,1.0973209348560695,1.0,Planning,0,False,False,False,0.33309713775432226,0.10745369616666542,0.5961683647787225,0.19231775681110413,0.8076531046407426,0.39925788394191697,0.29607768937070533,-0.00694725072386683,1.3065915627576723,0.7011918246275011,0.693822618877542,-0.7077817122897011,0.08508336019792112,-0.07316889769151914,-0.4799150999146709,1.9819264560777172,2.0315479971226496,2.1148009514558876,1.9999999999999998,2.000272828791805,2.067847630753725,1.990450132794802,1.8966369278651107
128,20.0,20.0,1.0,1.0631907637700722,1.0,Planning,0,False,False,False,0.3307844294063566,0.11437509021771784,0.4727935667412834,0.16347748576750792,0.8339698864719202,0.4296628719347205,0.3176187118102444,-0.015515597221243349,1.3152173955960422,0.7139344466606478,0.765263570139974,-0.719094630955081,0.018171591062660596,-0.03216650037041374,-0.47807483927568734,2.0232309253728418,2.0703486204205213,2.1148669914211395,2.0,2.000271331841396,2.0680534729403837,2.0144462517761723,1.9318945075401035
129,20.0,20.0,1.0,1.04829960121853,1.0,Planning,0,False,False,False,0.32087378628204377,0.13978559753073735,0.4257399957170739,0.1854695591796776,0.813344816696897,0.47090207233748915,0.2963518048555237,-0.01705963637643408,1.3026449850461748,0.712156497324227,0.7859253657866464,-0.7508534740116539,-0.050788025531090734,0.01839870101460238,-0.5024261461066822,2.014027288411955,1.9361876313085442,2.1149332307270683,2.0,2.0002696186529856,2.0682752511542453,1.9909634931870812,1.985773351236391
130,20.0,20.0,1.0,1.1696163448990413,1.0,Planning,0,False,False,False,0.3446771883683031,0.06080818874560604,0.5073127408715769,0.08950046577206693,0.9008323435367492,0.539561796895437,0.2997645765055028,-0.027122410951334414,1.3099377358438726,0.7232301268650665,0.7871078578205666,-0.6725649938204453,-0.02268292951262649,0.04473973143581873,-0.4035362290183898,1.9965338128705257,1.9933994644305444,2.115002522055581,1.9999999999999998,2.000268282841923,2.0684997234636766,2.0060566200421834,2.0030682917121574
131,20.0,20.0,1.0,1.274257314959089,1.0,Planning,0,False,False,False,0.33457668459538453,0.10275428032525258,0.5804693472966955,0.1782721653317616,0.9954610003915509,0.5138710668475829,0.30938603621825495,-0.030023315814579024,1.3220207009073572,0.7305582586406004,0.7608657480077616,-0.7053800233192677,0.01827453529717476,-0.0177000090440848,-0.45822807559515866,1.9956707647872656,2.026754120412361,2.1150105641816737,1.9999999999999998,2.0,2.0686499558326044,2.03002237385967,2.0505187947031778
132,20.0,20.0,1.0,1.200585377697498,1.0,Planning,0,False,False,False,0.3123211734586291,0.15797305026309044,0.6334134152417231,0.3203825349886213,0.8819191827962795,0.3997077442620639,0.3226394013866928,-0.02450164003278739,1.3097734234692755,0.7269584587856648,0.6601116765577915,-0.735024741610865,0.12452027640690036,-0.13910274050457028,-0.5340534718871285,1.9935520356335967,2.003745120163087,2.114969736019349,2.0,2.0,2.0687243203566874,2.00454042560258,2.072869507407391
133,20.0,20.0,1.0,1.2037464482748979,1.0,Planning,0,False,False,False,0.33966095519828243,0.08444190614730548,0.7553986674105924,0.18779698520263544,0.8297179924589947,0.3932921437651016,0.29936784375933256,-0.03691704684966293,1.2969402250362196,0.7152403740852097,0.6440880570475732,-0.6506348340228437,0.15109730174950955,-0.09242312543301757,-0.42262314103620274,1.989791958990355,1.9885573333297748,2.1149846581411436,2.0,2.0,2.0688347088373797,2.0022163936949595,1.9277037836504138
134,20.0,20.0,1.0,0.9597917457563581,1.0,Planning,0,False,False,False,0.3467672635211975,0.04746014064475878,0.5901157283272332,0.08076591538284787,0.6551498928500227,0.3704309749654191,0.30781754188418786,-0.03903206007852138,1.2910000228854601,0.7201044066856086,0.6596540526055729,-0.6042080925809871,0.13078860458346658,-0.03669220630600839,-0.3530971530345318,2.0100603990494985,1.9962630240856676,2.1150060427824386,2.0,1.9999999999999998,2.0689454296233505,2.0107005042418087,1.9043600546871833
135,20.0,20.0,1.0,0.8748637853825169,1.0,Planning,0,False,False,False,0.3386469519106545,0.08842082312228723,0.5186779717683467,0.13542697768399067,0.6513992542239062,0.2317290441183824,0.3054417557339148,-0.04868071408275381,1.2831916450088183,0.7142309482665313,0.6668609566799478,-0.6513063592210854,0.20900766386806033,-0.19142748213089877,-0.45017173889179957,1.9983607807529538,2.016011610219442,2.1151294041839024,2.0,1.9999999999999998,2.0691936688596253,1.9825551473196266,1.8620780241151174
136,20.0,20.0,1.0,0.8609580246049349,1.0,Planning,0,False,False,False,0.3496418803807102,0.01582894449548494,0.6119531791232612,0.027704269567565408,0.5690878924657115,0.2052643924045956,0.3090946135791953,-0.04629159906342138,1.2749799294241306,0.7020677647509918,0.5855957226301273,-0.5114714222043086,0.30668172508998,-0.1876637803983377,-0.29831487996616585,1.9671931112319523,1.970224603761036,2.1152816736421842,2.0,2.0,2.069474508087146,1.9893685683308917,1.8946967842611215
137,20.0,19.968840869855867,1.0,0.8435811924561065,1.0,Planning,0,False,False,False,0.34861025316054745,-0.031159130144132543,0.5535421683463286,-0.04947614795433257,0.590368754695213,0.23288868669674773,0.32304541711173035,-0.045205559619724736,1.2824820825780099,0.6967679161861642,0.6038655877273845,-0.47409332340963134,0.31010320997168933,-0.18051951428667043,-0.25431365684191115,1.9868598731504585,2.041182885809438,2.1154472515114886,1.9999999999999998,2.0,2.0697677240445986,1.9991980787469334,1.8773785238551264
138,20.0,19.956076355592877,1.0,0.8980854470666533,1.0,Planning,0,False,False,False,0.34976716137400593,-0.012764514262989997,0.534952864318841,-0.019522740327596332,0.651438097759503,0.3092412821528841,0.3188397986132996,-0.05593327333339647,1.2585806293721746,0.6944985063474114,0.6681264331953208,-0.5622619741597845,0.1992891277925865,-0.10861493126370382,-0.32506582111924553,1.9881746005584136,1.97510845627761,2.115567008329157,2.0,1.9995781940300832,2.070016255788861,1.9766303718643223,1.847743147553086
139,20.0,19.97431558325703,1.0,0.9597041297282585,1.0,Planning,0,False,False,False,0.3495244348743234,0.018239227664155196,0.5524527309594731,0.0288286315011916,0.7321232341616576,0.2810560027456044,0.33582945022330957,-0.062323937770580845,1.2631895296058753,0.6948423886677346,0.7266028990132468,-0.6044455445662567,0.1419475090039091,-0.09258363861807792,-0.36476449861226223,2.018767804416376,2.0188653573865065,2.115659976381287,1.9999999999999998,1.9995187929159746,2.070237263600431,1.98664694619032,1.8427140173675784
140,20.0,20.0,1.0,0.9922385857920932,1.0,Planning,0,False,False,False,0.34620172928500503,0.05142336667383832,0.5014768220791259,0.07448728391237126,0.7955458045574574,0.3075986434275991,0.3372973273420418,-0.06426934473090885,1.2632936350341526,0.685647640213688,0.7365090891644704,-0.6678243548796727,0.11282095582703246,-0.10469493130237331,-0.4395954761914157,2.0120422636808923,2.018527485443324,2.1157509953526796,2.0,1.9999092021040412,2.0704520435222493,1.9957818473175741,1.822874213831431
141,20.0,20.0,1.0,1.0484270966696558,1.0,Planning,0,False,False,False,0.34279468094008636,0.0706527191209536,0.5276649311225241,0.1087559528821656,0.8440813840799428,0.3105927514559957,0.3524543251753618,-0.05831198353779392,1.26408836704342,0.6749610359631399,0.7499441697298314,-0.6588198207454524,0.11125900234969482,-0.10535193338521079,-0.42922638086719567,2.0046247344829697,2.026527937575538,2.1158241593908285,2.0,2.000327672172868,2.070645897331512,1.990117317107038,1.8766704965649337
142,20.0,20.0,1.0,0.9737236188264453,1.0,Planning,0,False,False,False,0.33745501379167053,0.09286610612523499,0.4207759082664597,0.11579564254493144,0.7995579286454384,0.3440694825043729,0.3450241259468112,-0.06385863655627268,1.276776014066521,0.670580561487939,0.7909979012937741,-0.7020086874405732,0.04328419519604301,-0.07324534962030747,-0.4693247186330471,2.0445363573187105,2.0033323861427097,2.1158443237167703,1.9999999999999998,2.0003252955497346,2.0707677649626604,1.965924949498365,1.904307878133907
143,20.0,20.0,1.0,1.0420956446938543,1.0,Planning,0,False,False,False,0.34097580239284464,0.07896519602049838,0.5141391552857119,0.1190673909821164,0.8601667845683941,0.2599236826877771,0.33834062266699605,-0.06932401100983827,1.269061670931026,0.6639116899941384,0.7145656519998059,-0.7041287199850544,0.17000226063754875,-0.21400704500860332,-0.5166426085155686,1.99015426333034,1.9787700727360151,2.1158909299932436,2.0,2.0002233402392604,2.0709245693485827,1.9886977499735397,1.889604113150407
144,20.0,20.0,1.0,1.1597132039254805,1.0,Planning,0,False,False,False,0.33967558514266766,0.08438303655348237,0.6322771605205515,0.15707183289528642,0.9240486092220315,0.2581141506173504,0.3477757844285379,-0.06479099282220574,1.2645283294131662,0.6648543995206593,0.7023310023887087,-0.670629643453243,0.1994949977202527,-0.22056669065360862,-0.48020515260933083,1.9981282307292738,1.969785023150837,2.1159118618767008,2.0,2.0000817866851492,2.071040519780209,1.9933283174911078,1.9098273263359347
145,20.0,20.0,1.0,1.2698712889146135,1.0,Planning,0,False,False,False,0.3449104460856835,0.05947086833883293,0.7432222064565289,0.1281494094721992,0.9755476975608726,0.3034439995701963,0.3525371545614416,-0.06790337268047117,1.282391792235204,0.6525279559900666,0.6787497978181836,-0.6377660543047718,0.2285389084461213,-0.22029183885426049,-0.4433122954444723,1.9955675096446226,1.99334617934115,2.1158893708392337,2.0,1.9999999999999998,2.071091887375334,1.9851983672667795,1.9470465700896844
146,20.0,19.986741409812282,1.0,1.410526242587197,1.0,Planning,0,False,False,False,0.34974878096461476,-0.013258590187719098,0.8431465875832254,-0.03196275635931609,1.0992923070711629,0.26310248705398737,0.3654292625048681,-0.06665843683821927,1.296727549223549,0.649383689233791,0.6714584045900293,-0.5552629546684826,0.2708553665762274,-0.2202566171813952,-0.35178575716114957,2.0088120419672335,2.003412161074864,2.1158231889786747,2.0,2.0,2.0710850444488,2.004610194104572,1.9960263855447968
147,20.0,20.0,1.0,1.4475646019847401,1.0,Planning,0,False,False,False,0.3494617246531212,0.01940368528053578,0.8414496817143737,0.04672106743477918,1.1388677860944205,0.29698992864433355,0.37479386594600506,-0.07419368482902679,1.3015239909337057,0.6492272660604419,0.6623646260114812,-0.5974388877914586,0.2607669644264685,-0.22779728331900856,-0.40104497152518126,2.0086563465858487,2.0010725678683334,2.115687038360524,2.0,1.9998379303865588,2.0710027663315924,2.008028252855862,2.0267060487521866
148,20.0,19.98905298724128,1.0,1.3840276789248158,1.0,Planning,0,False,False,False,0.34982876227042914,-0.010947012758718665,0.8894551804281473,-0.02783326661096097,1.0153043923830125,0.3046053153132265,0.3738012287036627,-0.08159644636148185,1.3025863681516272,0.6372540100489633,0.628301948826698,-0.5182377460348837,0.3008964678119706,-0.21054597214951304,-0.30993550348337484,2.0033260042126884,2.020132856044963,2.1155646583375134,2.0,2.000039779949547,2.0709294923664228,1.988617672293263,1.9893098642515588
149,20.0,19.92792043120135,1.0,1.283659287076578,1.0,Planning,0,False,False,False,0.3446198058615098,-0.061132556039930834,0.9590696201874443,-0.17013060858685974,0.763950615018135,0.3397082023836597,0.3855936573939014,-0.10489028815924556,1.2926225176948332,0.6264970791222981,0.5377201214842993,-0.3702513668846545,0.33489163542619516,-0.1235317709278471,-0.13215304758917984,2.02132351552701,1.9756810485610174,2.1154530776261025,2.0,1.9999103324731127,2.0708658299078855,2.0025943575731113,1.925734178612429
150,20.0,19.87660071436305,1.0,1.2913050345931718,1.0,Planning,0,False,False,False,0.34621710914343407,-0.05131971683830183,0.8329533523299134,-0.12346856655017537,0.8900497887634368,0.40770613412633167,0.3879943504825045,-0.11799349268234219,1.2916878325476604,0.620926864407442,0.6511952240859036,-0.46254463123983197,0.24749849236852095,-0.11016356554552231,-0.2186117771236575,1.9887963665262072,1.9735944308425677,2.115344887105263,2.0,1.9992477959717758,2.0708111515443024,2.0066074776235427,1.9399632205773183
151,20.0,19.802622245415808,1.0,1.325256784818319,1.0,Planning,0,False,False,False,0.3420923649136621,-0.07397846894724086,0.8131249366316677,-0.1758406326607574,0.9143856646158198,0.47761104612988703,0.4108929791786067,-0.12558703233504076,1.3056468611099084,0.6281247825722165,0.667717039555041,-0.4262235209724076,0.18702428986483138,-0.01697141387148361,-0.15367534552551002,1.970885553665794,2.0536327378466104,2.1152072675102644,1.9999999999999998,1.998906063117628,2.070731698959903,2.009311785174975,2.0164361370453086
152,20.0,19.701653315213065,1.0,1.513980745125125,1.0,Planning,0,False,False,False,0.33511979221423754,-0.10096893020274225,0.9428085193530208,-0.2840607143974637,1.0033104218277158,0.5620742837320414,0.4059627437404615,-0.1445732280983815,1.2974877732472043,0.6188519406032775,0.6536567701597172,-0.38806591763690795,0.20001558178173837,-0.00977690987031792,-0.11261611815303521,2.01424684165797,1.985269804787695,2.115004080585208,1.9999999999999998,1.9984611431063823,2.070591467772078,1.9640029908237913,1.9822978045706794
153,20.0,19.59166409473164,1.0,1.4620525417239276,1.0,Planning,0,False,False,False,0.3322685230019375,-0.10998922048142233,0.9151954259917348,-0.3029526558325453,1.003796837419972,0.44791356812991756,0.40822796167185676,-0.1674730807395746,1.302360160396546,0.6216930071930946,0.6556530081288138,-0.3732420802262253,0.24863135806146186,-0.07594128182476939,-0.11606135465327304,2.0166782156778034,1.992569364917369,2.1146453537899843,1.9999999999999998,1.9980347337581752,2.070298351897718,1.9867064180658551,1.9557266603717773
154,20.0,19.485377813202923,1.0,1.2891389953206729,1.0,Planning,0,False,False,False,0.33347147757911466,-0.1062862815287185,0.7825993608287012,-0.24943535379124138,0.8861714713980169,0.44933252413576086,0.426352320177681,-0.17547246356953683,1.3147012817230401,0.6149093581720986,0.6637803142498406,-0.3840491244275116,0.20794598451828095,-0.026669760639917082,-0.11290203339286731,1.9948098385032418,2.019667653526657,2.114264481128529,1.9999999999999996,1.9978070755902284,2.0699933479086248,2.0136357950598187,2.011448610669594
155,20.0,19.449499869073904,1.0,1.17050931007735,1.0,Planning,0,False,False,False,0.3481562481488376,-0.0358779441290183,0.7045549281082008,-0.07260528133817704,0.8181317307219403,0.4461875643313345,0.4236848542298428,-0.1948496911366601,1.3028437028258923,0.6183645764179996,0.6892272909796854,-0.5084113195106986,0.15481199440725962,-0.026297712018034308,-0.2424867622912825,1.9859430704887484,1.9363420210556266,2.1139590268125406,2.0000000000000004,1.9977577850872832,2.0697672134698077,2.0114417635720354,2.0305126349665676
156,20.0,19.384569892330546,1.0,1.2130639462287778,1.0,Planning,0,False,False,False,0.3439245529474553,-0.06492997674335817,0.6959954219962702,-0.1313979074085061,0.9152475281268994,0.3635533831318794,0.41488307406729413,-0.19125846645539027,1.3067316159532114,0.61891074828008,0.6880395837710749,-0.48873070272352376,0.2217320589216037,-0.1126882932840719,-0.24611406966024427,2.0088918636865287,1.940327535508655,2.113921973352189,1.9999999999999998,1.9983840795564256,2.0697664806883833,1.9790447638143567,2.037720034291608
157,20.0,19.28230970394656,1.0,1.3738432509765979,1.0,Planning,0,False,False,False,0.3347280297072105,-0.1022601883839884,0.769839610167687,-0.2351877840348906,1.027648155047436,0.428273544057031,0.4145884131140444,-0.21066323607900564,1.305201760744149,0.6041092848901113,0.7098612490096523,-0.454713139625821,0.18510933051009176,-0.058809797969161526,-0.19450128248199258,1.9967490325138775,1.969068956330965,2.1137690931841497,2.0,1.9986525065255472,2.06966388917173,1.9930763671438332,1.9392192788626417
158,20.0,19.23775712617605,1.0,1.3676553203819577,1.0,Planning,0,False,False,False,0.3471528018236388,-0.044552577770509985,0.8133390367089592,-0.1043815590610628,1.0183959947575503,0.401166766724487,0.4103872206245643,-0.22686333024027278,1.3046049236571613,0.6062148404566904,0.6917902948075872,-0.4991163405590025,0.21138732299272742,-0.10536962074955769,-0.254867102504884,1.9635691723774154,1.9948422713383447,2.1134007146838556,1.9999999999999998,1.9985746223973007,2.0693645787660118,1.999708800767096,1.9103330520474573
159,20.0,19.220804747051986,1.0,1.2640015855073121,1.0,Planning,0,False,False,False,0.3495892115641356,-0.016952379124064446,0.7350324831790931,-0.03564340348949383,0.8967792154275713,0.5019400794929307,0.43326972580197626,-0.21902465065100352,1.3191824956966787,0.6213445813213836,0.6921182514971489,-0.5345019536534874,0.14533364454325723,-0.029546815341137952,-0.27147759063538324,1.9706489260215108,2.051705844015454,2.113242603668202,1.9999999999999998,1.9988813677232502,2.0692259081066893,2.0121782483854087,2.0127213850508823
160,20.0,19.21776847623623,1.0,1.298028724281622,1.0,Planning,0,False,False,False,0.34998682983725743,-0.0030362708157546984,0.7149658123446662,-0.0062026043416944805,0.934827297306034,0.5475051672353266,0.42394220292030294,-0.2345548447896662,1.3025256053901009,0.6139778321666037,0.7318294095883661,-0.5815239055495921,0.08920191170299972,-0.006097568580200297,-0.3152739360577018,1.9985577233908722,2.012927959230562,2.1132538214528633,2.0,1.9992266687238616,2.0692356916111607,1.9641189378344774,1.937581976334006
161,20.0,19.1799462565766,1.0,1.347185813741583,1.0,Planning,0,False,False,False,0.3479503983328927,-0.03782221965962974,0.7429669288300371,-0.08076052942225853,0.9953966263132472,0.5153378043798804,0.4301255364975515,-0.2355756977086227,1.3060068540216763,0.6226868045101975,0.7288250982151179,-0.5412734074863259,0.12469590035537952,-0.02954156775383922,-0.2776897628928575,1.9860547726926179,1.9951301361776148,2.1133013461614585,2.0,1.9995968691656738,2.069273376726698,1.9998671384116435,1.9963004693305142
162,20.0,19.204025249067502,1.0,1.2629163398207393,1.0,Planning,0,False,False,False,0.3491707349143439,0.024078992490902815,0.6586480892754103,0.04542070915450761,0.9472627346526027,0.5116352671566327,0.4275620036652842,-0.2341753525882043,1.3011104664984232,0.6257798504757301,0.7448560617450226,-0.6262618394051274,0.04848353206818591,0.011357199715432309,-0.36025737565181304,1.9680729120556395,2.0035683813843965,2.1131871535478632,1.9999999999999998,1.9996363426824038,2.0691723178036434,2.0028987276018477,1.9800041859129534
163,20.0,19.15709460668546,1.0,1.2228912669174838,1.0,Planning,0,False,False,False,0.34683932130830963,-0.04693064238204199,0.6196102112241987,-0.08383912507248842,0.9052990587388651,0.5338078794878895,0.437766342273019,-0.22944090042838133,1.3068725669480052,0.6363501619339116,0.7621140550732566,-0.5771210599985124,0.042408545880389344,0.03863976439885722,-0.29823001849201236,2.001990393187205,1.9900711996078986,2.1133568017322277,2.0,1.9999400314498803,2.0693188292590046,2.0046801460306147,2.0490160761386553
164,20.0,19.029516690594413,1.0,1.2805981780259288,1.0,Planning,0,False,False,False,0.3259200443757109,-0.12757791609104846,0.6876214970475628,-0.26916208182522205,0.8937931741963749,0.5438693830589089,0.44190973205203643,-0.23129871452825915,1.3110095534547115,0.6372621314271281,0.7256715050123629,-0.398339596652132,0.11126141854119763,0.054297915065121036,-0.10575519131806108,2.0136096162426815,2.0510872147409724,2.113280953906972,1.9999999999999998,1.9997197652854188,2.069267082626376,1.9938379710608156,2.021416372177602
165,20.0,18.960512537873214,1.0,1.1940691593402302,1.0,Planning,0,False,False,False,0.343130335160314,-0.06900415272119916,0.6905979042114732,-0.13888053129690228,0.7874021522236035,0.5564042960712401,0.44416220548596597,-0.24129846278422967,1.2877743892212714,0.6347969762997564,0.6774847703969692,-0.4600237705431182,0.11329543147571164,0.06028246254393965,-0.16906026214600417,1.9926827492787096,1.9744979359190542,2.1128605212744453,2.0,1.9991410469655444,2.068919565839792,1.9650465441791993,2.0404799964198115
166,20.0,18.869546102204627,1.0,1.256503702521256,1.0,Planning,0,False,False,False,0.337972051480226,-0.09096643566858865,0.7269741342632178,-0.19566779420827957,0.8797567581428444,0.4879060599885279,0.4433386026592878,-0.24876182214730705,1.2935623465772579,0.633636433219484,0.7007525709933912,-0.4282983599557868,0.14564827878923978,0.01593237433848992,-0.14637779909030463,2.02398729302766,1.9916827813305074,2.1127161977121736,1.9999999999999998,1.9990930565839384,2.0688006285528937,2.007819398755517,1.9660425901332377
167,20.0,18.719569813843023,1.0,1.3134632029756406,1.0,Planning,0,False,False,False,0.31623901234553214,-0.14997628836160187,0.6447372267857377,-0.30576650086493806,0.9682459059905334,0.5277368723606946,0.44502597412769834,-0.24730965591832013,1.292726294815402,0.6291040324216464,0.7616735849637416,-0.4205061925997951,0.07127269720368096,0.07034624392099009,-0.1251828697950844,2.012451366583236,1.9577963458139118,2.1124303067852512,1.9999999999999998,1.999012295220109,2.068553760374703,2.0053756451622227,2.010280871457817
168,20.0,18.59289120855471,1.0,1.306660776039133,1.0,Planning,0,False,False,False,0.3262706406684616,-0.12667860528831057,0.73557967399273,-0.2855978919492051,0.8866983969244572,0.5463375548630229,0.44958571897597877,-0.270096411413848,1.2950387956180416,0.6285027025183332,0.6903403450927428,-0.38162899166974534,0.14364339213768396,0.04361670447985498,-0.09129855859047799,2.0031988178511604,2.003602406405791,2.11182895663411,2.0,1.9988782608733346,2.068044587525484,2.007724175796718,1.9835860315130245
169,20.0,18.4974723243687,1.0,1.2117946476482935,1.0,Planning,0,False,False,False,0.33674209202399485,-0.09541888418601084,0.5768185408017579,-0.1634466936113969,0.8560506407450202,0.6133425779154132,0.44705863714946015,-0.2793102290317893,1.2897225613388257,0.63537895802538,0.755508438163795,-0.48167638432341897,0.00859780926029492,0.1334720538311478,-0.17269366315004556,1.9789971740937373,2.0127279736457253,2.1113078584076397,2.0,1.99899334864253,2.0675905101429857,2.0033984667777966,1.9852856556509546
170,20.0,18.411924815039054,1.0,1.3150574967639401,1.0,Planning,0,False,False,False,0.339384182965992,-0.0855475093296472,0.7394530011004332,-0.18639160481092235,0.9166172644907801,0.5546678637275207,0.4442907556560838,-0.2785095982589598,1.276673146347523,0.6255758851135376,0.6979766244088508,-0.45612460556837703,0.12446185030168012,0.034784278052214464,-0.17054201886286194,1.974044394957451,2.0091566696456127,2.1110382380904587,1.9999999999999998,1.9991857698191826,2.0673436231980578,1.9715238146974592,1.9407392787156859
171,20.0,18.30333055958462,1.0,1.3843549636727337,1.0,Planning,0,False,False,False,0.33272704681509896,-0.1085942554544344,0.8016185947042138,-0.26162939046764555,0.9603662771312074,0.5320648173507154,0.4589777769335082,-0.2939039105209365,1.277375338004911,0.6256107728770939,0.705718427809034,-0.4284278569654923,0.1373614537001245,0.023550564139020676,-0.14445827306494857,1.9892392030807686,1.9624481681153365,2.110735443050081,1.9999999999999998,1.9993989969835142,2.0670473183788136,1.9916803995624923,1.9952345072769866
172,20.0,18.196982185695433,1.0,1.3520706840538268,1.0,Planning,0,False,False,False,0.3334516807142015,-0.10634837388918658,0.7442380945311209,-0.2373612601689326,0.9766865394666616,0.5137585319214886,0.46357467177547185,-0.30121252743621696,1.2849053059808686,0.6297587883299748,0.7465711922682371,-0.45586235257529373,0.1131452849294972,0.013354557762443504,-0.17591314197441188,1.9863462071829463,2.0089816508119753,2.110229965781325,2.0,1.9995439106353678,2.066575434739156,1.9849619747441887,2.015134966935183
173,20.0,18.074622405484803,1.0,1.5539710263654627,1.0,Planning,0,False,False,False,0.3279147514016502,-0.12235978021063097,0.7150431688879368,-0.2668148493236731,1.2113565409696694,0.6041228221482867,0.4628540680946539,-0.3142797839027619,1.2844035424483489,0.642584102348435,0.7901600266995923,-0.4903072504336598,0.060753237869384503,0.03315434278447391,-0.20785238659956942,1.9768226937922728,2.060034430307413,2.109761432374019,2.0,1.999664805623532,2.066129496066452,1.9803990978687007,2.003613875682149
174,20.0,17.88311282823415,1.0,1.552562707088239,1.0,Planning,0,False,False,False,0.29295747442466263,-0.19150957725065115,0.5605882973301807,-0.36646283916873934,1.242728851772263,0.6461591977359679,0.4521075727867563,-0.31463154761678763,1.2731029581611755,0.644220936966907,0.8508593980464086,-0.4887820505588178,-0.025477973173837962,0.08749212090988079,-0.19759459834007695,1.9864139774680436,2.00351621847884,2.1090749609969706,1.9999999999999998,1.9997785685363187,2.0654880150838486,1.9867646740431486,1.9570873883405344
175,20.0,17.680825891697523,1.0,1.5386966098026549,1.0,Planning,0,False,False,False,0.28562211977825963,-0.20228693653662735,0.5605534644715522,-0.39700231614055287,1.2281994657907165,0.6223200974559306,0.46872608347800737,-0.31868183451596116,1.2879765386716187,0.6644010186871824,0.8346895786203054,-0.4508657332289656,-0.018903311478447128,0.10872507539704714,-0.15188343067264634,1.9920443008806537,2.0062601351580827,2.107862045149147,2.0,1.9999434004131733,2.064433763968081,2.0311576425999776,2.0780742360993303
176,20.0,17.53149327295181,1.0,1.515405874551204,1.0,Planning,0,False,False,False,0.3165434709144182,-0.14933261874571419,0.6090393927441496,-0.28732056034847986,1.2518066219386255,0.5253123447833489,0.4551126596774721,-0.3154816020300392,1.2851081992975135,0.6599042381979597,0.8277966423686558,-0.4915233003732809,0.05631057940670937,-0.003898039046152371,-0.22332698397805556,2.013884711225303,2.0083400470907034,2.1064785137846425,1.9999999999999998,2.0002524396327037,2.063236836893313,2.000625066912366,2.020709083277353
177,20.0,17.418257630303565,1.0,1.474526137624746,1.0,Planning,0,False,False,False,0.33117622081610665,-0.11323564264824627,0.515166993748706,-0.17614569507601155,1.267985586169318,0.5196302016468172,0.44255329711237534,-0.329203030417467,1.2809218126659552,0.6476564426712257,0.8684172897655235,-0.5645618030370312,-0.004121858844508366,0.003320853774584424,-0.30183246737955377,1.9956703311591275,1.980195858835756,2.1055541144222425,1.9999999999999998,2.0005394193084367,2.0623755591242263,1.9668273443740005,2.0019634318159825
178,20.0,17.284040460713932,1.0,1.5817495614497024,1.0,Planning,0,False,False,False,0.3232425581314246,-0.13421716958963395,0.44919164429653574,-0.1865139029009978,1.392401191794678,0.5714805569342654,0.44130765582310516,-0.3285723583258672,1.2874571939849957,0.6536194568476142,0.8981687676896861,-0.602156176894947,-0.0607090138245944,0.0262829872988446,-0.33996660595439565,1.9816049860479479,1.9834030864501893,2.1050687230213834,2.0,2.0006794678858,2.061851415620007,1.974369354385849,2.056533478367354
179,20.0,17.14600853791061,1.0,1.757965341958418,1.0,Planning,0,False,False,False,0.3216320697430812,-0.13803192280332024,0.6242213899620204,-0.2678914412367063,1.5107237761804013,0.588844332261261,0.4319854273267909,-0.32171578599733075,1.2978137962673642,0.6638961580383431,0.8643512406423421,-0.5687154315308528,0.004707268745814241,-0.0064890835754093275,-0.30846169495017484,1.9904071949423552,1.9761114838713556,2.1043409296525803,1.9999999999999998,2.0007970456873463,2.061132244182975,2.0045310919817565,2.0769383548892884
180,20.0,17.015893844078676,1.0,1.796185404327974,1.0,Planning,0,False,False,False,0.32491562973950877,-0.13011469383193577,0.6711541477423589,-0.26876828460835384,1.4811220675691459,0.7140554228051601,0.4219052220122628,-0.3165679088609414,1.2981882379539285,0.6524642428646303,0.8543506833571988,-0.5466675723327052,-0.01418300831902919,0.0458264103224254,-0.2686332093539548,1.9799883122838708,2.038217936795967,2.103382745855258,1.9999999999999998,2.000940699308076,2.06020215454462,2.0026007199502325,1.9589348103018787
181,20.0,16.927579102132995,1.0,1.7083581902583178,1.0,Planning,0,False,False,False,0.33867463199222303,-0.08831474194568138,0.5675768064522162,-0.1480045874747786,1.4493376986775268,0.6883742821160078,0.41780249379528306,-0.31626992403307813,1.299596720035472,0.659830261036728,0.8808950547565298,-0.6226654729830232,-0.061889697059830905,0.04262411928995481,-0.35377309526405415,2.0059588028169215,2.0256421690383166,2.1024748428358437,2.0,2.001091731657214,2.0592947701856823,2.0114513062140147,1.9388783844074142
182,20.0,16.7947271259954,1.0,1.650852759044967,1.0,Planning,0,False,False,False,0.3238060413833195,-0.1328519761375945,0.463656982206602,-0.19023038011579763,1.4168130591333046,0.6832204569886453,0.41967923362261383,-0.31816661090478804,1.2956167653609807,0.6686413121268138,0.904243828454721,-0.6097760702797381,-0.10213248154016848,0.07469276605919217,-0.3352338325002914,2.015053182745408,1.9834647580671858,2.1022015435394663,2.0,2.0010642647147203,2.05888438737018,2.0009400809545297,1.9981580479462369
183,20.0,16.68793453643023,1.0,1.7765436077706924,1.0,Planning,0,False,False,False,0.3333096800483975,-0.10679258956517013,0.5259385705555396,-0.16851098322039285,1.5718366190105135,0.6167896740255934,0.41235074306310737,-0.31266646775482226,1.3000610158459946,0.6719205484969616,0.8947324588447112,-0.6213439839809903,-0.04526038754185528,-0.003287360595309318,-0.3687141280310076,2.014901123685567,1.9715113999816452,2.1014615296970116,1.9999999999999998,2.0012150348497753,2.0581258327621788,2.004444622577727,2.014121970389157
184,20.0,16.477478621582765,1.0,1.7514764414905155,1.0,Planning,0,False,False,False,0.27965748319277367,-0.21045591484746515,0.4201227392235117,-0.31616288047103425,1.5479843981721753,0.628452022919331,0.3980222616461549,-0.31739949087661923,1.3123207538854644,0.6754059410620693,0.9150388550328334,-0.5646411323518411,-0.07892237869446526,0.040112576876196626,-0.3016886529883852,1.9958385124689348,2.0011604806397214,2.1009733295912807,1.9999999999999998,2.001249009367796,2.0575445879006797,1.9898420678953181,2.0398898869444264
185,20.0,16.344271414593766,1.0,1.8390792482278873,1.0,Planning,0,False,False,False,0.3236600686000512,-0.13320720698899946,0.5811202530204403,-0.23916884824383083,1.6317088568247557,0.5699440335517856,0.3800845805476865,-0.31889198085159365,1.3155433770481508,0.6795475566376323,0.8750106130924419,-0.5783775118660786,0.0035268215236519303,-0.02666228411756637,-0.3269014202718654,2.001875257990643,1.9714006647637918,2.0991720838042784,2.0,2.0018568484540906,2.0559584931105648,2.0043476410862837,2.012611606886275
186,20.0,16.18998211437264,1.0,1.883552261239312,1.0,Planning,0,False,False,False,0.31415730428763766,-0.15428930022112564,0.46072621147738,-0.22627239218124573,1.6481223748992782,0.7536537140957815,0.3827049563772482,-0.3134473286908611,1.334743440462949,0.6787517096435279,0.9097390669895348,-0.5938119890028754,-0.09334351262498672,0.0607887071303336,-0.32368442575084744,2.0085663912689005,1.978620152954447,2.0983196628669014,2.0,2.0020251392377997,2.0550620563548527,2.0241473103062875,2.069786738133637
187,20.0,16.03057618046383,1.0,1.9598827275967683,1.0,Planning,0,False,False,False,0.31159227884313784,-0.15940593390881092,0.5766238027401259,-0.29499208430678997,1.6796120974902793,0.7749375253569182,0.3577329441676228,-0.3191983200768037,1.3264697853998804,0.6791877509398477,0.8978746958487266,-0.5777738130769117,-0.08348484275947479,0.0726702120108913,-0.3008044247500118,2.014284900807835,1.9843243606746352,2.0972424011026147,2.0,2.002241841336965,2.0540016745616314,1.9805633560533855,1.9872469730416706
188,20.0,15.8814606085075,1.0,2.060749683388153,1.0,Planning,0,False,False,False,0.31664577401275473,-0.14911557195633005,0.4899702893200828,-0.23073795998499463,1.8172584390636215,0.8068148069055137,0.350747980208435,-0.3083057007021373,1.3366638926055912,0.7013884413356841,0.912534919684198,-0.6176555934310634,-0.10411489422180478,0.06028417877396951,-0.34962312671547097,2.0304575611782987,1.9806202262366053,2.0959924434942807,2.0,2.0024786709578195,2.052784229928203,2.0095576056641247,2.0287055104706937
189,20.0,15.678885708882992,1.0,2.049468813599673,1.0,Planning,0,False,False,False,0.2854179567618706,-0.2025748996245067,0.36947843515376166,-0.26223667832202774,1.8079388586079796,0.8522893358196408,0.32459275916806074,-0.30395431128440853,1.345259241751428,0.7028729033269846,0.9411747437402546,-0.6216446312397172,-0.171554868342399,0.10486317175681817,-0.34965709774376974,2.0149270119699456,2.0229625442117447,2.094962421316653,1.9999999999999996,2.002538019409656,2.051736427421934,1.9980633471494131,1.959382995964818
190,20.0,15.549399102785088,1.0,1.9372004102503224,1.0,Planning,0,False,False,False,0.32516644790206495,-0.12948660609790366,0.30040909863732446,-0.11962782407117621,1.783064424346283,0.6847410059785979,0.3010088558469351,-0.3069979985213489,1.3435102835155095,0.7043198238640251,0.9386941203055047,-0.6652795009346987,-0.13336290171317455,0.024027687923728072,-0.42031805180632725,1.9955947252873099,1.9920301176589197,2.0932489205925138,2.0,2.003088580643008,2.050184301486334,1.9968166927044346,1.919541079396724
191,20.0,15.364705710957447,1.0,1.981001687089205,1.0,Planning,0,False,False,False,0.29730178441307936,-0.18469339182764194,0.263943630241696,-0.1639702379078461,1.8137543711983228,0.7335600086867693,0.27697498268307064,-0.29448069579694336,1.3500660135913936,0.702576375889019,0.9611571833696515,-0.6768151653873491,-0.20222810351834303,0.07045171016671302,-0.4282448029618505,2.0026558165468433,1.9313079201856351,2.0928785382316235,1.9999999999999998,2.0029649476086715,2.0496499260028793,2.0149412833256815,1.900321653657848
192,20.0,15.093693654872013,1.0,1.9789020258200787,1.0,Planning,0,False,False,False,0.22147791189268806,-0.2710120560854345,0.15310040269353947,-0.18734172887447179,1.8091403718797932,0.7645441033366583,0.27034142626701535,-0.282641167499883,1.3616311172642432,0.709959110123845,0.9677429869585763,-0.6546198364347339,-0.20947070994768585,0.07641737486505883,-0.40617602910154055,1.995262333737032,2.0136282858874397,2.091705166418756,1.9999999999999998,2.0033011316412512,2.0485167392530608,1.9881306696955305,1.9129790104651099
193,20.0,14.758414962428942,1.0,1.9198024599978392,1.0,Planning,0,False,False,False,0.1004400238633247,-0.33527869244307007,0.0972865173288532,-0.3247519770280376,1.7536180999971818,0.7039435572106847,0.25321803927076547,-0.2664304718803714,1.3802015560580025,0.7172544408331463,0.9746337786523034,-0.6006117717325562,-0.22933718955773133,0.10868436242072357,-0.3453341104096504,1.9874246238963773,1.9785205521347273,2.0893786958525866,1.9999999999999998,2.004354574332536,2.046531906188308,2.012483787470277,1.9848477069195138
194,20.0,14.412795637070339,1.0,1.839702738443026,1.0,Executive Control,0,False,False,False,0.055202191429899974,-0.3456193253586041,0.051239185163198,-0.3208070576422256,1.6803462999775474,0.6748332058051714,0.2482944686162527,-0.26710788127009366,1.3967678046882273,0.7274151192981418,0.977995679743573,-0.5886098502898128,-0.24446475872610213,0.12188937315174404,-0.3325119573284504,2.0059846995207438,1.9657820163727606,2.086181808326886,1.9999999999999998,2.0059438561319847,2.043911507753653,1.9996458859459516,2.091990430556367
195,19.828413553495054,14.107741393736788,1.0,1.8476660140600625,1.0,Planning,0,False,False,False,-0.1715864465049474,-0.30505424333355013,-0.1450598297348454,-0.2578940091085864,1.6708238423456776,0.7312083924744185,0.22906109579063677,-0.2583592213105247,1.4089643300898722,0.7258952678642431,0.9947555592488042,-0.6292402242478288,-0.32639571494922204,0.1495602242512675,-0.3848207724011888,1.9924400805097964,2.0369462670216465,2.0831373330384606,2.0,2.007595266510902,2.041403433427108,1.9993930928678227,2.0426405211173173
196,19.713382252091012,13.777184591209155,1.0,1.8377674389762693,1.0,Planning,0,False,False,False,-0.11503130140404258,-0.33055680252763264,-0.07473215770187934,-0.21475218305281102,1.728069473790218,0.5826333821495878,0.19229721287958562,-0.24636714964326079,1.4034152249850662,0.7249226926309834,0.9877621009916272,-0.639674739051943,-0.26939601547666364,0.07942248143146981,-0.4120425367449392,1.9963916175379686,1.9646313624708829,2.0799352988958426,1.9999999999999998,2.0052518289657337,2.038815576014915,1.9662798635228167,2.0145312706003105
197,19.879620541937744,13.469183242204261,1.0,1.9446675335659587,1.0,Planning,0,False,False,False,0.16623828984673233,-0.30800134900489284,0.058358027238985394,-0.10812401361589857,1.8515761118933964,0.5816367047458441,0.16920120165307204,-0.2407771885475121,1.4231428847111254,0.7334002611767936,0.9692364557541234,-0.696867938280593,-0.2031032228375291,0.00939653951849697,-0.4804009434078304,2.00067624918486,2.018312415157064,2.0768256781779106,2.0,2.0049128602768556,2.0362660503738987,2.0233402087649,1.9669258635123448
198,20.0,13.145577222142661,1.0,1.8956214304460262,1.0,Planning,0,False,False,False,0.13333845574286027,-0.32360602006160094,0.07714552401342578,-0.1872284769796289,1.8154996866501762,0.5062959222351413,0.14807975079757205,-0.21759504100016905,1.4356585677860048,0.7320322813544895,0.9673019328514949,-0.6550891848145467,-0.17840679632667944,0.0017694140249487572,-0.4366562152788633,1.9875768265870812,1.978051596635263,2.0769635745583512,2.0,2.009444203585116,2.035978743199228,1.9887963776165862,2.04471216876068
199,20.0,12.83754433161658,1.0,1.9064891684167373,1.0,Planning,0,False,False,False,0.16617983738753503,-0.3080328905260807,0.10893530593276939,-0.20192375738436508,1.805000473158491,0.5692399639107223,0.13810106549174433,-0.19627544029274777,1.4578378510351369,0.7169239188334673,0.9650051489282209,-0.6454731093818014,-0.16963015488350097,0.004989565330678739,-0.4227973337238396,1.9767730667659145,2.0663456520267456,2.0767962840667966,1.9999999999999998,2.012520798410143,2.0354864369869374,1.997119371784919,1.9813301349216048
200,20.0,12.612696556384563,1.0,1.9440300992391035,1.0,Planning,0,False,False,False,0.26822281404312287,-0.22484777523201843,0.2297364963847791,-0.19258518439602756,1.8012371145539998,0.6670307135962886,0.125624176497737,-0.1926867392761872,1.4616479782359304,0.7205410543360918,0.9538314344872796,-0.6425539015945805,-0.15251501231294443,0.02847601227999726,-0.40175214031199413,1.9812967108697221,2.047323085598235,2.0760518835511754,2.0,2.012861715414465,2.0345876409507593,2.003776586390957,1.9802606479146168
201,20.0,12.482956114025006,1.0,1.861828816392035,1.0,Planning,0,False,False,False,0.32506525132094055,-0.12974044235955773,0.23884802901957752,-0.09532931870073502,1.7458287121579619,0.5935929492355472,0.13273428656774688,-0.1814425002481235,1.4638094274409241,0.7258935166050797,0.9537183061174639,-0.6813870434371879,-0.1614604348104374,0.016436888805745984,-0.44792168180470254,1.9953905404626295,2.020655340559933,2.0764644836739414,1.9999999999999998,2.01126695812261,2.0344883747934106,2.0113196403486895,2.019463914082627
202,20.0,12.240492621303812,1.0,1.7927352266976244,1.0,Planning,0,False,False,False,0.2524112808442585,-0.2424634927211947,0.15133543792553872,-0.1453711527043753,1.679007867848473,0.5922811713492117,0.11436272438437695,-0.15881459551441993,1.4693963011219406,0.7168548745490091,0.9626048657701405,-0.6748016043330426,-0.186109071122387,0.03679358911966193,-0.4386513394894142,1.9875762720987564,2.0227739874497344,2.078112599871739,2.0,2.0080423372474487,2.0352978289104233,1.9706767805926773,2.0016361684575465
203,20.0,12.302119149559294,1.0,1.7610415195262359,1.0,Planning,0,False,False,False,0.34453181422791157,0.0616265282554826,0.1085293801186079,0.01941268885550588,1.6827884575648901,0.507281738035307,0.10501649025335819,-0.15928471852369633,1.4917053917605534,0.7148562679844995,0.9602872775128121,-0.7273507119472132,-0.1904374116178167,-0.012701970387729822,-0.5175979480270371,1.9817457392376696,2.0553780267340094,2.078625993618001,2.0,2.0076611793157886,2.0353548661584484,1.9963300985140233,2.0331852681029767
204,20.0,12.502506588867625,1.0,1.7072587031026385,1.0,Planning,0,False,False,False,0.28695796585466926,0.20038743930833203,0.16229106881501093,0.11333050680643153,1.622620233265796,0.4925988866471745,0.08955869277915876,-0.13239831594427512,1.4880500129461103,0.6985716834371362,0.9421818809953294,-0.7713504759502169,-0.17740354204410538,-0.02802015229505995,-0.5651780790602542,1.9968898231240475,1.9648097781697416,2.0821760550212844,1.9999999999999998,2.003504243694581,2.037672019870963,1.9991771244379242,1.9948584365589201
205,20.0,12.609685490795025,1.0,1.7784416343851661,1.0,Planning,0,False,False,False,0.3331856584273053,0.10717890192739905,0.17439444891760597,0.05609906988628983,1.699764585279294,0.4899943592425411,0.07720421518160184,-0.10996354942548824,1.493563574618285,0.6870596174093485,0.9418691047474333,-0.7518628941676148,-0.1547166623217248,-0.04577440014103898,-0.5480410304409272,1.9874078623917306,1.9867155207712712,2.0866987539331507,2.0,1.9986811002527594,2.0408371210712875,2.003136278570618,1.9424419049850052
206,20.0,12.694020157632021,1.0,1.7626061047853172,1.0,Planning,0,False,False,False,0.33968759760917483,0.08433466683699715,0.2591096276003202,0.06432947293846443,1.676004040258609,0.47593556019651484,0.06430155104774177,-0.08960732017174002,1.5022806852321053,0.6781658751127457,0.939071339517196,-0.7425829566021795,-0.1404396773061918,-0.0510181526249989,-0.5371448518691404,1.9982368865110351,2.014257871499432,2.0898594236472294,1.9999999999999998,1.9968935443799811,2.0431290517529876,2.0113668767638946,1.8640561257193
207,20.0,12.769133922437494,1.0,1.6967834918483926,1.0,Planning,0,False,False,False,0.34184488051855955,0.07511376480547197,0.2464884929452677,0.05416105298479341,1.57522495697987,0.5779710687414558,0.056357802439769095,-0.06880765098417384,1.4900167601755452,0.6771183858257139,0.9335850696585941,-0.7481097455934633,-0.15493550682903406,-0.005303980833134232,-0.5231848515445838,2.007346631693701,1.9503833859216169,2.092500800252036,2.0,1.9963545480392137,2.045109117264276,1.9715136632122354,1.8550898632966477
208,20.0,12.755647192501367,1.0,1.6500546513940983,1.0,Planning,0,False,False,False,0.34974005792249474,-0.013486729936126582,0.18352518089747122,-0.007077126268994573,1.558650014550128,0.5094692404753286,0.06373780893829743,-0.05003590578111643,1.518413779438428,0.6716795652859833,0.9523654069352764,-0.724823657745691,-0.1754157756228458,0.0017437526361389279,-0.5022914025804376,1.997844701729042,1.985234757786526,2.0948065911438576,2.0,1.9970020422819845,2.0469187270930993,1.9659086501311174,1.993558062639378
209,20.0,13.102556663955273,1.0,1.5860234380078286,1.0,Planning,0,False,False,False,0.04640925140068073,0.34690947145390594,0.007371367618256235,0.05510102333398549,1.50050080462914,0.510761413366809,0.06224434230974639,-0.036864212995155715,1.5325973676360487,0.6597446235854094,0.9682961043496446,-0.7383007534956816,-0.23673688372547216,0.03709571829931038,-0.5167298910263599,1.9802480882298579,1.9840825697306252,2.0962351415739717,2.0,1.9986673119558558,2.0480907327031144,1.9880954367512567,2.0347317637924456
210,19.67018177419374,13.219688802696146,1.0,1.518557835715107,1.0,Planning,0,False,False,False,-0.3298182258062599,0.11713213874087215,-0.025763864140510642,0.009149817302030967,1.4908204172083912,0.2876193460013367,0.03506420319436443,-0.02663150709061636,1.5348264498727204,0.6669424025289682,0.9536410591369547,-0.7284518662707367,-0.1852416262570153,-0.08597581900150071,-0.5605939739214094,1.9783476369230188,1.9777179093642139,2.0999147179525743,2.0,1.9955108948128923,2.051323961706202,1.996938733871357,2.019944713190236
211,19.68924889829873,12.870208553213626,1.0,1.6959868292620996,1.0,Planning,0,False,False,False,0.019067124104990736,-0.34948024948252066,0.010927896095417102,-0.20029679529624522,1.6409038411521406,0.3789032647043869,0.03211092212731437,-0.015604830876080198,1.542548720601709,0.6507349235999169,0.9602762916276805,-0.6427836514408413,-0.1570891302917085,-0.05978222794779704,-0.45374889579666344,1.996078433753594,2.0168238307817927,2.1002815108567465,2.0,1.9913150404129278,2.0517456812768144,2.0014660537531017,1.972157691080816
212,19.44292023038297,12.621567873993898,1.0,1.679315209524109,1.0,Planning,0,False,False,False,-0.24632866791575866,-0.2486406792197284,-0.021787878142380313,-0.021992376550872196,1.6509728832698614,0.3056627805054127,0.02140317681390072,0.0008043373923095343,1.5473774570159995,0.6588454325847797,0.9503477727017372,-0.7022182939898582,-0.1596230392322034,-0.10287199698379383,-0.5362828846484091,1.9851459885991107,1.9997742509444738,2.0990476366273056,1.9999999999999998,1.997966510216064,2.0507563776834883,2.00928838793922,2.0136215710031156
213,19.413832521713605,12.272778675186988,1.0,1.7355889798927802,1.0,Planning,0,False,False,False,-0.029087708669365976,-0.34878919880690984,-0.0030930491669744382,-0.03708859137315161,1.7004894019667751,0.3452821605017368,0.02158918067026812,0.0049138043010906116,1.5591155228614548,0.649195801498773,0.9530751383409156,-0.6962407126287851,-0.15067695606211962,-0.0845182240594384,-0.5156281241490007,2.0165701012253665,2.0169913810747886,2.0971422367882115,1.9999999999999998,1.9989004953528673,2.0492505127310636,2.027259406882574,2.0022873468861677
214,19.76350328153688,12.25760106916319,1.0,1.7882357567691556,1.0,Planning,0,False,False,False,0.3496707598232749,-0.015177606023797086,0.1768171596538387,-0.00767482299300384,1.7276147622301994,0.42639318035824836,0.009812463393528939,0.014532889498252988,1.558194346662466,0.6308742103890406,0.9431783988377789,-0.7082533495570332,-0.12326144139393566,-0.06777443388725156,-0.5072764870642769,2.003545265554354,1.9604330061687898,2.096007112199217,1.9999999999999998,2.0040306803897137,2.04839175641793,2.0103150924098436,2.0009002411486816
215,20.0,12.148262308206965,1.0,1.8439019697618986,1.0,Planning,0,False,False,False,0.33248313544081837,-0.10933876095622455,0.15757266951809462,-0.051818569452644694,1.7438165218359096,0.5758160313370436,0.010119744122660673,0.025482315741719195,1.5762099434851424,0.6225556207278784,0.9529961066584289,-0.705503459863546,-0.16065504750543078,-0.009582624395792879,-0.4847802074779491,2.007078233161774,1.9359374694646008,2.099380797787265,1.9999999999999998,2.0078959450320393,2.0511958356582256,2.027393789517703,2.0798225176488034
216,20.0,12.08536421986873,1.0,1.9246837574842857,1.0,Planning,0,False,False,False,0.3443019466738397,-0.06289808833823526,0.14645161987528574,-0.0267542109859737,1.839368374021618,0.5467793761685978,0.008856825213458625,0.03747240814415523,1.5854352832859653,0.6177117460955496,0.9489823294051466,-0.7142649819722783,-0.14492463521293314,-0.046712513755555476,-0.5084805292510441,2.013110570355272,2.0639044819099066,2.100947063095537,2.0,2.008990203741638,2.0526191735943318,1.9964600120099893,2.0134925533308454
217,20.0,12.166330495017998,1.0,1.8717056911569956,1.0,Planning,0,False,False,False,0.3405061853894182,0.08096627514926918,0.0828901465101847,0.01970979294203275,1.7830925979072763,0.5626755097491528,-0.004293017073804764,0.04874159014326089,1.5813594816713732,0.603718528165754,0.963593921526773,-0.7233433538713312,-0.2032451408638261,0.010106043772241863,-0.5054495790477544,2.0254566323035617,1.9767858715016748,2.1014363923298056,2.0,2.006808995981343,2.0531514139395957,2.0076850865933453,1.9804958163636404
218,20.0,11.87491948954701,1.0,1.8506847175422831,1.0,Planning,0,False,False,False,0.19385465145409075,-0.2914110054709893,0.05856469493799563,-0.08803707576253222,1.7781928947312604,0.5018800680140841,0.005974434658592195,0.05181459823504436,1.5920657707283241,0.6037408621992414,0.9709429035257394,-0.6908950949721986,-0.20452884169407123,-0.0018209777186138486,-0.4817132031391672,2.010388737237271,1.9915603602507275,2.1025538535133537,2.0,2.0027129862332997,2.054277733262356,1.9882510954528838,2.0854635795758893
219,20.0,11.548466893884818,1.0,1.789462892491286,1.0,Planning,0,False,False,False,0.12620896475852325,-0.32645259566219076,0.05173084575264993,-0.13380720540782753,1.7479559948555186,0.355312306331483,-0.011972496126005025,0.05579806864976206,1.5960718914479415,0.6020934499423781,0.9563649047706336,-0.6566386793257281,-0.1416083234527612,-0.06481694072161502,-0.4634780515097402,2.009276065166817,2.0019107388211226,2.1020040655594823,1.9999999999999998,2.003924140297824,2.05390126138448,2.016881603079794,2.022464346095009
220,20.0,11.214351248263013,1.0,1.8499887850805685,1.0,Planning,0,False,False,False,0.1042436345813192,-0.3341156456218062,0.049028819706148696,-0.15714432651920013,1.7903088842166262,0.43606701262529185,-0.013493133131979432,0.05864949029187931,1.589596020609828,0.6051601489507571,0.9646352518865688,-0.6485243115570704,-0.16572018277474876,-0.025149053276243345,-0.4414976086284839,2.021660966737887,1.9745224104445234,2.101421551874308,1.9999999999999998,2.0059386969396678,2.053490683999036,2.0374857257804417,1.983993999162704
221,20.0,10.864855614311587,1.0,1.7575552733553974,1.0,Planning,0,False,False,False,0.018783020228159062,-0.34949563395142513,0.014647631078452187,-0.27254845320219245,1.701943655010668,0.3433527655767107,-0.029552483336905133,0.06400339563663131,1.5882180139073436,0.5980727397912381,0.9521502588908242,-0.6079120645116818,-0.1260498113041521,-0.07538742405582155,-0.4196620321275426,1.9571938208162845,1.9792645551925232,2.1008608800422883,2.0,2.008372371029763,2.0531000693706387,1.984799111591961,2.0370155377975268
222,19.987850758977228,10.515066540807895,1.0,1.8869019876087447,1.0,Planning,0,False,False,False,-0.012149241022773661,-0.34978907350369104,-0.011202374576825182,-0.32252782020900267,1.806303269377506,0.43990671951339116,-0.03423484750872609,0.058335945533138284,1.5875365059117736,0.6021496579091783,0.9633093741041339,-0.5861055252273997,-0.16103072076858108,-0.01835198523005104,-0.37916734547435926,2.012689910130969,1.9694164623472648,2.1003467160696063,1.9999999999999996,2.0105377307001855,2.052733886978872,2.0083963344269735,1.970664389560886
223,20.0,10.174170094609435,1.0,1.8525504721654553,1.0,Planning,0,False,False,False,0.07930708019628638,-0.3408964461984604,0.06738438501617314,-0.2896474983624204,1.7564700703601657,0.5082517242447782,-0.029302825382585662,0.06270756823271853,1.5930498500729944,0.5956286175965602,0.9666511635784533,-0.6151244465571514,-0.16982788181447767,0.005651585264261987,-0.39455093883479,1.9847086017742692,1.98926495214267,2.099775078637078,1.9999999999999998,2.01139296299567,2.052318349501321,2.0055784515640185,2.0090937359885763
224,19.993175252223153,9.824236639767257,1.0,1.8468939737553804,1.0,Planning,0,False,False,False,-0.006824747776847455,-0.3499334548421777,-0.007657394643781236,-0.3926267534572725,1.7364884492608283,0.49133574331055424,-0.02260089935843146,0.06528568469722548,1.5922298459821385,0.6044225862297339,0.9679813207275221,-0.5703444009589553,-0.1810708491375559,0.017567986582849773,-0.3515302406292149,1.9857706936434139,2.034232468960495,2.0995108342908915,2.0,2.012208049356605,2.052136467004285,2.019077772674818,1.974962883791806
225,19.98309608293691,9.474381797944968,1.0,1.8522940652644093,1.0,Planning,0,False,False,False,-0.0100791692862413,-0.34985484182228965,-0.013928342972173251,-0.48346228632433874,1.7108541730106808,0.5196551951725145,-0.0166443456249733,0.06381905972267224,1.5922881391082473,0.6138734309768874,0.9699015933991206,-0.5186405324112177,-0.21633507174781652,0.08074389528765961,-0.28268605823851445,1.9872039261718235,2.005221032854539,2.099162947476689,2.0,2.0129205988085905,2.0518805506092934,2.0370999225487605,2.0250528460615955
226,19.925621580973118,9.129133073654764,1.0,1.6330132272858389,1.0,Planning,0,False,False,False,-0.057474501963794083,-0.34524872429020476,-0.07266269448071572,-0.4364840358035518,1.4977226045886463,0.47724314506775084,-0.02706186134837768,0.05519793006837523,1.6020266215808476,0.6075672718563778,0.9791115544032366,-0.5384495368973612,-0.25569538190811053,0.09500361887841802,-0.3072355454837239,1.9973798506431244,2.0103236016851658,2.0988437748187736,1.9999999999999998,2.013599376649117,2.0516285823472913,2.004123953893718,2.0660984711594628
227,19.995313801317923,8.786141828251312,1.0,1.6036009240260747,1.0,Planning,0,False,False,False,0.06969222034480577,-0.342991245403452,0.1027749305446507,-0.5058082702682941,1.4515461663866775,0.445134763599923,-0.024872986900801378,0.06877213207050256,1.595370424024924,0.598734789622305,0.9426353656257481,-0.4555576449892514,-0.14688193869313812,0.06922846018328979,-0.20856213692825074,1.999261385184115,1.9784245939269631,2.0985652113451687,2.0,2.013791044506489,2.051417108706923,2.013765270583902,2.0363776050569347
228,20.0,8.43697391761302,1.0,1.6185885150175687,1.0,Planning,0,False,False,False,0.02411991253071965,-0.3491679106382922,0.032124812787663576,-0.46504952065761535,1.4889512566480319,0.43075500695001157,-0.02994394970450512,0.06901822376875652,1.58272811071254,0.600165644254079,0.950775680219134,-0.4894955277609805,-0.15017748147169496,0.045447559247140425,-0.2526664678463608,1.9750413288723636,1.9716002762715594,2.0989670461352667,2.0,2.0152262943349983,2.051701650110668,2.0023443690754172,2.0020714685176424
229,19.920799374020888,8.096052723134711,1.0,1.6488026953004586,1.0,Planning,0,False,False,False,-0.07920062597911146,-0.3409211944783089,-0.1094088239142266,-0.47095318344002257,1.495729043160279,0.49757186991861585,-0.039061348194948636,0.05714102837352564,1.5937624670603965,0.5864321956265427,0.9684088411523984,-0.5032018858780339,-0.2217122493292749,0.08226051152171514,-0.27048733554299625,2.0026707346943775,2.031972022156731,2.0990962285996284,1.9999999999999998,2.0159754463697306,2.051794059717421,1.9620587934541136,1.989521575966277
230,19.772871524735766,7.778850340725817,1.0,1.5609773288499467,1.0,Planning,0,False,False,False,-0.1479278492851199,-0.317202382408895,-0.18739170963549132,-0.40182492361857736,1.424562078998302,0.4590143594511636,-0.058718640828331586,0.05194583507831,1.5879268647862321,0.592661611655751,0.9813569674517009,-0.5303894516975484,-0.2926737994135306,0.11169521208084213,-0.305725777210306,1.988319654947686,1.9858028294796877,2.0988909318344415,1.9999999999999998,2.0158246869527057,2.051642013406784,1.966419619977055,2.0069214995977527
231,19.68097145078027,7.441130965493992,1.0,1.4610988714774291,1.0,Planning,0,False,False,False,-0.0919000739554952,-0.33771937523182544,-0.0842240134460544,-0.30951097182242837,1.339282919484238,0.4880988093521316,-0.05565601665997488,0.06028139690776593,1.588350929166682,0.5846047511008965,0.9849081044350411,-0.5534576469559542,-0.2818368339881723,0.12423086301211826,-0.31380122887867795,1.9766413874600628,2.005736209061939,2.0985839461510176,2.0,2.0148748261398475,2.051428318629232,1.9707557217353024,1.9860516964803083
232,19.585156764319542,7.104501278956348,1.0,1.4490384109717762,1.0,Planning,0,False,False,False,-0.09581468646072784,-0.3366296865376439,-0.08429015728409092,-0.2961400832468652,1.3023354488264705,0.555725575874576,-0.04680779204271153,0.05754499043476952,1.5878375423983815,0.5843856012546933,0.9903038677970161,-0.5704155254696843,-0.3171298107514207,0.16511696806270287,-0.3194245884318754,2.002904244091017,2.0470023163731916,2.0986812408538986,2.0,2.0150977209762395,2.051527034376969,1.9879610238889454,1.927701271461974
233,19.529139149425983,6.759013179564144,1.0,1.458960652583831,1.0,Planning,0,False,False,False,-0.05601761489355909,-0.3454880993922032,-0.04093602735337634,-0.25247255374686417,1.294978827001516,0.6214321159021932,-0.04640761976255271,0.049942131388950366,1.5666049653144236,0.5852484475968817,0.9900733327440681,-0.6064571311726875,-0.3346698539824796,0.2002624576482381,-0.339362678461499,2.012065762482537,1.993522754789653,2.09883326345236,2.0,2.01561455754751,2.051670109937632,1.9485279557269586,1.9042879421184218
234,19.432192334110486,6.422707790073903,1.0,1.4231917510441676,1.0,Planning,0,False,False,False,-0.09694681531549693,-0.3363053894902413,-0.0907079060880832,-0.31466281370380145,1.3093955220293756,0.4513507688868,-0.03170379025619331,0.061932904729314085,1.574109833906319,0.6005728768998831,0.9840900068821273,-0.5572474134768092,-0.27280569047027486,0.11755516702862755,-0.3174011455654498,2.01822335834642,2.0028060334010327,2.099216122362571,1.9999999999999998,2.016757555656454,2.0519982960594985,1.9582955769273862,1.9983838422056714
235,19.348321696654384,6.082905323672161,1.0,1.422470597639225,1.0,Planning,0,False,False,False,-0.08387063745610308,-0.33980246640174183,-0.10632085085418372,-0.4307596609014971,1.2588923282998574,0.4916855683356256,-0.05348481846141816,0.023357809138463352,1.5746947220881546,0.6089797866765736,0.9708049701258936,-0.47862657938212916,-0.2673484123428582,0.14601105229158895,-0.23032443462550994,2.026586167232549,1.9757687337991456,2.0482395107546685,2.0,2.017397785566404,2.036734860763912,1.953396584012068,2.022256823966964
236,19.26371815444486,5.743284593083463,1.0,1.3795851712574538,1.0,Planning,0,False,False,False,-0.08460354220952482,-0.3396207305886982,-0.12466108110193337,-0.5004221612254096,1.1920186040727707,0.4651711165913556,-0.08532210121627465,-0.001489376168550459,1.568587679171783,0.6215648005199237,0.9655830483493331,-0.4452952698138639,-0.28688268477235646,0.16891905348485808,-0.1964893840648007,2.0082854259380216,1.9578262982863217,2.0569022797646896,2.0,2.0180570930039172,2.0404989266700047,2.0515764299145305,1.944979366731866
237,19.22015204827049,5.396006614523342,1.0,1.3793416496504942,1.0,Planning,0,False,False,False,-0.043566106174369804,-0.34727797856012055,-0.06902571331929762,-0.5502238390149821,1.2370782325450882,0.2543816245408559,-0.12740843065309715,-0.008466068022267945,1.5654780233507302,0.6304994265443438,0.9258539364690412,-0.3980415164864525,-0.13499783250642933,0.012018479663506325,-0.18855250118230027,1.976567804594529,1.9917236357661234,2.0650417536357297,2.0,2.018715279569353,2.0440909851659064,2.008314112812406,1.9623511095556745
238,19.101001272881618,5.066912262210467,1.0,1.4368031861642665,1.0,Planning,0,False,False,False,-0.11915077538887049,-0.32909435231287537,-0.20860201069302556,-0.576158597173486,1.285684452497043,0.1895926064409526,-0.14411701929046933,-0.034093662557139706,1.581362201637449,0.6238731755707375,0.9154194772543405,-0.36233505991669746,-0.17874143511675503,0.01989629037314567,-0.1730893120991349,2.0010034248501576,2.0354042610307133,2.0726428318237873,2.0,2.019702005742513,2.0474933857960176,2.0274716028587294,1.9649762969778228
239,19.0325078452403,4.72367961462294,1.0,1.5474103936377117,1.0,Attention,0,False,False,False,-0.06849342764131973,-0.3432326475875267,-0.10794409235224749,-0.5409268872265263,1.428754599018511,0.2211004245204921,-0.14397969532774996,-0.06270900982638838,1.5657507033715024,0.6219816235995828,0.9323659131878399,-0.41614756709540707,-0.1565492010733304,0.007345404927433457,-0.21549153427025147,1.9755186991076845,1.9322789815090242,2.0793366922493406,1.9999999999999998,2.019896199700859,2.05054687948229,2.1168263918424546,1.953177494896287
240,18.925394512626102,4.390472871029296,1.0,1.527378513439524,1.0,Attention,0,False,False,False,-0.10711333261419706,-0.33320674359364394,-0.19207453688050513,-0.5975029382357916,1.3680310300449297,0.259757262136547,-0.16918766578571545,-0.07711219605175973,1.588689575494064,0.5909233032591096,0.9285694065382137,-0.384624580387773,-0.1895595221409325,0.040175846047865234,-0.18303238458715967,1.9810028258394865,2.0036819411019846,2.085303660423512,1.9999999999999996,2.020619516803059,2.053273318617735,2.1360389189642,1.9002328958588364
241,18.764788942598866,4.079497227487512,1.0,1.5319840073113407,1.0,Attention,0,False,False,True,-0.16060557002723738,-0.31097564354178303,-0.3418371547837552,-0.6618888073268085,1.2966056745784955,0.3329253514729704,-0.19866278707248392,-0.09957109397900146,1.599441797082217,0.5765686576885976,0.9195091984910734,-0.33157750577777484,-0.2928345282329279,0.13484538832098086,-0.1268484535013439,1.9447319091106037,2.0604692166960232,2.090536995034171,2.0,2.0209532251186073,2.0557421577325363,2.101104857700329,1.9603698251629758
242,18.586400798098577,3.7783698957792393,1.0,1.456785972435568,1.0,Planning,0,False,False,False,-0.17838814450028825,-0.301127331708273,-0.42250550878351645,-0.7132085870864642,1.094137214532393,0.48776196204096434,-0.2013217175572645,-0.12446915754914273,1.5870827813572417,0.5807456967090974,0.9062496016408941,-0.27549360328754946,-0.3890863200648874,0.2727285470119195,-0.04072587340310489,1.986278043113726,2.022588924457967,2.095048300955644,2.000057926892831,2.020696640262862,2.057964836786233,2.0395518196662503,2.0155456354586514
243,18.40236990556327,3.4806575671922992,1.0,1.4806556320330764,1.0,Planning,0,False,False,False,-0.1840308925353071,-0.2977123285869402,-0.44638929569737207,-0.7221374349029595,1.1417191009630163,0.4099667266572362,-0.21807036276273475,-0.14960154014892824,1.5543456721137043,0.5777066219889112,0.9008855621588279,-0.26899926625208276,-0.3737151088237504,0.24696065433833503,-0.04444921120999241,1.9997629235732832,1.9630391218831647,2.099007083156534,1.9999999999999998,2.0205636634600403,2.060020647056502,1.9715830976348254,1.9618204606597238
244,18.21404290291657,3.185644109746523,1.0,1.4811595298090943,1.0,Planning,0,False,False,False,-0.1883270026466969,-0.2950134574457765,-0.43738442812764183,-0.6851608667979961,1.1359339641586748,0.49268349927223093,-0.21418060959024127,-0.20249761795789778,1.5594970275645705,0.5808917313498804,0.9015170630341569,-0.26546413552797543,-0.40137274789042476,0.2883033929025779,-0.029042654318661446,1.9913914854456471,2.044687457335926,2.102335801049578,2.0,2.020586362751954,2.0618080574900417,1.9659750803059362,2.0410973324850565
245,18.038537778377282,2.8828274139379046,1.0,1.5182052808775273,1.0,Planning,0,False,False,False,-0.17550512453928702,-0.3028166958086184,-0.42267181626174327,-0.7292783224865744,1.0445742592711262,0.7094459499086285,-0.23826025956691674,-0.23167803019614217,1.5475123361740293,0.5660695720516526,0.8966996598313076,-0.25644488962546974,-0.465704228721701,0.3918739693546884,0.010303248771575152,2.0156950115594454,2.020639175468798,2.105050038701745,2.0,2.020872224249289,2.0633130512098523,1.9618097410786177,1.97501180254118
246,17.81014113344914,2.6176199996645333,1.0,1.513486740720251,1.0,Planning,0,False,False,False,-0.22839664492814346,-0.26520741427337124,-0.48582660968215796,-0.5641274589630673,1.169993767112118,0.6062090519147795,-0.2754915682742518,-0.2606997330736926,1.5193738736336118,0.5714403944628679,0.9324838738780993,-0.3485661823485089,-0.47661601254222863,0.340151743064841,-0.09948449173768678,1.979380083034337,1.9905606906065025,2.1072827488729318,2.0,2.0216457952007287,2.064593687273435,1.9253471529300688,1.9580454930570643
247,17.540846313832507,2.3940572565080633,1.0,1.5872524416144396,1.0,Planning,0,False,False,False,-0.2692948196166317,-0.22356274315647007,-0.540783308223083,-0.44894662293056803,1.2384754924216963,0.7011056349712029,-0.28647152327297365,-0.28900606158601017,1.5312279462224048,0.572180635823681,0.9654372743734732,-0.4625545460837143,-0.5098268636959508,0.32661678921747567,-0.21727136269985117,2.005890405614574,1.995178767112304,2.10885931854187,2.0,2.0213874728483865,2.06555258542157,2.015623705086112,1.975734627769248
248,17.25483034220855,2.192327576054235,1.0,1.4988528858220334,1.0,Planning,0,False,False,False,-0.28601597162395714,-0.2017296804538284,-0.49078790440743825,-0.34615719732213607,1.1834015358566128,0.6967231917330488,-0.30768824094805775,-0.2968207169771218,1.518967679761306,0.5726125688436857,0.9627799642237712,-0.4916448162992449,-0.5697277980998705,0.3704413792795395,-0.24483989168266213,1.9792643343211982,1.961706644560756,2.1099352038629404,2.0,2.0202584654030393,2.0662569351727953,2.027084437465903,1.976380273648817
249,17.010792082562812,1.9414385013038997,1.0,1.5139910461978212,1.0,Planning,0,False,False,False,-0.244038259645738,-0.25088907475033534,-0.4003994784468133,-0.4116397765820251,1.2002372681486566,0.7223796371086625,-0.3254310191596289,-0.2924231862359413,1.525133149442757,0.5774342480469461,0.9752357233852612,-0.5035483030510879,-0.5288671062450663,0.3600442529908595,-0.24092533350177658,2.017464778945157,1.9787950661741376,2.110716066818967,1.9999999999999998,2.0190918513348457,2.066812839563519,2.0432369849819914,1.9729340382738862
250,16.777431900805098,1.6805879203767964,1.0,1.4354426908161135,1.0,Planning,0,False,False,False,-0.23336018175771267,-0.26085058092710334,-0.3225240896716881,-0.36051821489063635,1.1998970212609064,0.621890412613128,-0.32266108978283903,-0.3060945670548439,1.5296238345806108,0.5881690024703015,0.9870081659555984,-0.5201899509569828,-0.4420147958881245,0.2777840241000531,-0.2633187694527728,2.03774193748744,2.000406871880225,2.11124986911893,1.9999999999999998,2.01982048589614,2.067188976435175,2.05817239061613,2.022521095388951
251,16.571097057965982,1.3978761720702275,1.0,1.4074858347076535,1.0,Planning,0,False,False,False,-0.2063348428391172,-0.2827117483065689,-0.23661775848804914,-0.3242041880182919,1.2523391905957244,0.5015641608411008,-0.35013449522809975,-0.32215039077752855,1.5115017557943637,0.587888369682683,0.9893279118419434,-0.5396304553793957,-0.36497841756988175,0.1818793345493933,-0.30274891775236584,2.0387096985594044,1.9346996558900307,2.1115000414301934,2.0,2.0210175515018745,2.067387358648117,2.0118468318276124,2.0374706473557938
252,16.350564785210516,1.1260940595732714,1.0,1.308368955182424,1.0,Planning,0,False,False,False,-0.22053227275546727,-0.2717821124969562,-0.2097166600394881,-0.25845304262808877,1.1944697055314484,0.4174834041143765,-0.3644150900271098,-0.3095521161647446,1.5074385229234015,0.5884294752665008,0.9953777021881275,-0.6013697232648354,-0.3568592196699253,0.1481109672049656,-0.3734491980766776,1.9891927802253246,1.9695276359871168,2.111439771695497,2.0,2.0226108115733346,2.067371985226303,2.0228332119029147,2.000529729937782
253,16.058922107683564,0.9325881200134989,1.0,1.294449564677405,1.0,Planning,0,False,False,False,-0.2916426775269519,-0.19350593955977252,-0.3642542431525849,-0.24168396805834752,1.1406178778988498,0.42836694321569296,-0.3819003519651102,-0.3050938896802171,1.5007445949158815,0.5801730480540728,0.9836110380238958,-0.573872110559771,-0.45718064717559537,0.2005748338164506,-0.36439207029478965,2.0001475955655335,2.0016350182958105,2.111173812566624,1.9999999999999998,2.023555515414967,2.0672352345059135,1.9980713947007402,1.9462404977071543
254,15.756522786901062,0.7563648219218982,1.0,1.3306862430612352,1.0,Planning,0,False,False,False,-0.30239932078250253,-0.17622329809160062,-0.47055086819389125,-0.2742136645625416,1.1030976993584138,0.5072377053726944,-0.38763351912581845,-0.30262624879216976,1.4948697704355958,0.5848954963371937,0.9814274217648683,-0.5382583625603922,-0.5015650299769199,0.2816144631324675,-0.304713962052119,1.9926520819408586,1.991909152747747,2.1108545353361547,2.0,2.022331778728051,2.067101716760374,1.9878690779763304,1.981626105978595
255,15.450382894209325,0.5867229458927419,1.0,1.4564849919189464,1.0,Planning,0,False,False,False,-0.3061398926917371,-0.1696418760291563,-0.4945128109508062,-0.2740253164412588,1.2466917689095727,0.4974689646330256,-0.39010606362328315,-0.3071119542978876,1.5004091682014593,0.5767399480664204,0.9743155638217524,-0.5531812107096409,-0.4881640083600258,0.22325590071765491,-0.3481242602991162,1.994467535544973,2.0274060429482366,2.1103850027777225,2.0,2.021153507609154,2.0668713243443553,1.9825053010669276,1.995067396941794
256,15.12497372389258,0.4578475336770347,1.0,1.5199944807669108,1.0,Planning,0,False,False,False,-0.32540917031674377,-0.12887541221570717,-0.4782518710622157,-0.1894074065770263,1.341466003077584,0.4962380137677653,-0.40178574606123163,-0.3124328718796747,1.4931559018985583,0.5846663508286543,0.9832615793661482,-0.6095096841888241,-0.4835607625307297,0.2060591795522135,-0.40509440388946283,2.025040530521537,1.9889972737977513,2.109664509310412,2.0,2.020376949728091,2.066439299981683,1.9693977972458578,2.0256029220333884
257,14.879001327778296,0.20885440053919585,1.0,1.6105431833610149,1.0,Planning,0,False,False,False,-0.2459723961142844,-0.24899313313783883,-0.37858920130303086,-0.38323857836793784,1.3224056182623065,0.7449101522775573,-0.43612781272835666,-0.2960897151597425,1.4901613964722429,0.5791122735558925,0.9868333870801338,-0.5371061450807503,-0.4880353081702641,0.3140017587142509,-0.2776317273841702,2.0097051577579816,2.0192374503561457,2.108868488468749,1.9999999999999998,2.019247005401346,2.065929586265587,2.003487533386837,1.9087943603695268
258,14.623656294948656,0.0,1.0,1.68546566398458,1.0,Planning,0,False,False,False,-0.25534503282963883,-0.2393719160829662,-0.4973319042645293,-0.46622129098715104,1.362008904876208,0.7218205679667108,-0.4394128976722381,-0.2941338809766368,1.4788082994408935,0.5932866122779679,0.9677233043095149,-0.46771921059469607,-0.49591652741571646,0.30724064490798897,-0.2266384380000539,1.990768400456487,1.9866818637597845,2.1073468835924936,2.0,2.021534133774074,2.0648554149122464,1.9771213838209685,1.9618860520503418
259,14.341914727273833,0.0,1.0,1.7525620316911639,1.0,Planning,0,False,False,False,-0.28174156767482317,-0.2076576245750033,-0.5811235858930953,-0.4283171433558107,1.3930080643470577,0.7809238184456867,-0.43387057431401865,-0.29799374451451205,1.4890046229876437,0.6110239268848285,0.9668458371996183,-0.4840640614677391,-0.5413670647655736,0.35187462807070635,-0.23545752053013197,2.0039903559704957,2.019209642712939,2.1057353207247007,2.0,2.0223945407068733,2.0637004811225523,1.9697362082614693,2.0458543524115047
260,14.120287294166951,0.0,1.0,1.9122237198258598,1.0,Planning,0,False,False,False,-0.2216274331068809,-0.27088979474032426,-0.5494175459149311,-0.6715396381812246,1.4613406261757558,0.8765032821074563,-0.4532224326843983,-0.2974932788079437,1.4678885864537414,0.6205057377609794,0.9568324087391904,-0.4212533466386603,-0.5039980477621744,0.36706822533629674,-0.155793606242213,2.0283638730088906,1.9113388571277272,2.1051209028105347,2.0,2.0173770988999697,2.063223272289883,2.001329607973706,1.9910431595137845
261,13.93889916312099,0.0,1.0,1.8650456274360285,1.0,Executive Control,0,False,False,False,-0.18138813104596102,-0.299329827975184,-0.34789535603831706,-0.5741029276602916,1.476720490826672,0.9203621211728222,-0.4687214268511674,-0.30161449291507353,1.4880858429786752,0.6323859412976183,0.9758621267877113,-0.4790735338170811,-0.46180039070637596,0.3392235132128826,-0.2015381508197748,1.9950044113914986,1.9520110780151847,2.1044812233742087,1.9999999999999998,2.012870409843758,2.0626829090658445,2.027500521605764,2.106009274047406
262,13.724802225909913,0.0,1.0,1.9102164464295472,1.0,Planning,0,False,False,False,-0.21409693721107648,-0.27687994054614423,-0.3765876147772621,-0.48702030840891514,1.5896144928060008,0.8620009420323775,-0.4871297134906574,-0.2922906894553654,1.4749751970234553,0.6386868925768555,0.9828339165208966,-0.5051416873156321,-0.46204136580937827,0.3111827890281508,-0.23993426675700338,2.0072706599771144,1.9743887807659097,2.1040288657871073,1.9999999999999998,2.0089585110070445,2.062238059423968,2.030123677034244,2.000385622283543
263,13.495255969144246,0.0,1.0,1.9534094243319609,1.0,Planning,0,False,False,False,-0.22954625676566787,-0.26421301255780355,-0.3571557706007712,-0.4110944932513807,1.6832936320723306,0.8281135190531692,-0.49974546695419847,-0.29101973083446986,1.4755327968060254,0.64812684027284,0.9942687167568167,-0.563920576162433,-0.42640766020071397,0.25882064462212934,-0.30550980060479943,2.0048639105314594,2.0449468864339324,2.1033717698455425,1.9999999999999998,2.0074565213562057,2.0616420350935964,1.984580529997545,1.9904394441090936
264,13.308968947837638,0.0,1.0,1.9255003967384183,1.0,Planning,0,False,False,False,-0.18628702130660818,-0.2963058313511755,-0.2936626727267901,-0.4670962140508124,1.6488843343856316,0.8272336980103112,-0.5085337283592799,-0.2727918619747867,1.4903183797293127,0.6473769489418243,0.9904609389919534,-0.5365238777288288,-0.3907055008210487,0.23635885388278527,-0.2791259643083424,2.017245035421931,1.992362330648018,2.102566568718803,2.0,2.007760264292464,2.060926028155671,2.0125518830535185,2.0380704833938488
265,13.04133234956261,0.0,1.0,1.9410995058207339,1.0,Planning,0,False,False,False,-0.26763659827502745,-0.22554523108186425,-0.3999696066398263,-0.33706614841442395,1.6911000337480753,0.7965291537114034,-0.5156599910372274,-0.25298903006350226,1.4795882785712289,0.6441759647986832,0.9959824265819124,-0.5904132923077251,-0.4398512500633457,0.22958961485885251,-0.35199414920466665,1.9833885947224106,2.0007771030981525,2.1019441868331072,2.0,2.007582812087367,2.0603198557901123,1.9753597887093088,1.9988385163113982
266,12.717961640501866,0.0,1.0,2.027767400692245,1.0,Planning,0,False,False,False,-0.3233707090607447,-0.1339081196998569,-0.5300097033376582,-0.2194775247355278,1.7114847390460086,0.9238939061530241,-0.5233227222047002,-0.23605421997273712,1.485434762127503,0.6401459595682588,0.9940116104140746,-0.6286376044337992,-0.5095930895857231,0.29194479255703515,-0.3811785065803097,1.9697122925031625,1.9683241444588935,2.100724698085185,1.9999999999999996,2.008807479950349,2.0592972064757475,1.9973364757266014,2.0192537120115692
267,12.420744751995347,0.0,1.0,2.0385052947157343,1.0,Planning,0,False,False,False,-0.29721688850651884,-0.18482997913353652,-0.39221289512507546,-0.24390505393599687,1.7638547239288265,0.9115918598913282,-0.5446288671935585,-0.21292052606844988,1.4795078617509076,0.6437376520672919,0.998638192725205,-0.6487276993498337,-0.46149497314033905,0.25320213521495916,-0.39994465407023166,1.986101102369004,2.0437154268925553,2.0988643785865357,2.0,2.010730173043641,2.0578206622267095,1.973225711435804,1.882383946366399
268,12.14896492755318,0.0,1.0,2.1599180816137764,1.0,Planning,0,False,False,False,-0.27177982444216653,-0.22053509250499143,-0.49499779179398057,-0.4016647815087601,1.8400136492460941,0.934472299902363,-0.5397740693365634,-0.20939725676551768,1.4950244563759922,0.6635846510177371,0.9939305568437664,-0.5786130079963929,-0.47043316347507297,0.27261933997719345,-0.3300241956308391,2.0562935770175836,1.9747110801188776,2.096903149679309,1.9999999999999998,2.011854986176826,2.056224068702527,2.0170505926918763,1.9735060467694454
269,11.901849053235845,0.0,1.0,2.088083937202398,1.0,Planning,0,False,False,False,-0.2471158743173362,-0.24785831569745345,-0.40716991466196306,-0.4083932265767438,1.777701645468058,0.9312889033931593,-0.5478285898326387,-0.20656158724462648,1.5018492918546162,0.6775575627394175,0.9955387965018281,-0.5774904466962381,-0.4418891988790292,0.26380052247161395,-0.321347181790628,1.9889972946105179,2.0321757235189146,2.0947396858503593,2.0,2.0123307226324325,2.0544552483761014,2.019789199820525,2.038321296873581
270,11.693659248451532,0.0,1.0,2.025362710334378,1.0,Planning,0,False,False,False,-0.20818980478431257,-0.28134854750623794,-0.3348758976712954,-0.45255264782190685,1.666866142780761,1.0033472004109196,-0.5490702069420929,-0.19345792778587118,1.4867237411130851,0.677139650943017,0.9887870569567232,-0.543783973007985,-0.4560264670935624,0.3120883219036516,-0.2704276005131499,1.987499584157974,1.9721719634810837,2.0926598186265557,1.9999999999999998,2.011938863067844,2.0527108301105934,1.9730280722889793,2.0222133234230197
271,11.461771914065404,0.0,1.0,2.0600316843007067,1.0,Planning,0,False,False,False,-0.23188733438612866,-0.2621607601287724,-0.38510557524370387,-0.4353819953253854,1.7492759370294368,0.9197284656436886,-0.5598119903279953,-0.19083715580939084,1.500000953369815,0.6650720731606419,0.9919487390204852,-0.5477104745740334,-0.43440921371142543,0.2662830053457159,-0.2904912241029694,2.0257340421662313,2.0429449124470276,2.090942338656329,2.0,2.0108260087401724,2.051188442804427,1.9814027867243575,1.94256526183073
272,11.190588482599587,0.0,1.0,2.0335986949433473,1.0,Planning,0,False,False,False,-0.27118343146581675,-0.22126804219865254,-0.516668649811282,-0.421568013913026,1.6657627451774746,0.9571269742315822,-0.5503793005474253,-0.17742247914350134,1.5164875467346874,0.6619434565450241,0.9882447555917463,-0.5557245007919078,-0.4973595507907405,0.29954205549966606,-0.306655676954999,1.9800709990793957,2.019872450169086,2.0886374479691656,1.9999999999999998,2.0105920214486948,2.049238369213787,2.025400256682887,2.023642171833109
273,10.921914094185313,0.0,1.0,1.9768760887677759,1.0,Planning,0,False,False,False,-0.2686743884142742,-0.22430798695145848,-0.49481599620551936,-0.41310666295851434,1.6987409360380614,0.7789854411275796,-0.5515578409331265,-0.16052798226413637,1.5112316850392749,0.6622370377413489,0.9902844561762906,-0.5576586098808511,-0.4551420538723023,0.24489601589772278,-0.3213782543187744,2.0267819254471955,2.022464068897681,2.085342453515664,2.0,2.011427442518627,2.046590457714363,1.9955177237272146,1.9518603588293315
274,10.717196402800852,0.0,1.0,2.0246971378713763,1.0,Planning,0,False,False,False,-0.2047176913844604,-0.2838849535185281,-0.3813222773407982,-0.5287850612538165,1.7103445915312634,0.8655053772927835,-0.540493489685862,-0.16348599243403392,1.51602313947725,0.6739856268456546,0.9881783761582374,-0.5238865049562549,-0.425487758206128,0.257804995955479,-0.27083774050545684,1.9955803655283342,2.0147738148284398,2.081771225148695,2.0,2.0122501413731633,2.043717053567606,2.0018429569232286,2.04921416497916
275,10.593004517126959,0.0,1.0,1.908246369150574,1.0,Planning,0,False,False,False,-0.12419188567389308,-0.32722526725905915,-0.2341488674549232,-0.6169438954533062,1.6299837525836278,0.741020721317711,-0.5487283829578022,-0.14466094476507824,1.516595141970963,0.6661349621585809,0.973141354124996,-0.4578049478158266,-0.34894995720987165,0.2294793429195709,-0.19773285589456022,2.037281799095875,2.004415276738301,2.0792850923182944,1.9999999999999998,2.011672594703496,2.0415330054762006,1.9785019104556407,1.9952218572582359
276,10.491475899985145,0.0,1.0,1.8646360033175977,1.0,Planning,0,False,False,False,-0.10152861714181304,-0.3349506529345347,-0.1832600862514836,-0.6045890043103314,1.59741411657563,0.7252747353157042,-0.5275244374275868,-0.12875529803639688,1.5216658328400752,0.6678188243194568,0.9684315526730327,-0.44934415638814124,-0.31851214120552707,0.2198146644664794,-0.18359568049875616,1.9898935535811997,2.001882074595988,2.0786699477038915,1.9999999999999998,2.009417885842013,2.040595021151188,2.030224659603492,1.9988148707577864
277,10.359217236026307,0.0,1.0,1.92241123115986,1.0,Planning,0,False,False,False,-0.1322586639588392,-0.3240488324432335,-0.20468224459130674,-0.5014948767538981,1.600177268391533,0.9174452129425699,-0.5060280038553086,-0.1225386052737504,1.5299756838927885,0.6600249445045938,0.9828115337768674,-0.5159109842923332,-0.4058854184662797,0.29651581938234695,-0.23385478040324847,1.9751425256601447,2.0524782034425426,2.0786403725796267,2.0,2.007158159182098,2.0400645884333533,2.0175040839309375,1.9866605886529445
278,10.322763861901409,0.0,1.0,1.9794782885974196,1.0,Planning,0,False,False,False,-0.03645337412489758,-0.3480964686906637,-0.06707886777638992,-0.6405419952821689,1.6401886155574141,0.9018436550767535,-0.5034188055694976,-0.11320907210441103,1.5287767671114236,0.6771121559447484,0.9666078670196402,-0.4647097010137392,-0.32824560688492127,0.26153297172458057,-0.17793527753292537,1.989907904009818,2.018061916952244,2.0779111806633113,1.9999999999999998,2.0063094152855947,2.0390781353890324,1.9908326661747324,2.046415772666799
279,10.316555427131496,0.0,1.0,1.9428866416690855,1.0,Planning,0,False,False,False,-0.0062084347699141946,-0.34994493186458314,-0.011208374108302553,-0.6317717523022157,1.6228375741168535,0.861362604106737,-0.48999791915284546,-0.10703970629886463,1.52212686507659,0.6802181436479632,0.9622663340900212,-0.4627768523311616,-0.30240412500595787,0.24652936209770987,-0.17473825166411097,1.998498802290191,1.981903074477515,2.07941548717234,2.0,2.0042186584168276,2.039624311114137,2.00875257784885,1.9984011870984126
280,10.280369277474113,0.0,1.0,2.076343340742244,1.0,Planning,0,False,False,False,-0.03618614965738314,-0.34812434929630165,-0.07002064477689351,-0.6736248987819589,1.7121600349404178,0.9597063553209974,-0.4697212849393473,-0.09766389349782437,1.5165945228366242,0.681620450098147,0.9609149889783722,-0.4483551417068656,-0.3150956098800736,0.2595879211603109,-0.15988892921731812,1.969404809679981,2.054581557188888,2.081567219543071,1.9999999999999996,2.002385181272011,2.0406772014682217,1.9613621631499267,1.9468370594118554
281,10.217160524141098,0.0,1.0,1.919373588499661,1.0,Planning,0,False,False,False,-0.0632087533330142,-0.34424504862392163,-0.13405158237718176,-0.7300665028215958,1.5232035894831186,0.9015979547092083,-0.44220615430279203,-0.09759493124281432,1.5378186809103753,0.6950892552608168,0.955248362320954,-0.41038796091674057,-0.36415826751030517,0.30782684486570355,-0.12004003867981981,2.059157200558614,1.9864795308948786,2.0827575919249464,1.9999999999999998,2.0017224599510994,2.0411054219245135,2.001680207354707,2.0283204865143145
282,10.197640859658065,0.0,1.0,1.8236613763316178,1.0,Planning,0,False,False,False,-0.01951966448303244,-0.34945526566138596,-0.033511683236547886,-0.5999505871818521,1.4008722367236692,1.001116402786089,-0.4380130120921082,-0.09496889786048315,1.5250953090931472,0.6947589517341547,0.9486766197397136,-0.4394677153332491,-0.3717404407582964,0.3515640103432212,-0.12586963042555252,2.007400393215389,1.998583581337619,2.0832964644176437,1.9999999999999998,2.001886320969271,2.041091864666603,1.991701994381124,1.9864462029197718
283,10.219877234871857,0.0,1.0,1.8255957384125048,1.0,Planning,0,False,False,False,0.022236375213791196,-0.34929291950646735,0.03851432642778308,-0.604989859698082,1.31458027357928,1.1122870226467776,-0.42500412771011864,-0.09429996056923129,1.5297138323234132,0.7183995813485171,0.9275424081788093,-0.4291531206706863,-0.3862691262536107,0.40501396644931476,-0.0968352118841089,2.0331639714780283,1.9935243566722045,2.084947882389524,1.9999999999999998,2.0015635374818475,2.0419304247225942,1.9792931595087835,2.063268847373574
284,10.181643277426032,0.0,1.0,1.7441224695174717,1.0,Planning,0,False,False,False,-0.03823395744582592,-0.347905395902436,-0.058924950788720995,-0.5361806546374027,1.319708580640489,1.0046743784066277,-0.42133379529214654,-0.07143365900398155,1.5190935564129548,0.7326297424930649,0.9526008940337523,-0.46143377694766885,-0.39454498631643586,0.3672388296997165,-0.14564235060555597,1.9856570150235449,1.976301534012674,2.0873648394388105,2.0000000000000004,2.0005838893283574,2.0433856317799655,2.027916494552454,2.010360130698439
285,10.209991402002915,0.0,1.0,1.7924750735456279,1.0,Planning,0,False,False,False,0.028348124576882832,-0.34885008790736105,0.0366254388262482,-0.4507101526074674,1.3217031477534658,1.1232037277663933,-0.4057773403949193,-0.07227601123299043,1.5265688091742062,0.7495200244757871,0.9385568077679765,-0.48583399471036853,-0.40558597287597886,0.40337846454329573,-0.15495952346830222,2.0063909694918234,2.027835228052258,2.088434836689627,2.0,2.0008166815153636,2.0439225574332407,2.051768254634498,2.0120559237168774
286,10.306876517510268,0.0,1.0,1.8899996326000896,1.0,Planning,0,False,False,False,0.09688511550735306,-0.33632316957522695,0.11505975397879514,-0.399413892898309,1.2941538873928877,1.3131999551281246,-0.4114286935893801,-0.06276793334383106,1.5150755751417988,0.7704158509483668,0.9127666814224524,-0.5161936375772923,-0.41612410052643795,0.44036986829148367,-0.17181905425878022,2.0044441633970527,2.0741127388191303,2.0907471385297907,2.0,1.999899953768696,2.0454606314285457,1.9850136504732276,2.008580400331489
287,10.400457799335031,0.0,1.0,1.8785787735095978,1.0,Planning,0,False,False,False,0.09358128182476294,-0.3372573849332795,0.10246332336554254,-0.36926735577896014,1.2000536298481992,1.3935825706035108,-0.39571768503409815,-0.047638762413011806,1.4925612978416738,0.779579526761031,0.8840807905794511,-0.4903107818860087,-0.4661923931283458,0.5149482428836331,-0.13362705253461674,1.9797281995153457,1.9685262835727764,2.093979505848213,1.9999999999999998,1.9982854505170082,2.047829076257224,1.998769770565998,1.9898263547438102
288,10.509034136197133,0.0,1.0,1.9160127407696694,1.0,Planning,0,False,False,False,0.10857633686210177,-0.3327328944868652,0.13194148522884505,-0.40433554448283454,1.1214841315994912,1.4941493825269319,-0.3934359413627302,-0.03897658690046964,1.476723939313141,0.8039593850480118,0.8620166524843977,-0.46500839249724607,-0.47818624800012993,0.549028131836786,-0.10138480289340145,2.0289375122942244,1.9528990258669527,2.096709857003521,1.9999999999999998,1.997299464219122,2.04995185808745,1.995034271022647,1.9234090128707204
289,10.57283050947477,0.0,1.0,1.889651242044503,1.0,Planning,0,False,False,False,0.06379637327763582,-0.3441366338485639,0.07133894992914953,-0.3848235382294848,1.116766620536117,1.4732398753985108,-0.3889238219526443,-0.037420879145018376,1.4682424350928913,0.8171052302606916,0.8656831668847849,-0.4776673509984603,-0.5227491913280872,0.5746574522302137,-0.116431190168094,2.0027793009419272,1.97275586992444,2.0991838354447077,2.0000000000000004,1.9964524695854338,2.051996512567682,1.9610129761561916,1.9572336402505501
290,10.707836464151486,0.0,1.0,2.009307037449267,1.0,Planning,0,False,False,False,0.13500595467671653,-0.3229139083437385,0.15967055050387433,-0.3819079064628435,1.1805745607281581,1.5723263476732887,-0.3827082849822481,-0.03281967832926091,1.4612708193675321,0.841222400126771,0.8520358791855186,-0.47734836947150117,-0.4894980234326207,0.5620563922276417,-0.11233743320607369,2.0037922371063317,1.9985976604104339,2.1007351257903877,2.0,1.9968631216334083,2.05336252864716,1.9761739295798304,1.9528882864798565
291,10.87060843935141,0.0,1.0,2.0536041247400885,1.0,Planning,0,False,False,False,0.16277197519992428,-0.30984719474204575,0.20822139007195378,-0.39636315477428785,1.1626957553309423,1.6324731495307332,-0.37425796570221953,-0.03378299560636805,1.4663729938756969,0.8718317998505665,0.8362856956346787,-0.44749746152971426,-0.48696104254933675,0.5794624395582403,-0.0778269095710784,2.0243109149086496,2.0087986462288097,2.1026443737323417,2.0,1.9964069666934179,2.055181398495023,2.0250460948269695,2.012296138060101
292,10.751065726823624,0.0,1.0,1.9188344838012776,1.0,Planning,0,False,False,False,-0.11954271252778458,-0.3289521847951453,-0.10582800580173961,-0.2912126802619134,1.137059432099457,1.5142711884405897,-0.36436722724436177,-0.020129692371462164,1.4631801010596754,0.8945650023610683,0.8719163575025676,-0.5111974870717886,-0.5926442283170609,0.6044194055961882,-0.15840070597833988,2.003912875029615,2.0329773402305307,2.104246952583219,2.0,1.995801890165364,2.0568924670117466,2.0123797531313925,2.0470773889090412
293,10.5501721747689,0.0,1.0,1.8155532534116265,1.0,Planning,0,False,False,False,-0.20089355205472406,-0.2866038742634786,-0.16201609520745958,-0.23113952690153855,1.1636883076029825,1.364693534358212,-0.36384039438859783,-0.012193734005439147,1.4427992789562816,0.9206820838617313,0.9064598978224138,-0.5556438390068704,-0.5788187848188535,0.5509002398647337,-0.21551277312566766,2.019918451453436,1.9999816137928488,2.1037614685639237,2.0,1.998922340006442,2.056439819753756,2.012314959658509,2.04205716979682
294,10.40052979381013,0.0,1.0,1.7893105988676532,1.0,Planning,0,False,False,False,-0.1496423809587705,-0.3163971520431089,-0.07885582738031315,-0.1667292316874339,1.138489811680749,1.3680118748418586,-0.3570246856104919,-0.008322132668205584,1.4318724265780398,0.934669287138353,0.899892600359285,-0.5613063979284343,-0.5636048633433187,0.5466915096348386,-0.21808446675788695,2.026455812641801,2.0141953236518964,2.102552465292924,2.0,2.0021741316080273,2.055317003533323,1.974752588544983,2.0491087093524594
295,10.116570282589858,0.0,1.0,1.7613816638389908,1.0,Planning,0,False,False,False,-0.28395951122027013,-0.20461426144710756,-0.1673598685820784,-0.12059541784195911,1.1529027019032767,1.3155714139627877,-0.3572571819446338,0.020325144180109854,1.4157918348002025,0.9307346726454679,0.9197603149872934,-0.6229777225932449,-0.5900454493355458,0.5173305016827441,-0.2978228772618497,2.011429754048238,1.974740363267517,2.1017161544869367,1.9999999999999998,2.003968617605481,2.0546121767669057,1.9953692434716195,1.9410883405386468
296,9.881481708386291,0.0,1.0,1.825934138443631,1.0,Planning,0,False,False,False,-0.23508857420356677,-0.2592939688441173,-0.14633461080679383,-0.1614016425251566,1.208062472482896,1.3517234302854273,-0.34155337066572616,0.03375194785585946,1.4107443026319628,0.9732502341187443,0.9190202748480103,-0.5856055292545996,-0.5766428542717384,0.5260890746529551,-0.25315907559446593,2.0163435556304283,2.004912267868704,2.0991434675138687,2.0,2.006689165419856,2.052468107972643,1.9983693314930995,2.0323900969673523
297,9.612953416626635,0.0,1.0,1.8872555404889197,1.0,Planning,0,False,False,False,-0.26852829175965653,-0.22448286465706183,-0.17384993367676527,-0.14533415036628836,1.4056383479531793,1.238777015918311,-0.34418803057975017,0.0420631857913218,1.4085892146127055,0.9840799169343456,0.9578413076501402,-0.6317298741041302,-0.517014858276068,0.42218298550624755,-0.3201827115454836,2.0670911807942165,1.9802567670478441,2.0968255324494804,2.0,2.0074958123587074,2.050616525016773,2.018442505133283,2.015900214118285
298,9.54121594478375,0.0,1.0,1.796666933176809,1.0,Planning,0,False,False,False,-0.0717374718428862,-0.34256931434906873,-0.034513973191590934,-0.16481523293154507,1.3686761760834296,1.151686727561298,-0.3259921224764782,0.06514787146362974,1.4006498571023436,0.9874190526471213,0.9559508964177228,-0.6472863222370583,-0.4763922869441562,0.3901318397589419,-0.3357665956864897,1.9554395664163322,2.063419962018528,2.0937611855396607,2.0,2.0084236218159317,2.0482282488014065,1.9734587420029126,2.020789251594317
299,9.666863147142827,0.0,1.0,1.8323526476079124,1.0,Planning,0,False,False,False,0.12564720235907736,-0.3266692219039576,0.0451060723593723,-0.11727094025277553,1.4318497612779657,1.136457414570603,-0.31083530088951106,0.06940642605073989,1.398490831558269,0.9997797871150087,0.9549987195239896,-0.6413816383195532,-0.43076392065231767,0.35844676222209115,-0.3292546642833214,2.026871893282696,2.0207716846923867,2.0940834968829702,1.9999999999999998,2.006352047851754,2.0484066291848944,2.008441573910199,1.999140387679582
